globalName,vietnameseName,value
Character EXP: 101,EXP Nhân Vật: 101,101
Adventure EXP: 102,EXP Mạo Hiểm: 102,102
Stardust: 103,Tinh Trần: 103,103
Tinh Huy: 104,Tinh Huy: 104,104
Companionship EXP: 105,EXP Yêu Thích: 105,105
Original Resin: 106,Nhựa Nguyên Chất: 106,106
Story Key: 107,Chìa Khóa Truyền Thuyết: 107,107
[CHS] - (test)天体推演: 108,[CHS] - (test)天体推演: 108,108
Fading Star's Might: 109,Năng Lượng Tức Tinh: 109,109
Fading Star's Essence: 110,Tức Tinh Cô Đọng: 110,110
Glimmering Essence: 111,Tinh Túy Ánh Sáng: 111,111
Warm Essence: 112,Tinh Túy Ấm Áp: 112,112
Miraculous Essence: 113,Tinh Túy Kỳ Tích: 113,113
Iron Coin: 114,Tiền Xu: 114,114
Peace Talisman: 115,Ngọc Bình An: 115,115
Festive Fever: 116,Độ Náo Nhiệt Lễ Hội: 116,116
Veneficus Sigil: 117,Bùa Kỳ Thuật: 117,117
Festive Tour Ticket: 118,Vé Dạo Chơi Lễ Hội: 118,118
Peculiar Collab Coupon: 119,Vé Trợ Giúp Kỳ Thú: 119,119
Heart of the Spring: 120,Chân Tình Nước Trong: 120,120
Trust: 121,Độ Tín Nhiệm: 121,121
Fractured Fruit Data: 122,Dữ Liệu Mảnh Quả: 122,122
Windtrace Coins: 123,Tiền Lạc Lối: 123,123
Shiny Flotsam: 124,Vật Trôi Nổi Lấp Lánh: 124,124
"Mini ""Harpastum"": 125","""Quả Cầu"" Mini: 125",125
Enigma Gear: 126,Bánh Răng Thần Bí: 126,126
Thunder Pellet: 127,Khối Sấm: 127,127
Thunder Crystal: 128,Tinh Thể Sấm Sét: 128,128
Mechanicus Mastery EXP: 129,EXP Thuật Chơi Cờ: 129,129
Wondrous Talisman: 130,Bùa Diệu Kỳ: 130,130
Moonchase Festival Festive Fever: 131,Độ Náo Nhiệt Lễ Hội của Lễ Trục Nguyệt: 131,131
Battered Shikifuda: 132,Shikifuda Tan Nát: 132,132
Damaged Replica: 133,Bản Sao Hư Hại: 133,133
Aged Token: 134,Thẻ Bài Nứt Vỡ: 134,134
Snowstrider Seal: 135,Huy Hiệu Tuyết: 135,135
Vanquisher's Emblem: 136,Huy Hiệu Chiến Thắng: 136,136
Affluence Talisman: 137,Bùa Chúc Phúc: 137,137
Immaculate Talisman: 138,Bùa Hoàn Hảo: 138,138
Conquest Talisman: 139,Bùa Hàng Ma: 139,139
Moonlit Cragstone: 140,U Uẩn Thạch: 140,140
Iridescent Flotsam: 141,Vật Trôi Nổi Óng Ánh: 141,141
Stratagem Shard: 142,Mảnh Ngọc Chiến Lược: 142,142
Creative Note: 143,Sổ Tay Chế Tác: 143,143
Whimsical Draft: 144,Phác Thảo Nhanh: 144,144
Ancient Iron Coin: 145,Tiền Sắt Cổ: 145,145
Player EXP: 146,EXP Bài Thủ: 146,146
Festive Fever: 147,Độ Náo Nhiệt Lễ Hội: 147,147
Doanh Thu: 148,Doanh Thu: 148,148
Usable Funds: 149,Vốn Khả Dụng: 149,149
Strategic Inspiration: 150,Cảm Hứng Chiến Lược: 150,150
Mushroom Currency: 151,Tiền Nấm: 151,151
Fungus Medal: 152,Huy Chương Nấm: 152,152
Shattered Phenocryst: 153,Tinh Thể Vỡ Vụn: 153,153
Courage Test Ticket: 155,Vé Thưởng Đại Hội Dũng Cảm: 155,155
Festive Fever: 156,Độ Náo Nhiệt Lễ Hội: 156,156
Primogem: 201,Nguyên Thạch: 201,201
Mora: 202,Mora: 202,202
Genesis Crystal: 203,Đá Sáng Thế: 203,203
Realm Currency: 204,Tiền Động Tiên: 204,204
[CHS] - 幸运牌币（废弃）: 205,[CHS] - 幸运牌币（废弃）: 205,205
Original Essence (Invalidated): 210,Tinh Phách Nguyên Chất: 210,210
Original Resin (Invalidated): 211,Nhựa Nguyên Chất: 211,211
Masterless Starglitter: 221,Tinh Huy Vô Chủ: 221,221
Masterless Stardust: 222,Tinh Trần Vô Chủ: 222,222
Intertwined Fate: 223,Mối Duyên Vương Vấn: 223,223
Acquaint Fate: 224,Mối Duyên Tương Ngộ: 224,224
Pyro Sigil: 301,Ấn Hỏa: 301,301
Hydro Sigil: 302,Ấn Thủy: 302,302
Dendro Sigil: 303,Ấn Thảo: 303,303
Electro Sigil: 304,Ấn Lôi: 304,304
Ấn Phong: 305,Ấn Phong: 305,305
Cryo Sigil: 306,Ấn Băng: 306,306
Ấn Nham: 307,Ấn Nham: 307,307
Inazuma Reputation EXP: 314,EXP Danh Vọng - Inazuma: 314,314
Mondstadt Reputation EXP: 315,EXP Danh Vọng - Mondstadt: 315,315
Sumeru Reputation EXP: 316,EXP Danh Vọng - Sumeru: 316,316
Liyue Reputation EXP: 317,EXP Danh Vọng - Liyue: 317,317
Memory of Eternal Flames: 911,Ký Ức Thiêu Đốt: 911,911
Memory of Running Stream: 912,Ký Ức Bôn Ba Không Nghỉ: 912,912
Memory of Flourishing Green: 913,Ký Ức Cây Cỏ Tươi Tốt: 913,913
Memory of Violet Flash: 914,Ký Ức Thương Lôi Tử Điện: 914,914
Memory of Roving Gales: 915,Ký Ức Tứ Phương Chi Phong: 915,915
Memory of Piercing Frost: 916,Ký Ức Lạnh Cóng: 916,916
Memory of Immovable Crystals: 917,Ký Ức Kết Tinh Bất Động: 917,917
Kamisato Ayaka: 1002,Kamisato Ayaka: 1002,1002
Jean: 1003,Jean: 1003,1003
Male Character: 1005,Nam Chính: 1005,1005
Lisa: 1006,Lisa: 1006,1006
Female Lead: 1007,Nữ Chính: 1007,1007
Barbara: 1014,Barbara: 1014,1014
Kaeya: 1015,Kaeya: 1015,1015
Diluc: 1016,Diluc: 1016,1016
Razor: 1020,Razor: 1020,1020
Amber: 1021,Amber: 1021,1021
Venti: 1022,Venti: 1022,1022
Xiangling: 1023,Xiangling: 1023,1023
Beidou: 1024,Beidou: 1024,1024
Xingqiu: 1025,Xingqiu: 1025,1025
Xiao: 1026,Xiao: 1026,1026
Ningguang: 1027,Ningguang: 1027,1027
Klee: 1029,Klee: 1029,1029
Zhongli: 1030,Zhongli: 1030,1030
Fischl: 1031,Fischl: 1031,1031
Bennett: 1032,Bennett: 1032,1032
Tartaglia: 1033,Tartaglia: 1033,1033
Noelle: 1034,Noelle: 1034,1034
Qiqi: 1035,Qiqi: 1035,1035
Chongyun: 1036,Chongyun: 1036,1036
Ganyu: 1037,Ganyu: 1037,1037
Albedo: 1038,Albedo: 1038,1038
Diona: 1039,Diona: 1039,1039
Mona: 1041,Mona: 1041,1041
Keqing: 1042,Keqing: 1042,1042
Sucrose: 1043,Sucrose: 1043,1043
Xinyan: 1044,Xinyan: 1044,1044
Rosaria: 1045,Rosaria: 1045,1045
Hu Tao: 1046,Hu Tao: 1046,1046
Kaedehara Kazuha: 1047,Kaedehara Kazuha: 1047,1047
Yanfei: 1048,Yanfei: 1048,1048
Yoimiya: 1049,Yoimiya: 1049,1049
Thoma: 1050,Thoma: 1050,1050
Eula: 1051,Eula: 1051,1051
Raiden Shogun: 1052,Raiden Shogun: 1052,1052
Sayu: 1053,Sayu: 1053,1053
Sangonomiya Kokomi: 1054,Sangonomiya Kokomi: 1054,1054
Gorou: 1055,Gorou: 1055,1055
Kujou Sara: 1056,Kujou Sara: 1056,1056
Arataki Itto: 1057,Arataki Itto: 1057,1057
Yae Miko: 1058,Yae Miko: 1058,1058
Shikanoin Heizou: 1059,Shikanoin Heizou: 1059,1059
Yelan: 1060,Yelan: 1060,1060
Aloy: 1062,Aloy: 1062,1062
Shenhe: 1063,Shenhe: 1063,1063
Yun Jin: 1064,Yun Jin: 1064,1064
Kuki Shinobu: 1065,Kuki Shinobu: 1065,1065
Kamisato Ayato: 1066,Kamisato Ayato: 1066,1066
Collei: 1067,Collei: 1067,1067
Dori: 1068,Dori: 1068,1068
Tighnari: 1069,Tighnari: 1069,1069
Nilou: 1070,Nilou: 1070,1070
Cyno: 1071,Cyno: 1071,1071
Candace: 1072,Candace: 1072,1072
Nahida: 1073,Nahida: 1073,1073
Layla: 1074,Layla: 1074,1074
Wanderer: 1075,Kẻ Lang Thang: 1075,1075
Faruzan: 1076,Faruzan: 1076,1076
Yaoyao: 1077,Yaoyao: 1077,1077
Alhaitham: 1078,Alhaitham: 1078,1078
Kamisato Ayaka's Stella Fortuna: 1102,Chòm Sao Của Kamisato Ayaka: 1102,1102
Jean's Stella Fortuna: 1103,Chòm Sao Của Jean: 1103,1103
Traveler (Male)'s Stella Fortuna: 1105,Chòm Sao Của Nhà Lữ Hành (Nam): 1105,1105
Lisa's Stella Fortuna: 1106,Chòm Sao Của Lisa: 1106,1106
Traveler (Female)'s Stella Fortuna: 1107,Chòm Sao Của Nhà Lữ Hành (Nữ): 1107,1107
Barbara's Stella Fortuna: 1114,Chòm Sao Của Barbara: 1114,1114
Kaeya's Stella Fortuna: 1115,Chòm Sao Của Kaeya: 1115,1115
Diluc's Stella Fortuna: 1116,Chòm Sao Của Diluc: 1116,1116
Razor's Stella Fortuna: 1120,Chòm Sao Của Razor: 1120,1120
Amber's Stella Fortuna: 1121,Chòm Sao Của Amber: 1121,1121
Venti's Stella Fortuna: 1122,Chòm Sao Của Venti: 1122,1122
Xiangling's Stella Fortuna: 1123,Chòm Sao Của Xiangling: 1123,1123
Beidou's Stella Fortuna: 1124,Chòm Sao Của Beidou: 1124,1124
Xingqiu's Stella Fortuna: 1125,Chòm Sao Của Xingqiu: 1125,1125
Xiao's Stella Fortuna: 1126,Chòm Sao Của Xiao: 1126,1126
Ningguang's Stella Fortuna: 1127,Chòm Sao Của Ningguang: 1127,1127
Klee's Stella Fortuna: 1129,Chòm Sao Của Klee: 1129,1129
Zhongli's Stella Fortuna: 1130,Chòm Sao Của Zhongli: 1130,1130
Fischl's Stella Fortuna: 1131,Chòm Sao Của Fischl: 1131,1131
Bennett's Stella Fortuna: 1132,Chòm Sao Của Bennett: 1132,1132
Tartaglia's Stella Fortuna: 1133,Chòm Sao Của Tartaglia: 1133,1133
Noelle's Stella Fortuna: 1134,Chòm Sao Của Noelle: 1134,1134
Qiqi's Stella Fortuna: 1135,Chòm Sao Của Qiqi: 1135,1135
Chongyun's Stella Fortuna: 1136,Chòm Sao Của Chongyun: 1136,1136
Ganyu's Stella Fortuna: 1137,Chòm Sao Của Ganyu: 1137,1137
Albedo's Stella Fortuna: 1138,Cung Mệnh Của Albedo: 1138,1138
Diona's Stella Fortuna: 1139,Chòm Sao Của Diona: 1139,1139
Mona's Stella Fortuna: 1141,Chòm Sao Của Mona: 1141,1141
Keqing's Stella Fortuna: 1142,Chòm Sao Của Keqing: 1142,1142
Sucrose's Stella Fortuna: 1143,Chòm Sao Của Sucrose: 1143,1143
Xinyan's Stella Fortuna: 1144,Chòm Sao Của Xinyan: 1144,1144
Rosaria's Stella Fortuna: 1145,Chòm Sao Của Rosaria: 1145,1145
Hu Tao's Stella Fortuna: 1146,Cung Mệnh của Hu Tao: 1146,1146
Kaedehara Kazuha's Stella Fortuna: 1147,Cung Mệnh Kaedehara Kazuha: 1147,1147
Yanfei's Stella Fortuna: 1148,Chòm Sao Của Yanfei: 1148,1148
Yoimiya's Stella Fortuna: 1149,Chòm Sao Của Yoimiya: 1149,1149
Thoma's Stella Fortuna: 1150,Chòm Sao Của Thoma: 1150,1150
Eula's Stella Fortuna: 1151,Chòm Sao Của Eula: 1151,1151
Raiden Shogun's Stella Fortuna: 1152,Chòm Sao Của Raiden Shogun: 1152,1152
Sayu's Stella Fortuna: 1153,Chòm Sao Của Sayu: 1153,1153
Sangonomiya Kokomi's Stella Fortuna: 1154,Chòm Sao Của Sangonomiya Kokomi: 1154,1154
Gorou's Stella Fortuna: 1155,Chòm Sao Của Gorou: 1155,1155
Kujou Sara's Stella Fortuna: 1156,Chòm Sao Của Kujou Sara: 1156,1156
Arataki Itto's Stella Fortuna: 1157,Chòm Sao Của Arataki Itto: 1157,1157
Yae Miko's Stella Fortuna: 1158,Chòm Sao Của Yae Miko: 1158,1158
Shikanoin Heizou's Stella Fortuna: 1159,Chòm Sao Của Shikanoin Heizou: 1159,1159
Yelan's Stella Fortuna: 1160,Chòm Sao Của Yelan: 1160,1160
Aloy's Stella Fortuna: 1162,Chòm Sao Của Aloy: 1162,1162
Shenhe's Stella Fortuna: 1163,Chòm Sao Của Shenhe: 1163,1163
Yun Jin's Stella Fortuna: 1164,Chòm Sao Của Yun Jin: 1164,1164
Kuki Shinobu's Stella Fortuna: 1165,Chòm Sao Của Kuki Shinobu: 1165,1165
Kamisato Ayato's Stella Fortuna: 1166,Chòm Sao Của Kamisato Ayato: 1166,1166
Collei's Stella Fortuna: 1167,Chòm Sao Của Collei: 1167,1167
Dori's Stella Fortuna: 1168,Chòm Sao Của Dori: 1168,1168
Tighnari's Stella Fortuna: 1169,Chòm Sao Của Tighnari: 1169,1169
Nilou's Stella Fortuna: 1170,Chòm Sao Của Nilou: 1170,1170
Cyno's Stella Fortuna: 1171,Chòm Sao Của Cyno: 1171,1171
Candace's Stella Fortuna: 1172,Chòm Sao Của Candace: 1172,1172
Nahida's Stella Fortuna: 1173,Chòm Sao Của Nahida: 1173,1173
Layla's Stella Fortuna: 1174,Chòm Sao Của Layla: 1174,1174
Wanderer's Stella Fortuna: 1175,Chòm Sao Của Kẻ Lang Thang: 1175,1175
Faruzan's Stella Fortuna: 1176,Chòm Sao Của Faruzan: 1176,1176
Yaoyao's Stella Fortuna: 1177,Chòm Sao Của Yaoyao: 1177,1177
Alhaitham's Stella Fortuna: 1178,Chòm Sao Của Alhaitham: 1178,1178
Gnostic Hymn - Old Notes: 1201,Nhật Ký Hành Trình Trân Châu - Khởi Đầu: 1201,1201
Blessing of the Welkin Moon - New Moon: 1202,Không Nguyệt Chúc Phúc - Trăng Non: 1202,1202
An Appellative Stroke: 1301,Bút Đổi Tên: 1301,1301
Energy Orb (Pyro): 2001,Cầu Năng Lượng Nguyên Tố (Hỏa): 2001,2001
Energy Orb (Hydro): 2002,Cầu Năng Lượng Nguyên Tố (Thủy): 2002,2002
Energy Orb (Dendro): 2003,Cầu Năng Lượng Nguyên Tố (Thảo): 2003,2003
Energy Orb (Electro): 2004,Cầu Năng Lượng Nguyên Tố (Điện): 2004,2004
Energy Orb (Anemo): 2005,Cầu Năng Lượng Nguyên Tố (Phong): 2005,2005
Energy Orb (Cryo): 2006,Cầu Năng Lượng Nguyên Tố (Băng): 2006,2006
Energy Orb (Geo): 2007,Cầu Năng Lượng Nguyên Tố (Nham): 2007,2007
Energy Orb (Any): 2008,Cầu Năng Lượng Nguyên Tố (Toàn): 2008,2008
Atomic Energy Orb (Pyro): 2017,Cầu Năng Lượng Nguyên Tử (Hỏa): 2017,2017
Atomic Energy Orb (Hydro): 2018,Cầu Năng Lượng Nguyên Tử (Thủy): 2018,2018
Atomic Energy Orb (Dendro): 2019,Cầu Năng Lượng Nguyên Tử (Thảo): 2019,2019
Atomic Energy Orb (Electro): 2020,Cầu Năng Lượng Nguyên Tử (Điện): 2020,2020
Atomic Energy Orb (Anemo): 2021,Cầu Năng Lượng Nguyên Tử (Phong): 2021,2021
Atomic Energy Orb (Cryo): 2022,Cầu Năng Lượng Nguyên Tử (Băng): 2022,2022
Atomic Energy Orb (Geo): 2023,Cầu Năng Lượng Nguyên Tử (Nham): 2023,2023
Atomic Energy Orb (All): 2024,Cầu Năng Lượng Nguyên Tử (Toàn): 2024,2024
Quest Use - Overpowered Atomic Energy Orb (All): 2025,Nhiệm Vụ-Cầu Năng Lượng Nguyên Tử Siêu Cấp (Toàn): 2025,2025
Time Shard (Minigame item): 2026,Mảnh Thời Gian (Đạo Cụ Tính Năng): 2026,2026
Time Shard (Minigame item): 2027,Mảnh Thời Gian (Đạo Cụ Tính Năng): 2027,2027
Quest Use - Atomic Energy Orb Pouch: 2028,Nhiệm Vụ - Cầu Năng Lượng Nguyên Tử Mật Nguyên Tố: 2028,2028
Quest Use - Atomic Energy Orb Pouch: 2029,Nhiệm Vụ - Cầu Năng Lượng Nguyên Tử Mật Nguyên Tố: 2029,2029
[N/A] 2942095588: 2800,[N/A] 2942095588: 2800,2800
[EN] - Test Random Treasure Chest: 3001,[EN] - Test Random Treasure Chest: 3001,3001
[EN] - Test Set Treasure Chest: 3002,[EN] - Test Set Treasure Chest: 3002,3002
[EN] - Character Card Draw: 3003,[EN] - Character Card Draw: 3003,3003
Kamisato Ayaka-cho cb1: 3004,Kamisato Ayaka-cho cb1: 3004,3004
Xiangling-cho cb1: 3005,Xiangling-cho cb1: 3005,3005
Jean-cho cb1: 3006,Jean-cho cb1: 3006,3006
Diluc-cho cb1: 3007,Diluc-cho cb1: 3007,3007
Venti-cho cb1: 3008,Venti-cho cb1: 3008,3008
[EN] - Kamisato Ayaka Test Package: 3009,[EN] - Kamisato Ayaka Test Package: 3009,3009
[EN] - Xiangling Test Package: 3010,[EN] - Xiangling Test Package: 3010,3010
[EN] - Jean Test Package: 3011,[EN] - Jean Test Package: 3011,3011
[EN] - Diluc Test Package: 3012,[EN] - Diluc Test Package: 3012,3012
[EN] - Venti Test Package: 3013,[EN] - Venti Test Package: 3013,3013
[EN] - Amber Test Package: 3014,[EN] - Amber Test Package: 3014,3014
[EN] - Kaeya Test Package: 3015,[EN] - Kaeya Test Package: 3015,3015
[EN] - Lisa Test Package: 3016,[EN] - Lisa Test Package: 3016,3016
[EN] - Barbara Test Package: 3017,[EN] - Barbara Test Package: 3017,3017
Barbara-cho cb1: 3018,Barbara-cho cb1: 3018,3018
Razor-cho cb1: 3019,Razor-cho cb1: 3019,3019
[EN] - Razor Test Package: 3020,[EN] - Razor Test Package: 3020,3020
Kaeya: 3021,Kaeya: 3021,3021
Lisa: 3022,Lisa: 3022,3022
[CHS] - (test)穿模测试: 10002,[CHS] - (test)穿模测试: 10002,10002
[CHS] - (test)穿模测试: 10003,[CHS] - (test)穿模测试: 10003,10003
[CHS] - (test)穿模测试: 10004,[CHS] - (test)穿模测试: 10004,10004
[CHS] - (test)穿模测试: 10005,[CHS] - (test)穿模测试: 10005,10005
[CHS] - (test)穿模测试: 10006,[CHS] - (test)穿模测试: 10006,10006
[CHS] - (test)穿模测试: 10008,[CHS] - (test)穿模测试: 10008,10008
Dull Blade: 11101,Vô Phong Kiếm: 11101,11101
Silver Sword: 11201,Kiếm Bạc: 11201,11201
Cool Steel: 11301,Lãnh Nhẫn: 11301,11301
Harbinger of Dawn: 11302,Thần Kiếm Lê Minh: 11302,11302
Traveler's Handy Sword: 11303,Kiếm Lữ Hành: 11303,11303
Dark Iron Sword: 11304,Kiếm Sắt Đen: 11304,11304
Fillet Blade: 11305,Đao Săn Cá: 11305,11305
Skyrider Sword: 11306,Kiếm Phi Thiên: 11306,11306
Favonius Sword: 11401,Tây Phong Kiếm: 11401,11401
The Flute: 11402,Kiếm Sáo: 11402,11402
Sacrificial Sword: 11403,Kiếm Tế Lễ: 11403,11403
Royal Longsword: 11404,Trường Kiếm Tông Thất: 11404,11404
Lion's Roar: 11405,Tiếng Hét Của Rồng: 11405,11405
Prototype Rancour: 11406,Mẫu Trảm Nham: 11406,11406
Iron Sting: 11407,Thiết Phong Kích: 11407,11407
Blackcliff Longsword: 11408,Hắc Nham Trường Kiếm: 11408,11408
The Black Sword: 11409,Kiếm Đen: 11409,11409
The Alley Flash: 11410,Tia Sáng Nơi Hẻm Tối: 11410,11410
[N/A] 1135130229: 11411,[N/A] 1135130229: 11411,11411
Sword of Descension: 11412,Kiếm Giáng Lâm: 11412,11412
Festering Desire: 11413,Răng Nanh Rỉ Sét: 11413,11413
Amenoma Kageuchi: 11414,Đoản Đao Amenoma: 11414,11414
Con Thoi Chu Sa: 11415,Con Thoi Chu Sa: 11415,11415
Kagotsurube Isshin: 11416,Kagotsurube Isshin: 11416,11416
Sapwood Blade: 11417,Kiếm Gỗ: 11417,11417
Xiphos' Moonlight: 11418,Ánh Trăng Xiphos: 11418,11418
Prized Isshin Blade: 11419,"Danh Đao ""Trường Phái Isshin"": 11419",11419
Prized Isshin Blade: 11420,"Danh Đao ""Trường Phái Isshin"": 11420",11420
Prized Isshin Blade: 11421,"Danh Đao ""Trường Phái Isshin"": 11421",11421
Toukabou Shigure: 11422,Toukabou Shigure: 11422,11422
Aquila Favonia: 11501,Phong Ưng Kiếm: 11501,11501
Skyward Blade: 11502,Thiên Không Kiếm: 11502,11502
Freedom-Sworn: 11503,Lời Thề Tự Do Cổ Xưa: 11503,11503
Summit Shaper: 11504,Kiếm Chước Phong: 11504,11504
Primordial Jade Cutter: 11505,Bàn Nham Kết Lục: 11505,11505
Primordial Jade Cutter: 11506,Nham Kết Lục: 11506,11506
One Side: 11507,Hư Vô: 11507,11507
[N/A] 1664039091: 11508,[N/A] 1664039091: 11508,11508
Mistsplitter Reforged: 11509,Ánh Sáng Đêm Sương Mù: 11509,11509
Haran Geppaku Futsu: 11510,Haran Geppaku Futsu: 11510,11510
Key of Khaj-Nisut: 11511,Chìa Khóa Khaj-Nisut: 11511,11511
Light of Foliar Incision: 11512,Ánh Lá Phán Quyết: 11512,11512
Waster Greatsword: 12101,Kiếm Huấn Luyện: 12101,12101
Old Merc's Pal: 12201,Kiếm Dụng Binh: 12201,12201
Ferrous Shadow: 12301,Kiếm Thiết Ảnh: 12301,12301
Bloodtainted Greatsword: 12302,Kiếm Huyết Rồng: 12302,12302
White Iron Greatsword: 12303,Kiếm Bạch Thiết: 12303,12303
Quartz: 12304,Kiếm Thạch Anh: 12304,12304
Debate Club: 12305,Gậy Thu Phục: 12305,12305
Skyrider Greatsword: 12306,Đại Kiếm Phi Thiên: 12306,12306
Favonius Greatsword: 12401,Đại Kiếm Tây Phong: 12401,12401
The Bell: 12402,Kiếm Chuông: 12402,12402
Sacrificial Greatsword: 12403,Đại Kiếm Tế Lễ: 12403,12403
Royal Greatsword: 12404,Đại Kiếm Tông Thất: 12404,12404
Rainslasher: 12405,Vũ Tài: 12405,12405
Prototype Archaic: 12406,Mẫu Cổ Hoa: 12406,12406
Whiteblind: 12407,Kiếm Bạch Ảnh: 12407,12407
Blackcliff Slasher: 12408,Hắc Nham Trảm Đao: 12408,12408
Serpent Spine: 12409,Kiếm Li Cốt: 12409,12409
Lithic Blade: 12410,Thiên Nham Cổ Kiếm: 12410,12410
Snow-Tombed Starsilver: 12411,Tuyết Vùi Tinh Ngân: 12411,12411
Luxurious Sea-Lord: 12412,Vua Biển Hàng Hiệu: 12412,12412
Katsuragikiri Nagamasa: 12414,Trường Đao Katsuragi: 12414,12414
Makhaira Aquamarine: 12415,Sắc Nước Makhaira: 12415,12415
Akuoumaru: 12416,Akuoumaru: 12416,12416
Forest Regalia: 12417,Vương Khí Rừng Sâu: 12417,12417
Skyward Pride: 12501,Thiên Không Kiêu Ngạo: 12501,12501
Wolf's Gravestone: 12502,Đường Cùng Của Sói: 12502,12502
Song of Broken Pines: 12503,Tiếng Gió Trong Rừng Thông: 12503,12503
The Unforged: 12504,Kiếm Vô Công: 12504,12504
Primordial Jade Greatsword: 12505,Đề Ách Ngư: 12505,12505
The Other Side: 12506,Dị Sử: 12506,12506
[N/A] 759708203: 12508,[N/A] 759708203: 12508,12508
[N/A] 2507837467: 12509,[N/A] 2507837467: 12509,12509
Redhorn Stonethresher: 12510,Xích Giác Phá Thạch Đao: 12510,12510
Beginner's Protector: 13101,Thương Tân Thủ: 13101,13101
Iron Point: 13201,Thương Sắt: 13201,13201
White Tassel: 13301,Thương Bạch Anh: 13301,13301
Halberd: 13302,Thuẫn Kích: 13302,13302
Black Tassel: 13303,Hắc Anh Thương: 13303,13303
The Flagstaff: 13304,Cột Cờ: 13304,13304
Dragon's Bane: 13401,Tai Ương Của Rồng: 13401,13401
Prototype Starglitter: 13402,Mẫu Tinh Liêm: 13402,13402
Crescent Pike: 13403,Lưu Nguyệt Châm: 13403,13403
Blackcliff Pole: 13404,Thương Hắc Nham: 13404,13404
Deathmatch: 13405,Thương Quyết Chiến: 13405,13405
Lithic Spear: 13406,Thương Thiên Nham: 13406,13406
Favonius Lance: 13407,Thương Tây Phong: 13407,13407
Royal Spear: 13408,Thương Săn Tông Thất: 13408,13408
Dragonspine Spear: 13409,Thương Long Tích: 13409,13409
Kitain Cross Spear: 13414,Giáo Thập Tự Kitain: 13414,13414
"""The Catch"": 13415",Lao Xiên Cá: 13415,13415
Wavebreaker's Fin: 13416,Vây Cá Chẻ Sóng: 13416,13416
Moonpiercer: 13417,Quán Nguyệt Thương: 13417,13417
Missive Windspear: 13419,Mũi Nhọn Của Gió: 13419,13419
Staff of Homa: 13501,Trượng Hộ Ma: 13501,13501
Skyward Spine: 13502,Xương Sống Thiên Không: 13502,13502
[N/A] 469555475: 13503,[N/A] 469555475: 13503,13503
Vortex Vanquisher: 13504,Giáo Nịnh Thần: 13504,13504
Primordial Jade Winged-Spear: 13505,Hòa Phác Diên: 13505,13505
Deicide: 13506,Sát Chủ: 13506,13506
Calamity Queller: 13507,Hủy Diệt: 13507,13507
Engulfing Lightning: 13509,Đoạn Thảo Trường Đao: 13509,13509
Staff of the Scarlet Sands: 13511,Quyền Trượng Cát Đỏ: 13511,13511
Apprentice's Notes: 14101,Nhật Ký Học Sinh: 14101,14101
Pocket Grimoire: 14201,Số Tay Ma Pháp: 14201,14201
Magic Guide: 14301,Tóm Tắt Ma Pháp: 14301,14301
Thrilling Tales of Dragon Slayers: 14302,Câu Chuyện Diệt Rồng: 14302,14302
Otherworldly Story: 14303,Tiểu Thuyết Dị Giới: 14303,14303
Emerald Orb: 14304,Quả Cầu Ngọc: 14304,14304
Twin Nephrite: 14305,Ngọc Sinh Đôi: 14305,14305
Amber Bead: 14306,Hổ Phách Nguyệt: 14306,14306
Favonius Codex: 14401,Tây Phong Mật Điển: 14401,14401
The Widsith: 14402,Chương Nhạc Lang Thang: 14402,14402
Sacrificial Fragments: 14403,Mảnh Chương Tế Lễ: 14403,14403
Royal Grimoire: 14404,Mật Pháp Tông Thất: 14404,14404
Solar Pearl: 14405,Nhật Nguyệt Hạp: 14405,14405
Prototype Amber: 14406,Mẫu Kim Phách: 14406,14406
Mappa Mare: 14407,Hải Đồ Vạn Quốc: 14407,14407
Blackcliff Agate: 14408,Hắc Nham Phỉ Ngọc: 14408,14408
Eye of Perception: 14409,Chiêu Tâm: 14409,14409
Wine and Song: 14410,Rượu Và Thơ Nơi Hẻm Tối: 14410,14410
[N/A] 415851979: 14411,[N/A] 415851979: 14411,14411
Frostbearer: 14412,Trái Chịu Lạnh: 14412,14412
Dodoco Tales: 14413,Tuyển tập các câu chuyện về Dodoco: 14413,14413
Hakushin Ring: 14414,Vòng Bạch Thần: 14414,14414
Oathsworn Eye: 14415,Con Ngươi Tuyên Thệ: 14415,14415
Wandering Evenstar: 14416,Sao Đêm Rong Ruổi: 14416,14416
Fruit of Fulfillment: 14417,Quả Mọng: 14417,14417
Skyward Atlas: 14501,Quyển Thiên Không: 14501,14501
Lost Prayer to the Sacred Winds: 14502,Điển Tích Tây Phong: 14502,14502
Lost Ballade: 14503,Bài Thơ Kể Chuyện: 14503,14503
Memory of Dust: 14504,Khóa Trần Thế: 14504,14504
Primordial Jade Regalia: 14505,Ngọc Định Thổ: 14505,14505
Everlasting Moonglow: 14506,Vầng Trăng Bất Diệt: 14506,14506
[N/A] 4123950051: 14508,[N/A] 4123950051: 14508,14508
Kagura's Verity: 14509,Chân Ý Của Kagura: 14509,14509
A Thousand Floating Dreams: 14511,Cõi Mộng Ngàn Đêm: 14511,14511
Tulaytullah's Remembrance: 14512,Hồi Ức Tulaytullah: 14512,14512
Hunter's Bow: 15101,Cung Săn Bắn: 15101,15101
Seasoned Hunter's Bow: 15201,Cung Săn Bắn Tôi Luyện: 15201,15201
Raven Bow: 15301,Cung Lông Quạ: 15301,15301
Sharpshooter's Oath: 15302,Lời Thề Xạ Thủ Thần: 15302,15302
Recurve Bow: 15303,Cung Phản Khúc: 15303,15303
Slingshot: 15304,Nỏ Kéo: 15304,15304
Messenger: 15305,Tín Sứ: 15305,15305
Ebony Bow: 15306,Cung Hắc Đàn: 15306,15306
Favonius Warbow: 15401,Cung Tây Phong: 15401,15401
The Stringless: 15402,Tuyệt Huyền: 15402,15402
Sacrificial Bow: 15403,Cung Tế Lễ: 15403,15403
Royal Bow: 15404,Trường Cung Tông Thất: 15404,15404
Rust: 15405,Cung Rỉ Sét: 15405,15405
Prototype Crescent: 15406,Mẫu Đạm Nguyệt: 15406,15406
Compound Bow: 15407,Cung Thép: 15407,15407
Blackcliff Warbow: 15408,Cung Hắc Nham: 15408,15408
The Viridescent Hunt: 15409,Cung Sắc Xanh: 15409,15409
Alley Hunter: 15410,Thợ Săn Hẻm Tối: 15410,15410
Fading Twilight: 15411,Lạc Hà: 15411,15411
Mitternachts Waltz: 15412,Điệu Van Ban Đêm: 15412,15412
Windblume Ode: 15413,Bài Ca Hoa Gió: 15413,15413
Hamayumi: 15414,Cung Trừ Ma: 15414,15414
Predator: 15415,Kẻ Săn Mồi: 15415,15415
Mouun's Moon: 15416,Ánh Trăng Mouun: 15416,15416
King's Squire: 15417,Cận Vệ Nhà Vua: 15417,15417
End of the Line: 15418,Sông Cạn: 15418,15418
Skyward Harp: 15501,Cánh Thiên Không: 15501,15501
Cung Amos: 15502,Cung Amos: 15502,15502
Elegy for the End: 15503,Tiếng Thở Dài Vô Tận: 15503,15503
Kunwu's Wyrmbane: 15504,Rồng Kunwu: 15504,15504
Primordial Jade Vista: 15505,Cung Huyền Lê: 15505,15505
Mirror Breaker: 15506,Gương Vỡ: 15506,15506
Polar Star: 15507,Ngôi Sao Cực Đông: 15507,15507
Aqua Simulacra: 15508,Nhược Thủy: 15508,15508
Thundering Pulse: 15509,Sấm Sét Rung Động: 15509,15509
Hunter's Path: 15511,Con Đường Thợ Săn: 15511,15511
[CHS] - (test)竿测试: 20001,(test) Test cần câu: 20001,20001
Initiate's Feather: 20002,Lông Vũ Sơ Cấp: 20002,20002
Initiate's Flower: 20004,Hoa Sơ Cấp: 20004,20004
Lamp of the Lost: 20412,Đèn Của Kẻ Lạc Lối: 20412,20412
Lamp of the Lost: 20413,Đèn Của Kẻ Lạc Lối: 20413,20413
Scholar of Vines: 20422,Trí Giả Của Rừng Xanh: 20422,20422
Scholar of Vines: 20423,Trí Giả Của Rừng Xanh: 20423,20423
Laurel Coronet: 20432,Vương Miện Của Nguyệt Quế: 20432,20432
Laurel Coronet: 20433,Vương Miện Của Nguyệt Quế: 20433,20433
Labyrinth Wayfarer: 20442,Lữ Khách Của Mê Cung: 20442,20442
Labyrinth Wayfarer: 20443,Lữ Khách Của Mê Cung: 20443,20443
A Time of Insight: 20452,Thời Hạn Của Hiền Trí: 20452,20452
A Time of Insight: 20453,Thời Hạn Của Hiền Trí: 20453,20453
Lamp of the Lost: 20513,Đèn Của Kẻ Lạc Lối: 20513,20513
Lamp of the Lost: 20514,Đèn Của Kẻ Lạc Lối: 20514,20514
Scholar of Vines: 20523,Trí Giả Của Rừng Xanh: 20523,20523
Scholar of Vines: 20524,Trí Giả Của Rừng Xanh: 20524,20524
Laurel Coronet: 20533,Vương Miện Của Nguyệt Quế: 20533,20533
Laurel Coronet: 20534,Vương Miện Của Nguyệt Quế: 20534,20534
Labyrinth Wayfarer: 20543,Lữ Khách Của Mê Cung: 20543,20543
Labyrinth Wayfarer: 20544,Lữ Khách Của Mê Cung: 20544,20544
A Time of Insight: 20553,Thời Hạn Của Hiền Trí: 20553,20553
A Time of Insight: 20554,Thời Hạn Của Hiền Trí: 20554,20554
Honeyed Final Feast: 21412,Bữa Cuối Ngọt Ngào: 21412,21412
Honeyed Final Feast: 21413,Bữa Cuối Ngọt Ngào: 21413,21413
Feather of Judgment: 21422,Lông Vũ Phán Quyết: 21422,21422
Feather of Judgment: 21423,Lông Vũ Phán Quyết: 21423,21423
Shadow of the Sand King: 21432,Hình Chiếu Vua Cát: 21432,21432
Shadow of the Sand King: 21433,Hình Chiếu Vua Cát: 21433,21433
Dreaming Steelbloom: 21442,Hoa Thép Trong Mộng: 21442,21442
Dreaming Steelbloom: 21443,Hoa Thép Trong Mộng: 21443,21443
The Sunken Years: 21452,Năm Tháng Vàng Son: 21452,21452
The Sunken Years: 21453,Năm Tháng Vàng Son: 21453,21453
Honeyed Final Feast: 21513,Bữa Cuối Ngọt Ngào: 21513,21513
Honeyed Final Feast: 21514,Bữa Cuối Ngọt Ngào: 21514,21514
Feather of Judgment: 21523,Lông Vũ Phán Quyết: 21523,21523
Feather of Judgment: 21524,Lông Vũ Phán Quyết: 21524,21524
Shadow of the Sand King: 21533,Hình Chiếu Vua Cát: 21533,21533
Shadow of the Sand King: 21534,Hình Chiếu Vua Cát: 21534,21534
Dreaming Steelbloom: 21543,Hoa Thép Trong Mộng: 21543,21543
Dreaming Steelbloom: 21544,Hoa Thép Trong Mộng: 21544,21544
The Sunken Years: 21553,Năm Tháng Vàng Son: 21553,21553
The Sunken Years: 21554,Năm Tháng Vàng Son: 21554,21554
[CHS] - 移动速度百分比: 23300,[CHS] - 移动速度百分比: 23300,23300
[CHS] - 火元素伤害加成: 23301,[CHS] - 火元素伤害加成: 23301,23301
[CHS] - 电元素伤害加成: 23302,[CHS] - 电元素伤害加成: 23302,23302
[CHS] - 水元素伤害加成: 23303,[CHS] - 水元素伤害加成: 23303,23303
[CHS] - 草元素伤害加成: 23304,[CHS] - 草元素伤害加成: 23304,23304
[CHS] - 风元素伤害加成: 23305,[CHS] - 风元素伤害加成: 23305,23305
[CHS] - 岩元素伤害加成: 23306,[CHS] - 岩元素伤害加成: 23306,23306
[CHS] - 冰元素伤害加成: 23307,[CHS] - 冰元素伤害加成: 23307,23307
[CHS] - 物理伤害加成: 23308,[CHS] - 物理伤害加成: 23308,23308
[CHS] - 火元素抗性: 23309,[CHS] - 火元素抗性: 23309,23309
[CHS] - 电元素抗性: 23310,[CHS] - 电元素抗性: 23310,23310
[CHS] - 水元素抗性: 23311,[CHS] - 水元素抗性: 23311,23311
[CHS] - 草元素抗性: 23312,[CHS] - 草元素抗性: 23312,23312
[CHS] - 风元素抗性: 23313,[CHS] - 风元素抗性: 23313,23313
[CHS] - 岩元素抗性: 23314,[CHS] - 岩元素抗性: 23314,23314
[CHS] - 冰元素抗性: 23315,[CHS] - 冰元素抗性: 23315,23315
[CHS] - 物理抗性: 23316,[CHS] - 物理抗性: 23316,23316
[CHS] - 伤害增加: 23317,[CHS] - 伤害增加: 23317,23317
[CHS] - 伤害减免: 23318,[CHS] - 伤害减免: 23318,23318
[CHS] - 暴击率: 23329,[CHS] - 暴击率: 23329,23329
[CHS] - 精通: 23330,[CHS] - 精通: 23330,23330
[CHS] - 负防御: 23331,[CHS] - 负防御: 23331,23331
[CHS] - 负精通: 23332,[CHS] - 负精通: 23332,23332
[CHS] - 测试之沙2: 23334,[CHS] - 测试之沙2: 23334,23334
[CHS] - 暴击率: 23335,[CHS] - 暴击率: 23335,23335
[CHS] - 暴击伤害: 23336,[CHS] - 暴击伤害: 23336,23336
[CHS] - 护盾强效: 23337,[CHS] - 护盾强效: 23337,23337
[CHS] - 治疗加成: 23338,[CHS] - 治疗加成: 23338,23338
[CHS] - 受治疗加成: 23339,[CHS] - 受治疗加成: 23339,23339
[CHS] - 冷却缩减: 23340,[CHS] - 冷却缩减: 23340,23340
Bloodstained Chevalier's Goblet: 23341,Ly Kỵ Sĩ Nhuốm Máu: 23341,23341
Bloodstained Black Plume: 23342,Lông Vũ Đen Nhuốm Máu: 23342,23342
Bloodstained Iron Mask: 23343,Mặt Nạ Sắt Nhuốm Máu: 23343,23343
Bloodstained Flower of Iron: 23344,Trái Tim Sắt Nhuốm Máu: 23344,23344
Bloodstained Final Hour: 23345,Đồng Hồ Kỵ Sĩ Nhuốm Máu: 23345,23345
Bloodstained Chevalier's Goblet: 23346,Ly Kỵ Sĩ Nhuốm Máu: 23346,23346
Bloodstained Black Plume: 23347,Lông Vũ Đen Nhuốm Máu: 23347,23347
Bloodstained Iron Mask: 23348,Mặt Nạ Sắt Nhuốm Máu: 23348,23348
Bloodstained Flower of Iron: 23349,Trái Tim Sắt Nhuốm Máu: 23349,23349
Bloodstained Final Hour: 23350,Đồng Hồ Kỵ Sĩ Nhuốm Máu: 23350,23350
Royal Silver Urn: 23351,Bình Bạc Tông Thất: 23351,23351
Royal Plume: 23352,Lông Vũ Tông Thất: 23352,23352
Royal Masque: 23353,Mặt Nạ Tông Thất: 23353,23353
Royal Flora: 23354,Hoa Tông Thất: 23354,23354
Royal Pocket Watch: 23355,Đồng Hồ Tông Thất: 23355,23355
Royal Silver Urn: 23356,Bình Bạc Tông Thất: 23356,23356
Royal Plume: 23357,Lông Vũ Tông Thất: 23357,23357
Royal Masque: 23358,Mặt Nạ Tông Thất: 23358,23358
Royal Flora: 23359,Hoa Tông Thất: 23359,23359
Royal Pocket Watch: 23360,Đồng Hồ Tông Thất: 23360,23360
Witch's Heart Flames: 23361,Trái Tim Lửa Của Ma Nữ: 23361,23361
Witch's Ever-Burning Plume: 23362,Lông Vũ Thiêu Đốt Của Ma Nữ: 23362,23362
Witch's Scorching Hat: 23363,Nón Ma Nữ Lo Lắng: 23363,23363
Witch's Flower of Blaze: 23364,Hoa Lửa Của Ma Nữ: 23364,23364
Witch's End Time: 23365,Thời Gian Ma Nữ Bùng Nổ: 23365,23365
Witch's Heart Flames: 23366,Trái Tim Lửa Của Ma Nữ: 23366,23366
Witch's Ever-Burning Plume: 23367,Lông Vũ Thiêu Đốt Của Ma Nữ: 23367,23367
Witch's Scorching Hat: 23368,Nón Ma Nữ Lo Lắng: 23368,23368
Witch's Flower of Blaze: 23369,Hoa Lửa Của Ma Nữ: 23369,23369
Witch's End Time: 23370,Thời Gian Ma Nữ Bùng Nổ: 23370,23370
Omen of Thunderstorm: 23371,Sấm Sét Hung Ác: 23371,23371
Survivor of Catastrophe: 23372,Tai Họa Của Sét: 23372,23372
Thunder Summoner's Crown: 23373,Vương Miện Gọi Sét: 23373,23373
Thunderbird's Mercy: 23374,Sự Thương Hại Của Lôi Điểu: 23374,23374
Hourglass of Thunder: 23375,Thời Gian Lôi Đình: 23375,23375
Omen of Thunderstorm: 23376,Sấm Sét Hung Ác: 23376,23376
Survivor of Catastrophe: 23377,Tai Họa Của Sét: 23377,23377
Thunder Summoner's Crown: 23378,Vương Miện Gọi Sét: 23378,23378
Thunderbird's Mercy: 23379,Sự Thương Hại Của Lôi Điểu: 23379,23379
Hourglass of Thunder: 23380,Thời Gian Lôi Đình: 23380,23380
Goblet of Aquilo: 23381,Ly Bắc Phong: 23381,23381
Plume of Snow: 23382,Lông Vũ Dưới Tuyết: 23382,23382
Crown of Glacier: 23383,Nón Băng Giá: 23383,23383
Heart of Frost: 23384,Trái Tim Băng Giá: 23384,23384
Glacial Sand: 23385,Băng Đọng Thành Cát: 23385,23385
Goblet of Aquilo: 23386,Ly Bắc Phong: 23386,23386
Plume of Snow: 23387,Lông Vũ Dưới Tuyết: 23387,23387
Crown of Glacier: 23388,Nón Băng Giá: 23388,23388
Heart of Frost: 23389,Trái Tim Băng Giá: 23389,23389
Glacial Sand: 23390,Băng Đọng Thành Cát: 23390,23390
Wanderer's String-Kettle: 23391,Bình Nước Nhà Thơ: 23391,23391
Bard's Arrow Feather: 23392,Mũi Tên Nhạc Sĩ: 23392,23392
Conductor's Top Hat: 23393,Nón Chỉ Huy: 23393,23393
Troupe's Dawnlight: 23394,Ánh Sáng Của Ban Nhạc: 23394,23394
Concert's Final Hour: 23395,Thời Gian Bế Mạc: 23395,23395
Wanderer's String-Kettle: 23396,Bình Nước Nhà Thơ: 23396,23396
Bard's Arrow Feather: 23397,Mũi Tên Nhạc Sĩ: 23397,23397
Conductor's Top Hat: 23398,Nón Chỉ Huy: 23398,23398
Troupe's Dawnlight: 23399,Ánh Sáng Của Ban Nhạc: 23399,23399
Concert's Final Hour: 23400,Thời Gian Bế Mạc: 23400,23400
Viridescent Venerer's Vessel: 23401,Vật Đựng Của Thợ Săn: 23401,23401
Viridescent Arrow Feather: 23402,Lông Vũ Xanh Của Thợ Săn: 23402,23402
Viridescent Venerer's Diadem: 23403,Nón Thợ Săn: 23403,23403
In Remembrance of Viridescent Fields: 23404,Hoa Ký Ức Đồng Xanh: 23404,23404
Viridescent Venerer's Determination: 23405,Thời Gian Của Thợ Săn: 23405,23405
Viridescent Venerer's Vessel: 23406,Vật Đựng Của Thợ Săn: 23406,23406
Viridescent Arrow Feather: 23407,Lông Vũ Xanh Của Thợ Săn: 23407,23407
Viridescent Venerer's Diadem: 23408,Nón Thợ Săn: 23408,23408
Viridescent Venerer's Determination: 23409,Thời Gian Của Thợ Săn: 23409,23409
Viridescent Venerer's Determination: 23410,Thời Gian Của Thợ Săn: 23410,23410
Gladiator's Intoxication: 23411,Giác Đấu Sĩ Uống Say: 23411,23411
Gladiator's Destiny: 23412,Giác Đấu Sĩ Trở Về: 23412,23412
Gladiator's Triumphus: 23413,Nón Giác Đấu Sĩ: 23413,23413
Gladiator's Nostalgia: 23414,Nỗi Nhớ Của Giác Đấu Sĩ: 23414,23414
Gladiator's Longing: 23415,Hy Vọng Của Giác Đấu Sĩ: 23415,23415
Gladiator's Intoxication: 23416,Giác Đấu Sĩ Uống Say: 23416,23416
Gladiator's Destiny: 23417,Giác Đấu Sĩ Trở Về: 23417,23417
Gladiator's Triumphus: 23418,Nón Giác Đấu Sĩ: 23418,23418
Gladiator's Nostalgia: 23419,Nỗi Nhớ Của Giác Đấu Sĩ: 23419,23419
Gladiator's Longing: 23420,Hy Vọng Của Giác Đấu Sĩ: 23420,23420
Maiden's Fleeting Leisure: 23421,Thời Gian Rảnh Rỗi Của Thiếu Nữ: 23421,23421
Maiden's Heart-Stricken Infatuation: 23422,Ý Nghĩ Của Thiếu Nữ: 23422,23422
Maiden's Fading Beauty: 23423,Nhan Sắc Của Thiếu Nữ: 23423,23423
Maiden's Distant Love: 23424,Trái Tim Thiếu Nữ Phương Xa: 23424,23424
Maiden's Passing Youth: 23425,Thời Gian Chờ Đợi Của Thiếu Nữ: 23425,23425
Maiden's Fleeting Leisure: 23426,Thời Gian Rảnh Rỗi Của Thiếu Nữ: 23426,23426
Maiden's Heart-Stricken Infatuation: 23427,Ý Nghĩ Của Thiếu Nữ: 23427,23427
Maiden's Fading Beauty: 23428,Nhan Sắc Của Thiếu Nữ: 23428,23428
Maiden's Distant Love: 23429,Trái Tim Thiếu Nữ Phương Xa: 23429,23429
Maiden's Passing Youth: 23430,Thời Gian Chờ Đợi Của Thiếu Nữ: 23430,23430
Lavawalker's Epiphany: 23431,Sự Tỉnh Ngộ Của Người Vượt Lửa: 23431,23431
Lavawalker's Salvation: 23432,Sự Giải Thoát Của Người Vượt Lửa: 23432,23432
Lavawalker's Wisdom: 23433,Trí Tuệ Người Vượt Lửa: 23433,23433
Lavawalker's Resolution: 23434,Sự Từ Chối Của Người Vượt Lửa: 23434,23434
Lavawalker's Torment: 23435,Sự Dằn Vặt Của Người Vượt Lửa: 23435,23435
Lavawalker's Epiphany: 23436,Sự Tỉnh Ngộ Của Người Vượt Lửa: 23436,23436
Lavawalker's Salvation: 23437,Sự Giải Thoát Của Người Vượt Lửa: 23437,23437
Lavawalker's Wisdom: 23438,Trí Tuệ Người Vượt Lửa: 23438,23438
Lavawalker's Resolution: 23439,Sự Từ Chối Của Người Vượt Lửa: 23439,23439
Lavawalker's Torment: 23440,Sự Dằn Vặt Của Người Vượt Lửa: 23440,23440
Thundersoother's Goblet: 23441,Ly Bình Lôi: 23441,23441
Thundersoother's Plume: 23442,Lông Vũ Bình Lôi: 23442,23442
Thundersoother's Diadem: 23443,Nón Bình Lôi: 23443,23443
Thundersoother's Heart: 23444,Trái Tim Bình Lôi: 23444,23444
Hour of Soothing Thunder: 23445,Khoảnh Khắc Bình Lôi: 23445,23445
Thundersoother's Goblet: 23446,Ly Bình Lôi: 23446,23446
Thundersoother's Plume: 23447,Lông Vũ Bình Lôi: 23447,23447
Thundersoother's Diadem: 23448,Nón Bình Lôi: 23448,23448
Thundersoother's Heart: 23449,Trái Tim Bình Lôi: 23449,23449
Hour of Soothing Thunder: 23450,Khoảnh Khắc Bình Lôi: 23450,23450
Frost-Weaved Dignity: 23451,Niềm Kiêu Hãnh Băng Giá: 23451,23451
Icebreaker's Resolve: 23452,Chấp Niệm Phá Băng Mà Tiến Bước: 23452,23452
Broken Rime's Echo: 23453,Tiếng Vọng Băng Vỡ Tuyết Rơi: 23453,23453
Snowswept Memory: 23454,Nỗi Nhớ Trải Qua Băng Tuyết: 23454,23454
Frozen Homeland's Demise: 23455,Hồi Kết Của Miền Quê Băng Giá: 23455,23455
Frost-Weaved Dignity: 23456,Niềm Kiêu Hãnh Băng Giá: 23456,23456
Icebreaker's Resolve: 23457,Chấp Niệm Phá Băng Mà Tiến Bước: 23457,23457
Broken Rime's Echo: 23458,Tiếng Vọng Băng Vỡ Tuyết Rơi: 23458,23458
Snowswept Memory: 23459,Nỗi Nhớ Trải Qua Băng Tuyết: 23459,23459
Frozen Homeland's Demise: 23460,Hồi Kết Của Miền Quê Băng Giá: 23460,23460
Maiden's Fleeting Leisure: 23461,Thời Gian Rảnh Rỗi Của Thiếu Nữ: 23461,23461
Maiden's Heart-Stricken Infatuation: 23462,Ý Nghĩ Của Thiếu Nữ: 23462,23462
Maiden's Fading Beauty: 23463,Nhan Sắc Của Thiếu Nữ: 23463,23463
Maiden's Distant Love: 23464,Trái Tim Thiếu Nữ Phương Xa: 23464,23464
Maiden's Passing Youth: 23465,Thời Gian Chờ Đợi Của Thiếu Nữ: 23465,23465
Maiden's Fleeting Leisure: 23466,Thời Gian Rảnh Rỗi Của Thiếu Nữ: 23466,23466
Maiden's Heart-Stricken Infatuation: 23467,Ý Nghĩ Của Thiếu Nữ: 23467,23467
Maiden's Fading Beauty: 23468,Nhan Sắc Của Thiếu Nữ: 23468,23468
Maiden's Distant Love: 23469,Trái Tim Thiếu Nữ Phương Xa: 23469,23469
Maiden's Passing Youth: 23470,Thời Gian Chờ Đợi Của Thiếu Nữ: 23470,23470
Maiden's Fleeting Leisure: 23471,Thời Gian Rảnh Rỗi Của Thiếu Nữ: 23471,23471
Maiden's Heart-Stricken Infatuation: 23472,Ý Nghĩ Của Thiếu Nữ: 23472,23472
Maiden's Fading Beauty: 23473,Nhan Sắc Của Thiếu Nữ: 23473,23473
Maiden's Distant Love: 23474,Trái Tim Thiếu Nữ Phương Xa: 23474,23474
Maiden's Passing Youth: 23475,Thời Gian Chờ Đợi Của Thiếu Nữ: 23475,23475
Maiden's Fleeting Leisure: 23476,Thời Gian Rảnh Rỗi Của Thiếu Nữ: 23476,23476
Maiden's Heart-Stricken Infatuation: 23477,Ý Nghĩ Của Thiếu Nữ: 23477,23477
Maiden's Fading Beauty: 23478,Nhan Sắc Của Thiếu Nữ: 23478,23478
Maiden's Distant Love: 23479,Trái Tim Thiếu Nữ Phương Xa: 23479,23479
Maiden's Passing Youth: 23480,Thời Gian Chờ Đợi Của Thiếu Nữ: 23480,23480
Guardian's Vessel: 23481,Ly Thủ Hộ: 23481,23481
Guardian's Sigil: 23482,Huy Hiệu Thủ Hộ: 23482,23482
Guardian's Band: 23483,Nón Thủ Hộ: 23483,23483
Guardian's Flower: 23484,Hoa Thủ Hộ: 23484,23484
Guardian's Clock: 23485,Đồng Hồ Thủ Hộ: 23485,23485
Guardian's Vessel: 23486,Ly Thủ Hộ: 23486,23486
Guardian's Sigil: 23487,Huy Hiệu Thủ Hộ: 23487,23487
Guardian's Band: 23488,Nón Thủ Hộ: 23488,23488
Guardian's Flower: 23489,Hoa Thủ Hộ: 23489,23489
Guardian's Clock: 23490,Đồng Hồ Thủ Hộ: 23490,23490
Goblet of Chiseled Crag: 23491,Ly Ngọc Bàn Thạch: 23491,23491
Feather of Jagged Peaks: 23492,Cánh Thái Sơn: 23492,23492
Mask of Solitude Basalt: 23493,Mặt Nạ Huyền Thạch: 23493,23493
Flower of Creviced Cliff: 23494,Hoa Bàn Đà: 23494,23494
Sundial of Enduring Jade: 23495,Cát Tinh Đà: 23495,23495
Goblet of Chiseled Crag: 23496,Ly Ngọc Bàn Thạch: 23496,23496
Feather of Jagged Peaks: 23497,Cánh Thái Sơn: 23497,23497
Mask of Solitude Basalt: 23498,Mặt Nạ Huyền Thạch: 23498,23498
Flower of Creviced Cliff: 23499,Hoa Bàn Đà: 23499,23499
Sundial of Enduring Jade: 23500,Cát Tinh Đà: 23500,23500
Summer Night's Waterballoon: 23501,Ly Ngọc Lễ Tế Mùa Hè: 23501,23501
Summer Night's Finale: 23502,Kết Thúc Lễ Tế Mùa Hè: 23502,23502
Summer Night's Mask: 23503,Mặt Nạ Lễ Tế Mùa Hè: 23503,23503
Summer Night's Bloom: 23504,Hoa Lễ Tế Mùa Hè: 23504,23504
Summer Night's Moment: 23505,Đồng Hồ Lễ Tế Mùa Hè: 23505,23505
Summer Night's Waterballoon: 23506,Ly Ngọc Lễ Tế Mùa Hè: 23506,23506
Summer Night's Finale: 23507,Kết Thúc Lễ Tế Mùa Hè: 23507,23507
Summer Night's Mask: 23508,Mặt Nạ Lễ Tế Mùa Hè: 23508,23508
Summer Night's Bloom: 23509,Hoa Lễ Tế Mùa Hè: 23509,23509
Summer Night's Moment: 23510,Đồng Hồ Lễ Tế Mùa Hè: 23510,23510
Instructor's Tea Cup: 23511,Tách Trà Giáo Quan: 23511,23511
Instructor's Feather Accessory: 23512,Lông Vũ Giáo Quan: 23512,23512
Instructor's Cap: 23513,Nón Giáo Quan: 23513,23513
Instructor's Brooch: 23514,Hoa Giáo Quan: 23514,23514
Instructor's Pocket Watch: 23515,Đồng Hồ Giáo Quan: 23515,23515
Instructor's Tea Cup: 23516,Tách Trà Giáo Quan: 23516,23516
Instructor's Feather Accessory: 23517,Lông Vũ Giáo Quan: 23517,23517
Instructor's Cap: 23518,Nón Giáo Quan: 23518,23518
Instructor's Brooch: 23519,Hoa Giáo Quan: 23519,23519
Instructor's Pocket Watch: 23520,Đồng Hồ Giáo Quan: 23520,23520
Berserker's Bone Goblet: 23521,Ly Xương Cuồng Chiến: 23521,23521
Berserker's Indigo Feather: 23522,Lông Vũ Cuồng Chiến: 23522,23522
Berserker's Battle Mask: 23523,Mặt Quỷ Cuồng Chiến: 23523,23523
Berserker's Rose: 23524,Tường Vi Cuồng Chiến: 23524,23524
Berserker's Timepiece: 23525,Đồng Hồ Cuồng Chiến: 23525,23525
Berserker's Bone Goblet: 23526,Ly Xương Cuồng Chiến: 23526,23526
Berserker's Indigo Feather: 23527,Lông Vũ Cuồng Chiến: 23527,23527
Berserker's Battle Mask: 23528,Mặt Quỷ Cuồng Chiến: 23528,23528
Berserker's Rose: 23529,Tường Vi Cuồng Chiến: 23529,23529
Berserker's Timepiece: 23530,Đồng Hồ Cuồng Chiến: 23530,23530
Goblet of Thundering Deep: 23531,Ly Gợn Sóng: 23531,23531
Gust of Nostalgia: 23532,Ngọn Gió Hồi Ức: 23532,23532
Wine-Stained Tricorne: 23533,Mũ Đượm Rượu: 23533,23533
Gilded Corsage: 23534,Hoa Cài Vàng: 23534,23534
Copper Compass: 23535,La Bàn Đồng: 23535,23535
Goblet of Thundering Deep: 23536,Ly Gợn Sóng: 23536,23536
Wine-Stained Tricorne: 23537,Mũ Đượm Rượu: 23537,23537
Wine-Stained Tricorne: 23538,Mũ Đượm Rượu: 23538,23538
Gilded Corsage: 23539,Hoa Cài Vàng: 23539,23539
Copper Compass: 23540,La Bàn Đồng: 23540,23540
Noble's Pledging Vessel: 23541,Minh Thệ Kim Tước: 23541,23541
Ceremonial War-Plume: 23542,Chiêu Võ Linh Vũ: 23542,23542
General's Ancient Helm: 23543,Nón Nguyên Soái: 23543,23543
Flower of Accolades: 23544,Hoa Chiến Công: 23544,23544
Orichalceous Time-Dial: 23545,Đồng Hồ Vàng Đồng: 23545,23545
Noble's Pledging Vessel: 23546,Minh Thệ Kim Tước: 23546,23546
Ceremonial War-Plume: 23547,Chiêu Võ Linh Vũ: 23547,23547
General's Ancient Helm: 23548,Nón Nguyên Soái: 23548,23548
Flower of Accolades: 23549,Hoa Chiến Công: 23549,23549
Orichalceous Time-Dial: 23550,Đồng Hồ Vàng Đồng: 23550,23550
Surpassing Cup: 23551,Ly Siêu Việt: 23551,23551
Wise Doctor's Pinion: 23552,Lông Vũ Hiền Y: 23552,23552
Mocking Mask: 23553,Mặt Nạ Chế Nhạo: 23553,23553
Stainless Bloom: 23554,Hoa Hoàn Mỹ: 23554,23554
Moment of Cessation: 23555,Đồng Hồ Ngưng Đọng: 23555,23555
Surpassing Cup: 23556,Ly Siêu Việt: 23556,23556
Wise Doctor's Pinion: 23557,Lông Vũ Hiền Y: 23557,23557
Mocking Mask: 23558,Mặt Nạ Chế Nhạo: 23558,23558
Stainless Bloom: 23559,Hoa Hoàn Mỹ: 23559,23559
Moment of Cessation: 23560,Đồng Hồ Ngưng Đọng: 23560,23560
Hopeful Heart: 23561,Trái Tim Cầu Nguyện: 23561,23561
Shaft of Remembrance: 23562,Mũi Tên Tưởng Nhớ: 23562,23562
Capricious Visage: 23563,Mặt Nạ Vô Thường: 23563,23563
Entangling Bloom: 23564,Hoa Vương Vấn: 23564,23564
Morning Dew's Moment: 23565,Khoảnh Khắc Sương Sớm: 23565,23565
Hopeful Heart: 23566,Trái Tim Cầu Nguyện: 23566,23566
Shaft of Remembrance: 23567,Mũi Tên Tưởng Nhớ: 23567,23567
Capricious Visage: 23568,Mặt Nạ Vô Thường: 23568,23568
Entangling Bloom: 23569,Hoa Vương Vấn: 23569,23569
Morning Dew's Moment: 23570,Khoảnh Khắc Sương Sớm: 23570,23570
Scarlet Vessel: 23571,Bình Hoa Đào: 23571,23571
Sundered Feather: 23572,Lông Vũ Rơi Rụng: 23572,23572
Ornate Kabuto: 23573,Nón Hoa Mỹ: 23573,23573
Magnificent Tsuba: 23574,Kiếm Cách Uy Vũ: 23574,23574
Storm Cage: 23575,Hộp Lôi Vân: 23575,23575
Scarlet Vessel: 23576,Bình Hoa Đào: 23576,23576
Sundered Feather: 23577,Lông Vũ Rơi Rụng: 23577,23577
Ornate Kabuto: 23578,Nón Hoa Mỹ: 23578,23578
Magnificent Tsuba: 23579,Kiếm Cách Uy Vũ: 23579,23579
Storm Cage: 23580,Hộp Lôi Vân: 23580,23580
Calabash of Awakening: 23581,Hồ Lô Tỉnh Mộng: 23581,23581
Plume of Luxury: 23582,Lông Vũ Phù Hoa: 23582,23582
Skeletal Hat: 23583,Nón Hình Hài: 23583,23583
Bloom Times: 23584,Thời Khắc Nở Rộ: 23584,23584
Song of Life: 23585,Khúc Ca Chúng Sinh: 23585,23585
Calabash of Awakening: 23586,Hồ Lô Tỉnh Mộng: 23586,23586
Plume of Luxury: 23587,Lông Vũ Phù Hoa: 23587,23587
Skeletal Hat: 23588,Nón Hình Hài: 23588,23588
Bloom Times: 23589,Thời Khắc Nở Rộ: 23589,23589
Song of Life: 23590,Khúc Ca Chúng Sinh: 23590,23590
Pearl Cage: 23591,Lồng Trân Châu: 23591,23591
Deep Palace's Plume: 23592,Lông Vũ Thủy Cung: 23592,23592
Crown of Watatsumi: 23593,Vương Miện Watatsumi: 23593,23593
Sea-Dyed Blossom: 23594,Hoa Đại Dương: 23594,23594
Cowry of Parting: 23595,Vỏ Sò Ly Biệt: 23595,23595
Pearl Cage: 23596,Lồng Trân Châu: 23596,23596
Deep Palace's Plume: 23597,Lông Vũ Thủy Cung: 23597,23597
Crown of Watatsumi: 23598,Vương Miện Watatsumi: 23598,23598
Sea-Dyed Blossom: 23599,Hoa Đại Dương: 23599,23599
Cowry of Parting: 23600,Vỏ Sò Ly Biệt: 23600,23600
Moment of the Pact: 23601,Thời Khắc Giao Ước: 23601,23601
Feather of Nascent Light: 23602,Lông Vũ Lấp Lánh: 23602,23602
Thundering Poise: 23603,Diện Mạo Sấm Sét: 23603,23603
Tinh Hoa Sinh Linh: 23604,Tinh Hoa Sinh Linh: 23604,23604
Solar Relic: 23605,Di Vật Mặt Trời: 23605,23605
Moment of the Pact: 23606,Thời Khắc Giao Ước: 23606,23606
Feather of Nascent Light: 23607,Lông Vũ Lấp Lánh: 23607,23607
Thundering Poise: 23608,Diện Mạo Sấm Sét: 23608,23608
Tinh Hoa Sinh Linh: 23609,Tinh Hoa Sinh Linh: 23609,23609
Solar Relic: 23610,Di Vật Mặt Trời: 23610,23610
Chalice of the Font: 23611,Chén Nước Thánh: 23611,23611
Jade Leaf: 23612,Lá Bích Ngọc: 23612,23612
Flowing Rings: 23613,Khuyên Tai Trôi Nổi: 23613,23613
Soulscent Bloom: 23614,Hoa Hương Hồn: 23614,23614
Symbol of Felicitation: 23615,Chứng Nhận Tán Dương: 23615,23615
Chalice of the Font: 23616,Chén Nước Thánh: 23616,23616
Jade Leaf: 23617,Lá Bích Ngọc: 23617,23617
Flowing Rings: 23618,Khuyên Tai Trôi Nổi: 23618,23618
Soulscent Bloom: 23619,Hoa Hương Hồn: 23619,23619
Symbol of Felicitation: 23620,Chứng Nhận Tán Dương: 23620,23620
Lamp of the Lost: 23621,Đèn Của Kẻ Lạc Lối: 23621,23621
Scholar of Vines: 23622,Trí Giả Của Rừng Xanh: 23622,23622
Laurel Coronet: 23623,Vương Miện Của Nguyệt Quế: 23623,23623
Labyrinth Wayfarer: 23624,Lữ Khách Của Mê Cung: 23624,23624
A Time of Insight: 23625,Thời Hạn Của Hiền Trí: 23625,23625
Lamp of the Lost: 23626,Đèn Của Kẻ Lạc Lối: 23626,23626
Scholar of Vines: 23627,Trí Giả Của Rừng Xanh: 23627,23627
Laurel Coronet: 23628,Vương Miện Của Nguyệt Quế: 23628,23628
Labyrinth Wayfarer: 23629,Lữ Khách Của Mê Cung: 23629,23629
A Time of Insight: 23630,Thời Hạn Của Hiền Trí: 23630,23630
Honeyed Final Feast: 23631,Bữa Cuối Ngọt Ngào: 23631,23631
Feather of Judgment: 23632,Lông Vũ Phán Quyết: 23632,23632
Shadow of the Sand King: 23633,Hình Chiếu Vua Cát: 23633,23633
Dreaming Steelbloom: 23634,Hoa Thép Trong Mộng: 23634,23634
The Sunken Years: 23635,Năm Tháng Vàng Son: 23635,23635
Honeyed Final Feast: 23636,Bữa Cuối Ngọt Ngào: 23636,23636
Feather of Judgment: 23637,Lông Vũ Phán Quyết: 23637,23637
Shadow of the Sand King: 23638,Hình Chiếu Vua Cát: 23638,23638
Dreaming Steelbloom: 23639,Hoa Thép Trong Mộng: 23639,23639
The Sunken Years: 23640,Năm Tháng Vàng Son: 23640,23640
Defender of the Enchanting Dream: 23641,Bảo Hộ Say Giấc Mộng Dài: 23641,23641
End of the Golden Realm: 23642,Ngày Tàn Của Vương Đô Vàng: 23642,23642
Legacy of the Desert High-Born: 23643,Di Sản Của Quý Tộc Cát: 23643,23643
The First Days of the City of Kings: 23644,Khởi Đầu Của Vương Đô Vua: 23644,23644
Timepiece of the Lost Path: 23645,Đồng Hồ Con Đường Lạc Lối: 23645,23645
Defender of the Enchanting Dream: 23646,Bảo Hộ Say Giấc Mộng Dài: 23646,23646
End of the Golden Realm: 23647,Ngày Tàn Của Vương Đô Vàng: 23647,23647
Legacy of the Desert High-Born: 23648,Di Sản Của Quý Tộc Cát: 23648,23648
The First Days of the City of Kings: 23649,Khởi Đầu Của Vương Đô Vua: 23649,23649
Timepiece of the Lost Path: 23650,Đồng Hồ Con Đường Lạc Lối: 23650,23650
Secret-Keeper's Magic Bottle: 23651,Bình Ma Trấn Giữ Bí Mật: 23651,23651
Wilting Feast: 23652,Tiệc Rượu Suy Tàn: 23652,23652
Amethyst Crown: 23653,Vương Miện Tử Tinh: 23653,23653
Ay-Khanoum's Myriad: 23654,Muôn Sắc Của Ay-Khanoum: 23654,23654
A Moment Congealed: 23655,Thời Khắc Ngưng Kết: 23655,23655
Secret-Keeper's Magic Bottle: 23656,Bình Ma Trấn Giữ Bí Mật: 23656,23656
Wilting Feast: 23657,Tiệc Rượu Suy Tàn: 23657,23657
Amethyst Crown: 23658,Vương Miện Tử Tinh: 23658,23658
Ay-Khanoum's Myriad: 23659,Muôn Sắc Của Ay-Khanoum: 23659,23659
A Moment Congealed: 23660,Thời Khắc Ngưng Kết: 23660,23660
Gladiator's Intoxication: 24101,Giác Đấu Sĩ Uống Say: 24101,24101
Gladiator's Destiny: 24102,Giác Đấu Sĩ Trở Về: 24102,24102
Ornate Kabuto: 24103,Nón Hoa Mỹ: 24103,24103
Magnificent Tsuba: 24104,Kiếm Cách Uy Vũ: 24104,24104
Storm Cage: 24105,Hộp Lôi Vân: 24105,24105
Witch's Heart Flames: 24111,Trái Tim Lửa Của Ma Nữ: 24111,24111
Witch's Ever-Burning Plume: 24112,Lông Vũ Thiêu Đốt Của Ma Nữ: 24112,24112
Witch's Scorching Hat: 24113,Nón Ma Nữ Lo Lắng: 24113,24113
Witch's Flower of Blaze: 24114,Hoa Lửa Của Ma Nữ: 24114,24114
Witch's End Time: 24115,Thời Gian Ma Nữ Bùng Nổ: 24115,24115
Viridescent Venerer's Vessel: 24121,Vật Đựng Của Thợ Săn: 24121,24121
Viridescent Arrow Feather: 24122,Lông Vũ Xanh Của Thợ Săn: 24122,24122
Gladiator's Triumphus: 24123,Nón Giác Đấu Sĩ: 24123,24123
Gladiator's Nostalgia: 24124,Nỗi Nhớ Của Giác Đấu Sĩ: 24124,24124
Gladiator's Longing: 24125,Hy Vọng Của Giác Đấu Sĩ: 24125,24125
Frost-Weaved Dignity: 24131,Niềm Kiêu Hãnh Băng Giá: 24131,24131
Icebreaker's Resolve: 24132,Chấp Niệm Phá Băng Mà Tiến Bước: 24132,24132
Broken Rime's Echo: 24133,Tiếng Vọng Băng Vỡ Tuyết Rơi: 24133,24133
Snowswept Memory: 24134,Nỗi Nhớ Trải Qua Băng Tuyết: 24134,24134
Frozen Homeland's Demise: 24135,Hồi Kết Của Miền Quê Băng Giá: 24135,24135
Viridescent Venerer's Vessel: 24141,Vật Đựng Của Thợ Săn: 24141,24141
Viridescent Arrow Feather: 24142,Lông Vũ Xanh Của Thợ Săn: 24142,24142
Viridescent Venerer's Diadem: 24143,Nón Thợ Săn: 24143,24143
In Remembrance of Viridescent Fields: 24144,Hoa Ký Ức Đồng Xanh: 24144,24144
Viridescent Venerer's Determination: 24145,Thời Gian Của Thợ Săn: 24145,24145
Surpassing Cup: 24151,Ly Siêu Việt: 24151,24151
Wise Doctor's Pinion: 24152,Lông Vũ Hiền Y: 24152,24152
Mocking Mask: 24153,Mặt Nạ Chế Nhạo: 24153,24153
Stainless Bloom: 24154,Hoa Hoàn Mỹ: 24154,24154
Moment of Cessation: 24155,Đồng Hồ Ngưng Đọng: 24155,24155
Goblet of Thundering Deep: 24161,Ly Gợn Sóng: 24161,24161
Gust of Nostalgia: 24162,Ngọn Gió Hồi Ức: 24162,24162
Wine-Stained Tricorne: 24163,Mũ Đượm Rượu: 24163,24163
Gilded Corsage: 24164,Hoa Cài Vàng: 24164,24164
Copper Compass: 24165,La Bàn Đồng: 24165,24165
Viridescent Venerer's Vessel: 24171,Vật Đựng Của Thợ Săn: 24171,24171
Viridescent Arrow Feather: 24172,Lông Vũ Xanh Của Thợ Săn: 24172,24172
Viridescent Venerer's Diadem: 24173,Nón Thợ Săn: 24173,24173
In Remembrance of Viridescent Fields: 24174,Hoa Ký Ức Đồng Xanh: 24174,24174
Viridescent Venerer's Determination: 24175,Thời Gian Của Thợ Săn: 24175,24175
Frost-Weaved Dignity: 24181,Niềm Kiêu Hãnh Băng Giá: 24181,24181
Icebreaker's Resolve: 24182,Chấp Niệm Phá Băng Mà Tiến Bước: 24182,24182
Broken Rime's Echo: 24183,Tiếng Vọng Băng Vỡ Tuyết Rơi: 24183,24183
Snowswept Memory: 24184,Nỗi Nhớ Trải Qua Băng Tuyết: 24184,24184
Frozen Homeland's Demise: 24185,Hồi Kết Của Miền Quê Băng Giá: 24185,24185
Hopeful Heart: 24191,Trái Tim Cầu Nguyện: 24191,24191
Shaft of Remembrance: 24192,Mũi Tên Tưởng Nhớ: 24192,24192
Capricious Visage: 24193,Mặt Nạ Vô Thường: 24193,24193
Entangling Bloom: 24194,Hoa Vương Vấn: 24194,24194
Morning Dew's Moment: 24195,Khoảnh Khắc Sương Sớm: 24195,24195
Scarlet Vessel: 24201,Bình Hoa Đào: 24201,24201
Sundered Feather: 24202,Lông Vũ Rơi Rụng: 24202,24202
Ornate Kabuto: 24203,Nón Hoa Mỹ: 24203,24203
Magnificent Tsuba: 24204,Kiếm Cách Uy Vũ: 24204,24204
Storm Cage: 24205,Hộp Lôi Vân: 24205,24205
Goblet of Thundering Deep: 24211,Ly Gợn Sóng: 24211,24211
Gust of Nostalgia: 24212,Ngọn Gió Hồi Ức: 24212,24212
Wine-Stained Tricorne: 24213,Mũ Đượm Rượu: 24213,24213
Gilded Corsage: 24214,Hoa Cài Vàng: 24214,24214
Copper Compass: 24215,La Bàn Đồng: 24215,24215
Noble's Pledging Vessel: 24221,Minh Thệ Kim Tước: 24221,24221
Ceremonial War-Plume: 24222,Chiêu Võ Linh Vũ: 24222,24222
General's Ancient Helm: 24223,Nón Nguyên Soái: 24223,24223
Flower of Accolades: 24224,Hoa Chiến Công: 24224,24224
Orichalceous Time-Dial: 24225,Đồng Hồ Vàng Đồng: 24225,24225
Witch's Heart Flames: 24231,Trái Tim Lửa Của Ma Nữ: 24231,24231
Witch's Ever-Burning Plume: 24232,Lông Vũ Thiêu Đốt Của Ma Nữ: 24232,24232
Witch's Scorching Hat: 24233,Nón Ma Nữ Lo Lắng: 24233,24233
Witch's Flower of Blaze: 24234,Hoa Lửa Của Ma Nữ: 24234,24234
Witch's End Time: 24235,Thời Gian Ma Nữ Bùng Nổ: 24235,24235
Omen of Thunderstorm: 24241,Sấm Sét Hung Ác: 24241,24241
Survivor of Catastrophe: 24242,Tai Họa Của Sét: 24242,24242
Gladiator's Triumphus: 24243,Nón Giác Đấu Sĩ: 24243,24243
Gladiator's Nostalgia: 24244,Nỗi Nhớ Của Giác Đấu Sĩ: 24244,24244
Gladiator's Longing: 24245,Hy Vọng Của Giác Đấu Sĩ: 24245,24245
Witch's Heart Flames: 24251,Trái Tim Lửa Của Ma Nữ: 24251,24251
Witch's Ever-Burning Plume: 24252,Lông Vũ Thiêu Đốt Của Ma Nữ: 24252,24252
Witch's Scorching Hat: 24253,Nón Ma Nữ Lo Lắng: 24253,24253
Witch's Flower of Blaze: 24254,Hoa Lửa Của Ma Nữ: 24254,24254
Witch's End Time: 24255,Thời Gian Ma Nữ Bùng Nổ: 24255,24255
Royal Silver Urn: 24261,Bình Bạc Tông Thất: 24261,24261
Royal Plume: 24262,Lông Vũ Tông Thất: 24262,24262
Royal Masque: 24263,Mặt Nạ Tông Thất: 24263,24263
Royal Flora: 24264,Hoa Tông Thất: 24264,24264
Royal Pocket Watch: 24265,Đồng Hồ Tông Thất: 24265,24265
Viridescent Venerer's Vessel: 24271,Vật Đựng Của Thợ Săn: 24271,24271
Viridescent Arrow Feather: 24272,Lông Vũ Xanh Của Thợ Săn: 24272,24272
Viridescent Venerer's Diadem: 24273,Nón Thợ Săn: 24273,24273
In Remembrance of Viridescent Fields: 24274,Hoa Ký Ức Đồng Xanh: 24274,24274
Viridescent Venerer's Determination: 24275,Thời Gian Của Thợ Săn: 24275,24275
Maiden's Fleeting Leisure: 24281,Thời Gian Rảnh Rỗi Của Thiếu Nữ: 24281,24281
Maiden's Heart-Stricken Infatuation: 24282,Ý Nghĩ Của Thiếu Nữ: 24282,24282
Maiden's Fading Beauty: 24283,Nhan Sắc Của Thiếu Nữ: 24283,24283
Maiden's Distant Love: 24284,Trái Tim Thiếu Nữ Phương Xa: 24284,24284
Maiden's Passing Youth: 24285,Thời Gian Chờ Đợi Của Thiếu Nữ: 24285,24285
Calabash of Awakening: 24291,Hồ Lô Tỉnh Mộng: 24291,24291
Plume of Luxury: 24292,Lông Vũ Phù Hoa: 24292,24292
Skeletal Hat: 24293,Nón Hình Hài: 24293,24293
Bloom Times: 24294,Thời Khắc Nở Rộ: 24294,24294
Song of Life: 24295,Khúc Ca Chúng Sinh: 24295,24295
Calabash of Awakening: 24301,Hồ Lô Tỉnh Mộng: 24301,24301
Plume of Luxury: 24302,Lông Vũ Phù Hoa: 24302,24302
Skeletal Hat: 24303,Nón Hình Hài: 24303,24303
Bloom Times: 24304,Thời Khắc Nở Rộ: 24304,24304
Song of Life: 24305,Khúc Ca Chúng Sinh: 24305,24305
Scarlet Vessel: 24311,Bình Hoa Đào: 24311,24311
Sundered Feather: 24312,Lông Vũ Rơi Rụng: 24312,24312
Ornate Kabuto: 24313,Nón Hoa Mỹ: 24313,24313
Magnificent Tsuba: 24314,Kiếm Cách Uy Vũ: 24314,24314
Storm Cage: 24315,Hộp Lôi Vân: 24315,24315
Gladiator's Intoxication: 24321,Giác Đấu Sĩ Uống Say: 24321,24321
Gladiator's Destiny: 24322,Giác Đấu Sĩ Trở Về: 24322,24322
Gladiator's Triumphus: 24323,Nón Giác Đấu Sĩ: 24323,24323
Thunderbird's Mercy: 24324,Sự Thương Hại Của Lôi Điểu: 24324,24324
Hourglass of Thunder: 24325,Thời Gian Lôi Đình: 24325,24325
Gladiator's Intoxication: 24331,Giác Đấu Sĩ Uống Say: 24331,24331
Gladiator's Destiny: 24332,Giác Đấu Sĩ Trở Về: 24332,24332
Gladiator's Triumphus: 24333,Nón Giác Đấu Sĩ: 24333,24333
Gladiator's Nostalgia: 24334,Nỗi Nhớ Của Giác Đấu Sĩ: 24334,24334
Gladiator's Longing: 24335,Hy Vọng Của Giác Đấu Sĩ: 24335,24335
Gladiator's Intoxication: 24341,Giác Đấu Sĩ Uống Say: 24341,24341
Gladiator's Destiny: 24342,Giác Đấu Sĩ Trở Về: 24342,24342
Gladiator's Triumphus: 24343,Nón Giác Đấu Sĩ: 24343,24343
Gladiator's Nostalgia: 24344,Nỗi Nhớ Của Giác Đấu Sĩ: 24344,24344
Gladiator's Longing: 24345,Hy Vọng Của Giác Đấu Sĩ: 24345,24345
Gladiator's Intoxication: 24351,Giác Đấu Sĩ Uống Say: 24351,24351
Gladiator's Destiny: 24352,Giác Đấu Sĩ Trở Về: 24352,24352
Gladiator's Triumphus: 24353,Nón Giác Đấu Sĩ: 24353,24353
Gladiator's Nostalgia: 24354,Nỗi Nhớ Của Giác Đấu Sĩ: 24354,24354
Gladiator's Longing: 24355,Hy Vọng Của Giác Đấu Sĩ: 24355,24355
Gladiator's Intoxication: 24361,Giác Đấu Sĩ Uống Say: 24361,24361
Gladiator's Destiny: 24362,Giác Đấu Sĩ Trở Về: 24362,24362
Gladiator's Triumphus: 24363,Nón Giác Đấu Sĩ: 24363,24363
Gladiator's Nostalgia: 24364,Nỗi Nhớ Của Giác Đấu Sĩ: 24364,24364
Gladiator's Longing: 24365,Hy Vọng Của Giác Đấu Sĩ: 24365,24365
Scarlet Vessel: 24601,Bình Hoa Đào: 24601,24601
Sundered Feather: 24602,Lông Vũ Rơi Rụng: 24602,24602
Ornate Kabuto: 24603,Nón Hoa Mỹ: 24603,24603
Magnificent Tsuba: 24604,Kiếm Cách Uy Vũ: 24604,24604
Storm Cage: 24605,Hộp Lôi Vân: 24605,24605
Scarlet Vessel: 24611,Bình Hoa Đào: 24611,24611
Sundered Feather: 24612,Lông Vũ Rơi Rụng: 24612,24612
Ornate Kabuto: 24613,Nón Hoa Mỹ: 24613,24613
Magnificent Tsuba: 24614,Kiếm Cách Uy Vũ: 24614,24614
Storm Cage: 24615,Hộp Lôi Vân: 24615,24615
Scarlet Vessel: 24621,Bình Hoa Đào: 24621,24621
Sundered Feather: 24622,Lông Vũ Rơi Rụng: 24622,24622
Ornate Kabuto: 24623,Nón Hoa Mỹ: 24623,24623
Magnificent Tsuba: 24624,Kiếm Cách Uy Vũ: 24624,24624
Storm Cage: 24625,Hộp Lôi Vân: 24625,24625
Royal Silver Urn: 24631,Bình Bạc Tông Thất: 24631,24631
Royal Plume: 24632,Lông Vũ Tông Thất: 24632,24632
Royal Masque: 24633,Mặt Nạ Tông Thất: 24633,24633
Royal Flora: 24634,Hoa Tông Thất: 24634,24634
Royal Pocket Watch: 24635,Đồng Hồ Tông Thất: 24635,24635
Royal Silver Urn: 24641,Bình Bạc Tông Thất: 24641,24641
Royal Plume: 24642,Lông Vũ Tông Thất: 24642,24642
Royal Masque: 24643,Mặt Nạ Tông Thất: 24643,24643
Royal Flora: 24644,Hoa Tông Thất: 24644,24644
Royal Pocket Watch: 24645,Đồng Hồ Tông Thất: 24645,24645
Viridescent Venerer's Vessel: 24651,Vật Đựng Của Thợ Săn: 24651,24651
Viridescent Arrow Feather: 24652,Lông Vũ Xanh Của Thợ Săn: 24652,24652
Viridescent Venerer's Diadem: 24653,Nón Thợ Săn: 24653,24653
In Remembrance of Viridescent Fields: 24654,Hoa Ký Ức Đồng Xanh: 24654,24654
Viridescent Venerer's Determination: 24655,Thời Gian Của Thợ Săn: 24655,24655
Surpassing Cup: 24661,Ly Siêu Việt: 24661,24661
Wise Doctor's Pinion: 24662,Lông Vũ Hiền Y: 24662,24662
Mocking Mask: 24663,Mặt Nạ Chế Nhạo: 24663,24663
Stainless Bloom: 24664,Hoa Hoàn Mỹ: 24664,24664
Moment of Cessation: 24665,Đồng Hồ Ngưng Đọng: 24665,24665
Royal Silver Urn: 24671,Bình Bạc Tông Thất: 24671,24671
Royal Plume: 24672,Lông Vũ Tông Thất: 24672,24672
Royal Masque: 24673,Mặt Nạ Tông Thất: 24673,24673
Royal Flora: 24674,Hoa Tông Thất: 24674,24674
Royal Pocket Watch: 24675,Đồng Hồ Tông Thất: 24675,24675
Witch's Heart Flames: 24681,Trái Tim Lửa Của Ma Nữ: 24681,24681
Witch's Ever-Burning Plume: 24682,Lông Vũ Thiêu Đốt Của Ma Nữ: 24682,24682
Witch's Scorching Hat: 24683,Nón Ma Nữ Lo Lắng: 24683,24683
Witch's Flower of Blaze: 24684,Hoa Lửa Của Ma Nữ: 24684,24684
Witch's End Time: 24685,Thời Gian Ma Nữ Bùng Nổ: 24685,24685
Viridescent Venerer's Vessel: 24691,Vật Đựng Của Thợ Săn: 24691,24691
Viridescent Arrow Feather: 24692,Lông Vũ Xanh Của Thợ Săn: 24692,24692
Viridescent Venerer's Diadem: 24693,Nón Thợ Săn: 24693,24693
In Remembrance of Viridescent Fields: 24694,Hoa Ký Ức Đồng Xanh: 24694,24694
Viridescent Venerer's Determination: 24695,Thời Gian Của Thợ Săn: 24695,24695
Noble's Pledging Vessel: 24701,Minh Thệ Kim Tước: 24701,24701
Ceremonial War-Plume: 24702,Chiêu Võ Linh Vũ: 24702,24702
General's Ancient Helm: 24703,Nón Nguyên Soái: 24703,24703
Flower of Accolades: 24704,Hoa Chiến Công: 24704,24704
Orichalceous Time-Dial: 24705,Đồng Hồ Vàng Đồng: 24705,24705
Bloodstained Chevalier's Goblet: 24711,Ly Kỵ Sĩ Nhuốm Máu: 24711,24711
Bloodstained Black Plume: 24712,Lông Vũ Đen Nhuốm Máu: 24712,24712
Bloodstained Iron Mask: 24713,Mặt Nạ Sắt Nhuốm Máu: 24713,24713
Bloodstained Flower of Iron: 24714,Trái Tim Sắt Nhuốm Máu: 24714,24714
Bloodstained Final Hour: 24715,Đồng Hồ Kỵ Sĩ Nhuốm Máu: 24715,24715
Omen of Thunderstorm: 24721,Sấm Sét Hung Ác: 24721,24721
Survivor of Catastrophe: 24722,Tai Họa Của Sét: 24722,24722
Thunder Summoner's Crown: 24723,Vương Miện Gọi Sét: 24723,24723
Thunderbird's Mercy: 24724,Sự Thương Hại Của Lôi Điểu: 24724,24724
Hourglass of Thunder: 24725,Thời Gian Lôi Đình: 24725,24725
Scarlet Vessel: 24731,Bình Hoa Đào: 24731,24731
Sundered Feather: 24732,Lông Vũ Rơi Rụng: 24732,24732
Ornate Kabuto: 24733,Nón Hoa Mỹ: 24733,24733
Magnificent Tsuba: 24734,Kiếm Cách Uy Vũ: 24734,24734
Storm Cage: 24735,Hộp Lôi Vân: 24735,24735
Gladiator's Intoxication: 24741,Giác Đấu Sĩ Uống Say: 24741,24741
Gladiator's Destiny: 24742,Giác Đấu Sĩ Trở Về: 24742,24742
Mask of Solitude Basalt: 24743,Mặt Nạ Huyền Thạch: 24743,24743
Flower of Creviced Cliff: 24744,Hoa Bàn Đà: 24744,24744
Sundial of Enduring Jade: 24745,Cát Tinh Đà: 24745,24745
Gladiator's Intoxication: 24751,Giác Đấu Sĩ Uống Say: 24751,24751
Gladiator's Destiny: 24752,Giác Đấu Sĩ Trở Về: 24752,24752
Thunder Summoner's Crown: 24753,Vương Miện Gọi Sét: 24753,24753
Thunderbird's Mercy: 24754,Sự Thương Hại Của Lôi Điểu: 24754,24754
Hourglass of Thunder: 24755,Thời Gian Lôi Đình: 24755,24755
Gladiator's Intoxication: 24761,Giác Đấu Sĩ Uống Say: 24761,24761
Gladiator's Destiny: 24762,Giác Đấu Sĩ Trở Về: 24762,24762
Gladiator's Triumphus: 24763,Nón Giác Đấu Sĩ: 24763,24763
Gladiator's Nostalgia: 24764,Nỗi Nhớ Của Giác Đấu Sĩ: 24764,24764
Gladiator's Longing: 24765,Hy Vọng Của Giác Đấu Sĩ: 24765,24765
Scarlet Vessel: 24771,Bình Hoa Đào: 24771,24771
Sundered Feather: 24772,Lông Vũ Rơi Rụng: 24772,24772
Ornate Kabuto: 24773,Nón Hoa Mỹ: 24773,24773
Magnificent Tsuba: 24774,Kiếm Cách Uy Vũ: 24774,24774
Storm Cage: 24775,Hộp Lôi Vân: 24775,24775
Summer Night's Waterballoon: 24781,Ly Ngọc Lễ Tế Mùa Hè: 24781,24781
Summer Night's Finale: 24782,Kết Thúc Lễ Tế Mùa Hè: 24782,24782
Summer Night's Mask: 24783,Mặt Nạ Lễ Tế Mùa Hè: 24783,24783
Summer Night's Bloom: 24784,Hoa Lễ Tế Mùa Hè: 24784,24784
Summer Night's Moment: 24785,Đồng Hồ Lễ Tế Mùa Hè: 24785,24785
Maiden's Fleeting Leisure: 24791,Thời Gian Rảnh Rỗi Của Thiếu Nữ: 24791,24791
Maiden's Heart-Stricken Infatuation: 24792,Ý Nghĩ Của Thiếu Nữ: 24792,24792
Maiden's Fading Beauty: 24793,Nhan Sắc Của Thiếu Nữ: 24793,24793
Maiden's Distant Love: 24794,Trái Tim Thiếu Nữ Phương Xa: 24794,24794
Maiden's Passing Youth: 24795,Thời Gian Chờ Đợi Của Thiếu Nữ: 24795,24795
Scarlet Vessel: 24801,Bình Hoa Đào: 24801,24801
Sundered Feather: 24802,Lông Vũ Rơi Rụng: 24802,24802
Ornate Kabuto: 24803,Nón Hoa Mỹ: 24803,24803
Magnificent Tsuba: 24804,Kiếm Cách Uy Vũ: 24804,24804
Storm Cage: 24805,Hộp Lôi Vân: 24805,24805
Calabash of Awakening: 24811,Hồ Lô Tỉnh Mộng: 24811,24811
Plume of Luxury: 24812,Lông Vũ Phù Hoa: 24812,24812
Skeletal Hat: 24813,Nón Hình Hài: 24813,24813
Bloom Times: 24814,Thời Khắc Nở Rộ: 24814,24814
Song of Life: 24815,Khúc Ca Chúng Sinh: 24815,24815
Calabash of Awakening: 24821,Hồ Lô Tỉnh Mộng: 24821,24821
Plume of Luxury: 24822,Lông Vũ Phù Hoa: 24822,24822
Skeletal Hat: 24823,Nón Hình Hài: 24823,24823
Bloom Times: 24824,Thời Khắc Nở Rộ: 24824,24824
Song of Life: 24825,Khúc Ca Chúng Sinh: 24825,24825
Defender of the Enchanting Dream: 27412,Bảo Hộ Say Giấc Mộng Dài: 27412,27412
Defender of the Enchanting Dream: 27413,Bảo Hộ Say Giấc Mộng Dài: 27413,27413
End of the Golden Realm: 27422,Ngày Tàn Của Vương Đô Vàng: 27422,27422
End of the Golden Realm: 27423,Ngày Tàn Của Vương Đô Vàng: 27423,27423
Legacy of the Desert High-Born: 27432,Di Sản Của Quý Tộc Cát: 27432,27432
Legacy of the Desert High-Born: 27433,Di Sản Của Quý Tộc Cát: 27433,27433
The First Days of the City of Kings: 27442,Khởi Đầu Của Vương Đô Vua: 27442,27442
The First Days of the City of Kings: 27443,Khởi Đầu Của Vương Đô Vua: 27443,27443
Timepiece of the Lost Path: 27452,Đồng Hồ Con Đường Lạc Lối: 27452,27452
Timepiece of the Lost Path: 27453,Đồng Hồ Con Đường Lạc Lối: 27453,27453
Defender of the Enchanting Dream: 27513,Bảo Hộ Say Giấc Mộng Dài: 27513,27513
Defender of the Enchanting Dream: 27514,Bảo Hộ Say Giấc Mộng Dài: 27514,27514
End of the Golden Realm: 27523,Ngày Tàn Của Vương Đô Vàng: 27523,27523
End of the Golden Realm: 27524,Ngày Tàn Của Vương Đô Vàng: 27524,27524
Legacy of the Desert High-Born: 27533,Di Sản Của Quý Tộc Cát: 27533,27533
Legacy of the Desert High-Born: 27534,Di Sản Của Quý Tộc Cát: 27534,27534
The First Days of the City of Kings: 27543,Khởi Đầu Của Vương Đô Vua: 27543,27543
The First Days of the City of Kings: 27544,Khởi Đầu Của Vương Đô Vua: 27544,27544
Timepiece of the Lost Path: 27553,Đồng Hồ Con Đường Lạc Lối: 27553,27553
Timepiece of the Lost Path: 27554,Đồng Hồ Con Đường Lạc Lối: 27554,27554
Secret-Keeper's Magic Bottle: 28412,Bình Ma Trấn Giữ Bí Mật: 28412,28412
Secret-Keeper's Magic Bottle: 28413,Bình Ma Trấn Giữ Bí Mật: 28413,28413
Wilting Feast: 28422,Tiệc Rượu Suy Tàn: 28422,28422
Wilting Feast: 28423,Tiệc Rượu Suy Tàn: 28423,28423
Amethyst Crown: 28432,Vương Miện Tử Tinh: 28432,28432
Amethyst Crown: 28433,Vương Miện Tử Tinh: 28433,28433
Ay-Khanoum's Myriad: 28442,Muôn Sắc Của Ay-Khanoum: 28442,28442
Ay-Khanoum's Myriad: 28443,Muôn Sắc Của Ay-Khanoum: 28443,28443
A Moment Congealed: 28452,Thời Khắc Ngưng Kết: 28452,28452
A Moment Congealed: 28453,Thời Khắc Ngưng Kết: 28453,28453
Secret-Keeper's Magic Bottle: 28513,Bình Ma Trấn Giữ Bí Mật: 28513,28513
Secret-Keeper's Magic Bottle: 28514,Bình Ma Trấn Giữ Bí Mật: 28514,28514
Wilting Feast: 28523,Tiệc Rượu Suy Tàn: 28523,28523
Wilting Feast: 28524,Tiệc Rượu Suy Tàn: 28524,28524
Amethyst Crown: 28533,Vương Miện Tử Tinh: 28533,28533
Amethyst Crown: 28534,Vương Miện Tử Tinh: 28534,28534
Ay-Khanoum's Myriad: 28543,Muôn Sắc Của Ay-Khanoum: 28543,28543
Ay-Khanoum's Myriad: 28544,Muôn Sắc Của Ay-Khanoum: 28544,28544
A Moment Congealed: 28553,Thời Khắc Ngưng Kết: 28553,28553
A Moment Congealed: 28554,Thời Khắc Ngưng Kết: 28554,28554
Goblet of the Sojourner: 51110,Chiếc Ly Dị Quốc: 51110,51110
Goblet of the Sojourner: 51111,Chiếc Ly Dị Quốc: 51111,51111
Goblet of the Sojourner: 51112,Chiếc Ly Dị Quốc: 51112,51112
Goblet of the Sojourner: 51113,Chiếc Ly Dị Quốc: 51113,51113
Goblet of the Sojourner: 51114,Chiếc Ly Dị Quốc: 51114,51114
Feather of Homecoming: 51120,Lông Vũ Hồi Hương: 51120,51120
Feather of Homecoming: 51121,Lông Vũ Hồi Hương: 51121,51121
Feather of Homecoming: 51122,Lông Vũ Hồi Hương: 51122,51122
Feather of Homecoming: 51123,Lông Vũ Hồi Hương: 51123,51123
Feather of Homecoming: 51124,Lông Vũ Hồi Hương: 51124,51124
Crown of Parting: 51130,Chiếc Nón Từ Biệt: 51130,51130
Crown of Parting: 51131,Chiếc Nón Từ Biệt: 51131,51131
Crown of Parting: 51132,Chiếc Nón Từ Biệt: 51132,51132
Crown of Parting: 51133,Chiếc Nón Từ Biệt: 51133,51133
Crown of Parting: 51134,Chiếc Nón Từ Biệt: 51134,51134
Heart of Comradeship: 51140,Trái Tim Của Cố Nhân: 51140,51140
Heart of Comradeship: 51141,Trái Tim Của Cố Nhân: 51141,51141
Heart of Comradeship: 51142,Trái Tim Của Cố Nhân: 51142,51142
Heart of Comradeship: 51143,Trái Tim Của Cố Nhân: 51143,51143
Heart of Comradeship: 51144,Trái Tim Của Cố Nhân: 51144,51144
Sundial of the Sojourner: 51150,Hòn Đá Phát Sáng: 51150,51150
Sundial of the Sojourner: 51151,Hòn Đá Phát Sáng: 51151,51151
Sundial of the Sojourner: 51152,Hòn Đá Phát Sáng: 51152,51152
Sundial of the Sojourner: 51153,Hòn Đá Phát Sáng: 51153,51153
Sundial of the Sojourner: 51154,Hòn Đá Phát Sáng: 51154,51154
Goblet of the Sojourner: 51210,Chiếc Ly Dị Quốc: 51210,51210
Goblet of the Sojourner: 51211,Chiếc Ly Dị Quốc: 51211,51211
Goblet of the Sojourner: 51212,Chiếc Ly Dị Quốc: 51212,51212
Goblet of the Sojourner: 51213,Chiếc Ly Dị Quốc: 51213,51213
Goblet of the Sojourner: 51214,Chiếc Ly Dị Quốc: 51214,51214
Feather of Homecoming: 51220,Lông Vũ Hồi Hương: 51220,51220
Feather of Homecoming: 51221,Lông Vũ Hồi Hương: 51221,51221
Feather of Homecoming: 51222,Lông Vũ Hồi Hương: 51222,51222
Feather of Homecoming: 51223,Lông Vũ Hồi Hương: 51223,51223
Feather of Homecoming: 51224,Lông Vũ Hồi Hương: 51224,51224
Crown of Parting: 51230,Chiếc Nón Từ Biệt: 51230,51230
Crown of Parting: 51231,Chiếc Nón Từ Biệt: 51231,51231
Crown of Parting: 51232,Chiếc Nón Từ Biệt: 51232,51232
Crown of Parting: 51233,Chiếc Nón Từ Biệt: 51233,51233
Crown of Parting: 51234,Chiếc Nón Từ Biệt: 51234,51234
Heart of Comradeship: 51240,Trái Tim Của Cố Nhân: 51240,51240
Heart of Comradeship: 51241,Trái Tim Của Cố Nhân: 51241,51241
Heart of Comradeship: 51242,Trái Tim Của Cố Nhân: 51242,51242
Heart of Comradeship: 51243,Trái Tim Của Cố Nhân: 51243,51243
Heart of Comradeship: 51244,Trái Tim Của Cố Nhân: 51244,51244
Sundial of the Sojourner: 51250,Hòn Đá Phát Sáng: 51250,51250
Sundial of the Sojourner: 51251,Hòn Đá Phát Sáng: 51251,51251
Sundial of the Sojourner: 51252,Hòn Đá Phát Sáng: 51252,51252
Sundial of the Sojourner: 51253,Hòn Đá Phát Sáng: 51253,51253
Sundial of the Sojourner: 51254,Hòn Đá Phát Sáng: 51254,51254
Goblet of the Sojourner: 51310,Chiếc Ly Dị Quốc: 51310,51310
Goblet of the Sojourner: 51311,Chiếc Ly Dị Quốc: 51311,51311
Goblet of the Sojourner: 51312,Chiếc Ly Dị Quốc: 51312,51312
Goblet of the Sojourner: 51313,Chiếc Ly Dị Quốc: 51313,51313
Goblet of the Sojourner: 51314,Chiếc Ly Dị Quốc: 51314,51314
Feather of Homecoming: 51320,Lông Vũ Hồi Hương: 51320,51320
Feather of Homecoming: 51321,Lông Vũ Hồi Hương: 51321,51321
Feather of Homecoming: 51322,Lông Vũ Hồi Hương: 51322,51322
Feather of Homecoming: 51323,Lông Vũ Hồi Hương: 51323,51323
Feather of Homecoming: 51324,Lông Vũ Hồi Hương: 51324,51324
Crown of Parting: 51330,Chiếc Nón Từ Biệt: 51330,51330
Crown of Parting: 51331,Chiếc Nón Từ Biệt: 51331,51331
Crown of Parting: 51332,Chiếc Nón Từ Biệt: 51332,51332
Crown of Parting: 51333,Chiếc Nón Từ Biệt: 51333,51333
Crown of Parting: 51334,Chiếc Nón Từ Biệt: 51334,51334
Heart of Comradeship: 51340,Trái Tim Của Cố Nhân: 51340,51340
Heart of Comradeship: 51341,Trái Tim Của Cố Nhân: 51341,51341
Heart of Comradeship: 51342,Trái Tim Của Cố Nhân: 51342,51342
Heart of Comradeship: 51343,Trái Tim Của Cố Nhân: 51343,51343
Heart of Comradeship: 51344,Trái Tim Của Cố Nhân: 51344,51344
Sundial of the Sojourner: 51350,Hòn Đá Phát Sáng: 51350,51350
Sundial of the Sojourner: 51351,Hòn Đá Phát Sáng: 51351,51351
Sundial of the Sojourner: 51352,Hòn Đá Phát Sáng: 51352,51352
Sundial of the Sojourner: 51353,Hòn Đá Phát Sáng: 51353,51353
Sundial of the Sojourner: 51354,Hòn Đá Phát Sáng: 51354,51354
Goblet of the Sojourner: 51410,Chiếc Ly Dị Quốc: 51410,51410
Goblet of the Sojourner: 51411,Chiếc Ly Dị Quốc: 51411,51411
Goblet of the Sojourner: 51412,Chiếc Ly Dị Quốc: 51412,51412
Goblet of the Sojourner: 51413,Chiếc Ly Dị Quốc: 51413,51413
Goblet of the Sojourner: 51414,Chiếc Ly Dị Quốc: 51414,51414
Feather of Homecoming: 51420,Lông Vũ Hồi Hương: 51420,51420
Feather of Homecoming: 51421,Lông Vũ Hồi Hương: 51421,51421
Feather of Homecoming: 51422,Lông Vũ Hồi Hương: 51422,51422
Feather of Homecoming: 51423,Lông Vũ Hồi Hương: 51423,51423
Feather of Homecoming: 51424,Lông Vũ Hồi Hương: 51424,51424
Crown of Parting: 51430,Chiếc Nón Từ Biệt: 51430,51430
Crown of Parting: 51431,Chiếc Nón Từ Biệt: 51431,51431
Crown of Parting: 51432,Chiếc Nón Từ Biệt: 51432,51432
Crown of Parting: 51433,Chiếc Nón Từ Biệt: 51433,51433
Crown of Parting: 51434,Chiếc Nón Từ Biệt: 51434,51434
Heart of Comradeship: 51440,Trái Tim Của Cố Nhân: 51440,51440
Heart of Comradeship: 51441,Trái Tim Của Cố Nhân: 51441,51441
Heart of Comradeship: 51442,Trái Tim Của Cố Nhân: 51442,51442
Heart of Comradeship: 51443,Trái Tim Của Cố Nhân: 51443,51443
Heart of Comradeship: 51444,Trái Tim Của Cố Nhân: 51444,51444
Sundial of the Sojourner: 51450,Hòn Đá Phát Sáng: 51450,51450
Sundial of the Sojourner: 51451,Hòn Đá Phát Sáng: 51451,51451
Sundial of the Sojourner: 51452,Hòn Đá Phát Sáng: 51452,51452
Sundial of the Sojourner: 51453,Hòn Đá Phát Sáng: 51453,51453
Sundial of the Sojourner: 51454,Hòn Đá Phát Sáng: 51454,51454
Goblet of the Sojourner: 51510,Chiếc Ly Dị Quốc: 51510,51510
Goblet of the Sojourner: 51511,Chiếc Ly Dị Quốc: 51511,51511
Goblet of the Sojourner: 51512,Chiếc Ly Dị Quốc: 51512,51512
Goblet of the Sojourner: 51513,Chiếc Ly Dị Quốc: 51513,51513
Goblet of the Sojourner: 51514,Chiếc Ly Dị Quốc: 51514,51514
Feather of Homecoming: 51520,Lông Vũ Hồi Hương: 51520,51520
Feather of Homecoming: 51521,Lông Vũ Hồi Hương: 51521,51521
Feather of Homecoming: 51522,Lông Vũ Hồi Hương: 51522,51522
Feather of Homecoming: 51523,Lông Vũ Hồi Hương: 51523,51523
Feather of Homecoming: 51524,Lông Vũ Hồi Hương: 51524,51524
Crown of Parting: 51530,Chiếc Nón Từ Biệt: 51530,51530
Crown of Parting: 51531,Chiếc Nón Từ Biệt: 51531,51531
Crown of Parting: 51532,Chiếc Nón Từ Biệt: 51532,51532
Crown of Parting: 51533,Chiếc Nón Từ Biệt: 51533,51533
Crown of Parting: 51534,Chiếc Nón Từ Biệt: 51534,51534
Heart of Comradeship: 51540,Trái Tim Của Cố Nhân: 51540,51540
Heart of Comradeship: 51541,Trái Tim Của Cố Nhân: 51541,51541
Heart of Comradeship: 51542,Trái Tim Của Cố Nhân: 51542,51542
Heart of Comradeship: 51543,Trái Tim Của Cố Nhân: 51543,51543
Heart of Comradeship: 51544,Trái Tim Của Cố Nhân: 51544,51544
Sundial of the Sojourner: 51550,Hòn Đá Phát Sáng: 51550,51550
Sundial of the Sojourner: 51551,Hòn Đá Phát Sáng: 51551,51551
Sundial of the Sojourner: 51552,Hòn Đá Phát Sáng: 51552,51552
Sundial of the Sojourner: 51553,Hòn Đá Phát Sáng: 51553,51553
Sundial of the Sojourner: 51554,Hòn Đá Phát Sáng: 51554,51554
Outset of the Brave: 52110,Hành Trình Của Dũng Sĩ: 52110,52110
Outset of the Brave: 52111,Hành Trình Của Dũng Sĩ: 52111,52111
Outset of the Brave: 52112,Hành Trình Của Dũng Sĩ: 52112,52112
Outset of the Brave: 52113,Hành Trình Của Dũng Sĩ: 52113,52113
Outset of the Brave: 52114,Hành Trình Của Dũng Sĩ: 52114,52114
Prospect of the Brave: 52120,Sự Mong Đợi Của Dũng Sĩ: 52120,52120
Prospect of the Brave: 52121,Sự Mong Đợi Của Dũng Sĩ: 52121,52121
Prospect of the Brave: 52122,Sự Mong Đợi Của Dũng Sĩ: 52122,52122
Prospect of the Brave: 52123,Sự Mong Đợi Của Dũng Sĩ: 52123,52123
Prospect of the Brave: 52124,Sự Mong Đợi Của Dũng Sĩ: 52124,52124
Crown of the Brave: 52130,Vương Miện Dũng Sĩ: 52130,52130
Crown of the Brave: 52131,Vương Miện Dũng Sĩ: 52131,52131
Crown of the Brave: 52132,Vương Miện Dũng Sĩ: 52132,52132
Crown of the Brave: 52133,Vương Miện Dũng Sĩ: 52133,52133
Crown of the Brave: 52134,Vương Miện Dũng Sĩ: 52134,52134
Medal of the Brave: 52140,Huy Chương Dũng Sĩ: 52140,52140
Medal of the Brave: 52141,Huy Chương Dũng Sĩ: 52141,52141
Medal of the Brave: 52142,Huy Chương Dũng Sĩ: 52142,52142
Medal of the Brave: 52143,Huy Chương Dũng Sĩ: 52143,52143
Medal of the Brave: 52144,Huy Chương Dũng Sĩ: 52144,52144
Fortitude of the Brave: 52150,Sự Kiên Nghị Của Dũng Sĩ: 52150,52150
Fortitude of the Brave: 52151,Sự Kiên Nghị Của Dũng Sĩ: 52151,52151
Fortitude of the Brave: 52152,Sự Kiên Nghị Của Dũng Sĩ: 52152,52152
Fortitude of the Brave: 52153,Sự Kiên Nghị Của Dũng Sĩ: 52153,52153
Fortitude of the Brave: 52154,Sự Kiên Nghị Của Dũng Sĩ: 52154,52154
Outset of the Brave: 52210,Hành Trình Của Dũng Sĩ: 52210,52210
Outset of the Brave: 52211,Hành Trình Của Dũng Sĩ: 52211,52211
Outset of the Brave: 52212,Hành Trình Của Dũng Sĩ: 52212,52212
Outset of the Brave: 52213,Hành Trình Của Dũng Sĩ: 52213,52213
Outset of the Brave: 52214,Hành Trình Của Dũng Sĩ: 52214,52214
Prospect of the Brave: 52220,Sự Mong Đợi Của Dũng Sĩ: 52220,52220
Prospect of the Brave: 52221,Sự Mong Đợi Của Dũng Sĩ: 52221,52221
Prospect of the Brave: 52222,Sự Mong Đợi Của Dũng Sĩ: 52222,52222
Prospect of the Brave: 52223,Sự Mong Đợi Của Dũng Sĩ: 52223,52223
Prospect of the Brave: 52224,Sự Mong Đợi Của Dũng Sĩ: 52224,52224
Crown of the Brave: 52230,Vương Miện Dũng Sĩ: 52230,52230
Crown of the Brave: 52231,Vương Miện Dũng Sĩ: 52231,52231
Crown of the Brave: 52232,Vương Miện Dũng Sĩ: 52232,52232
Crown of the Brave: 52233,Vương Miện Dũng Sĩ: 52233,52233
Crown of the Brave: 52234,Vương Miện Dũng Sĩ: 52234,52234
Medal of the Brave: 52240,Huy Chương Dũng Sĩ: 52240,52240
Medal of the Brave: 52241,Huy Chương Dũng Sĩ: 52241,52241
Medal of the Brave: 52242,Huy Chương Dũng Sĩ: 52242,52242
Medal of the Brave: 52243,Huy Chương Dũng Sĩ: 52243,52243
Medal of the Brave: 52244,Huy Chương Dũng Sĩ: 52244,52244
Fortitude of the Brave: 52250,Sự Kiên Nghị Của Dũng Sĩ: 52250,52250
Fortitude of the Brave: 52251,Sự Kiên Nghị Của Dũng Sĩ: 52251,52251
Fortitude of the Brave: 52252,Sự Kiên Nghị Của Dũng Sĩ: 52252,52252
Fortitude of the Brave: 52253,Sự Kiên Nghị Của Dũng Sĩ: 52253,52253
Fortitude of the Brave: 52254,Sự Kiên Nghị Của Dũng Sĩ: 52254,52254
Outset of the Brave: 52310,Hành Trình Của Dũng Sĩ: 52310,52310
Outset of the Brave: 52311,Hành Trình Của Dũng Sĩ: 52311,52311
Outset of the Brave: 52312,Hành Trình Của Dũng Sĩ: 52312,52312
Outset of the Brave: 52313,Hành Trình Của Dũng Sĩ: 52313,52313
Outset of the Brave: 52314,Hành Trình Của Dũng Sĩ: 52314,52314
Prospect of the Brave: 52320,Sự Mong Đợi Của Dũng Sĩ: 52320,52320
Prospect of the Brave: 52321,Sự Mong Đợi Của Dũng Sĩ: 52321,52321
Prospect of the Brave: 52322,Sự Mong Đợi Của Dũng Sĩ: 52322,52322
Prospect of the Brave: 52323,Sự Mong Đợi Của Dũng Sĩ: 52323,52323
Prospect of the Brave: 52324,Sự Mong Đợi Của Dũng Sĩ: 52324,52324
Crown of the Brave: 52330,Vương Miện Dũng Sĩ: 52330,52330
Crown of the Brave: 52331,Vương Miện Dũng Sĩ: 52331,52331
Crown of the Brave: 52332,Vương Miện Dũng Sĩ: 52332,52332
Crown of the Brave: 52333,Vương Miện Dũng Sĩ: 52333,52333
Crown of the Brave: 52334,Vương Miện Dũng Sĩ: 52334,52334
Medal of the Brave: 52340,Huy Chương Dũng Sĩ: 52340,52340
Medal of the Brave: 52341,Huy Chương Dũng Sĩ: 52341,52341
Medal of the Brave: 52342,Huy Chương Dũng Sĩ: 52342,52342
Medal of the Brave: 52343,Huy Chương Dũng Sĩ: 52343,52343
Medal of the Brave: 52344,Huy Chương Dũng Sĩ: 52344,52344
Fortitude of the Brave: 52350,Sự Kiên Nghị Của Dũng Sĩ: 52350,52350
Fortitude of the Brave: 52351,Sự Kiên Nghị Của Dũng Sĩ: 52351,52351
Fortitude of the Brave: 52352,Sự Kiên Nghị Của Dũng Sĩ: 52352,52352
Fortitude of the Brave: 52353,Sự Kiên Nghị Của Dũng Sĩ: 52353,52353
Fortitude of the Brave: 52354,Sự Kiên Nghị Của Dũng Sĩ: 52354,52354
Outset of the Brave: 52410,Hành Trình Của Dũng Sĩ: 52410,52410
Outset of the Brave: 52411,Hành Trình Của Dũng Sĩ: 52411,52411
Outset of the Brave: 52412,Hành Trình Của Dũng Sĩ: 52412,52412
Outset of the Brave: 52413,Hành Trình Của Dũng Sĩ: 52413,52413
Outset of the Brave: 52414,Hành Trình Của Dũng Sĩ: 52414,52414
Prospect of the Brave: 52420,Sự Mong Đợi Của Dũng Sĩ: 52420,52420
Prospect of the Brave: 52421,Sự Mong Đợi Của Dũng Sĩ: 52421,52421
Prospect of the Brave: 52422,Sự Mong Đợi Của Dũng Sĩ: 52422,52422
Prospect of the Brave: 52423,Sự Mong Đợi Của Dũng Sĩ: 52423,52423
Prospect of the Brave: 52424,Sự Mong Đợi Của Dũng Sĩ: 52424,52424
Crown of the Brave: 52430,Vương Miện Dũng Sĩ: 52430,52430
Crown of the Brave: 52431,Vương Miện Dũng Sĩ: 52431,52431
Crown of the Brave: 52432,Vương Miện Dũng Sĩ: 52432,52432
Crown of the Brave: 52433,Vương Miện Dũng Sĩ: 52433,52433
Crown of the Brave: 52434,Vương Miện Dũng Sĩ: 52434,52434
Medal of the Brave: 52440,Huy Chương Dũng Sĩ: 52440,52440
Medal of the Brave: 52441,Huy Chương Dũng Sĩ: 52441,52441
Medal of the Brave: 52442,Huy Chương Dũng Sĩ: 52442,52442
Medal of the Brave: 52443,Huy Chương Dũng Sĩ: 52443,52443
Medal of the Brave: 52444,Huy Chương Dũng Sĩ: 52444,52444
Fortitude of the Brave: 52450,Sự Kiên Nghị Của Dũng Sĩ: 52450,52450
Fortitude of the Brave: 52451,Sự Kiên Nghị Của Dũng Sĩ: 52451,52451
Fortitude of the Brave: 52452,Sự Kiên Nghị Của Dũng Sĩ: 52452,52452
Fortitude of the Brave: 52453,Sự Kiên Nghị Của Dũng Sĩ: 52453,52453
Fortitude of the Brave: 52454,Sự Kiên Nghị Của Dũng Sĩ: 52454,52454
Outset of the Brave: 52510,Hành Trình Của Dũng Sĩ: 52510,52510
Outset of the Brave: 52511,Hành Trình Của Dũng Sĩ: 52511,52511
Outset of the Brave: 52512,Hành Trình Của Dũng Sĩ: 52512,52512
Outset of the Brave: 52513,Hành Trình Của Dũng Sĩ: 52513,52513
Outset of the Brave: 52514,Hành Trình Của Dũng Sĩ: 52514,52514
Prospect of the Brave: 52520,Sự Mong Đợi Của Dũng Sĩ: 52520,52520
Prospect of the Brave: 52521,Sự Mong Đợi Của Dũng Sĩ: 52521,52521
Prospect of the Brave: 52522,Sự Mong Đợi Của Dũng Sĩ: 52522,52522
Prospect of the Brave: 52523,Sự Mong Đợi Của Dũng Sĩ: 52523,52523
Prospect of the Brave: 52524,Sự Mong Đợi Của Dũng Sĩ: 52524,52524
Crown of the Brave: 52530,Vương Miện Dũng Sĩ: 52530,52530
Crown of the Brave: 52531,Vương Miện Dũng Sĩ: 52531,52531
Crown of the Brave: 52532,Vương Miện Dũng Sĩ: 52532,52532
Crown of the Brave: 52533,Vương Miện Dũng Sĩ: 52533,52533
Crown of the Brave: 52534,Vương Miện Dũng Sĩ: 52534,52534
Medal of the Brave: 52540,Huy Chương Dũng Sĩ: 52540,52540
Medal of the Brave: 52541,Huy Chương Dũng Sĩ: 52541,52541
Medal of the Brave: 52542,Huy Chương Dũng Sĩ: 52542,52542
Medal of the Brave: 52543,Huy Chương Dũng Sĩ: 52543,52543
Medal of the Brave: 52544,Huy Chương Dũng Sĩ: 52544,52544
Fortitude of the Brave: 52550,Sự Kiên Nghị Của Dũng Sĩ: 52550,52550
Fortitude of the Brave: 52551,Sự Kiên Nghị Của Dũng Sĩ: 52551,52551
Fortitude of the Brave: 52552,Sự Kiên Nghị Của Dũng Sĩ: 52552,52552
Fortitude of the Brave: 52553,Sự Kiên Nghị Của Dũng Sĩ: 52553,52553
Fortitude of the Brave: 52554,Sự Kiên Nghị Của Dũng Sĩ: 52554,52554
Guardian's Vessel: 53110,Ly Thủ Hộ: 53110,53110
Guardian's Vessel: 53111,Ly Thủ Hộ: 53111,53111
Guardian's Vessel: 53112,Ly Thủ Hộ: 53112,53112
Guardian's Vessel: 53113,Ly Thủ Hộ: 53113,53113
Guardian's Vessel: 53114,Ly Thủ Hộ: 53114,53114
Guardian's Sigil: 53120,Huy Hiệu Thủ Hộ: 53120,53120
Guardian's Sigil: 53121,Huy Hiệu Thủ Hộ: 53121,53121
Guardian's Sigil: 53122,Huy Hiệu Thủ Hộ: 53122,53122
Guardian's Sigil: 53123,Huy Hiệu Thủ Hộ: 53123,53123
Guardian's Sigil: 53124,Huy Hiệu Thủ Hộ: 53124,53124
Guardian's Band: 53130,Nón Thủ Hộ: 53130,53130
Guardian's Band: 53131,Nón Thủ Hộ: 53131,53131
Guardian's Band: 53132,Nón Thủ Hộ: 53132,53132
Guardian's Band: 53133,Nón Thủ Hộ: 53133,53133
Guardian's Band: 53134,Nón Thủ Hộ: 53134,53134
Guardian's Flower: 53140,Hoa Thủ Hộ: 53140,53140
Guardian's Flower: 53141,Hoa Thủ Hộ: 53141,53141
Guardian's Flower: 53142,Hoa Thủ Hộ: 53142,53142
Guardian's Flower: 53143,Hoa Thủ Hộ: 53143,53143
Guardian's Flower: 53144,Hoa Thủ Hộ: 53144,53144
Guardian's Clock: 53150,Đồng Hồ Thủ Hộ: 53150,53150
Guardian's Clock: 53151,Đồng Hồ Thủ Hộ: 53151,53151
Guardian's Clock: 53152,Đồng Hồ Thủ Hộ: 53152,53152
Guardian's Clock: 53153,Đồng Hồ Thủ Hộ: 53153,53153
Guardian's Clock: 53154,Đồng Hồ Thủ Hộ: 53154,53154
Guardian's Vessel: 53210,Ly Thủ Hộ: 53210,53210
Guardian's Vessel: 53211,Ly Thủ Hộ: 53211,53211
Guardian's Vessel: 53212,Ly Thủ Hộ: 53212,53212
Guardian's Vessel: 53213,Ly Thủ Hộ: 53213,53213
Guardian's Vessel: 53214,Ly Thủ Hộ: 53214,53214
Guardian's Sigil: 53220,Huy Hiệu Thủ Hộ: 53220,53220
Guardian's Sigil: 53221,Huy Hiệu Thủ Hộ: 53221,53221
Guardian's Sigil: 53222,Huy Hiệu Thủ Hộ: 53222,53222
Guardian's Sigil: 53223,Huy Hiệu Thủ Hộ: 53223,53223
Guardian's Sigil: 53224,Huy Hiệu Thủ Hộ: 53224,53224
Guardian's Band: 53230,Nón Thủ Hộ: 53230,53230
Guardian's Band: 53231,Nón Thủ Hộ: 53231,53231
Guardian's Band: 53232,Nón Thủ Hộ: 53232,53232
Guardian's Band: 53233,Nón Thủ Hộ: 53233,53233
Guardian's Band: 53234,Nón Thủ Hộ: 53234,53234
Guardian's Flower: 53240,Hoa Thủ Hộ: 53240,53240
Guardian's Flower: 53241,Hoa Thủ Hộ: 53241,53241
Guardian's Flower: 53242,Hoa Thủ Hộ: 53242,53242
Guardian's Flower: 53243,Hoa Thủ Hộ: 53243,53243
Guardian's Flower: 53244,Hoa Thủ Hộ: 53244,53244
Guardian's Clock: 53250,Đồng Hồ Thủ Hộ: 53250,53250
Guardian's Clock: 53251,Đồng Hồ Thủ Hộ: 53251,53251
Guardian's Clock: 53252,Đồng Hồ Thủ Hộ: 53252,53252
Guardian's Clock: 53253,Đồng Hồ Thủ Hộ: 53253,53253
Guardian's Clock: 53254,Đồng Hồ Thủ Hộ: 53254,53254
Guardian's Vessel: 53310,Ly Thủ Hộ: 53310,53310
Guardian's Vessel: 53311,Ly Thủ Hộ: 53311,53311
Guardian's Vessel: 53312,Ly Thủ Hộ: 53312,53312
Guardian's Vessel: 53313,Ly Thủ Hộ: 53313,53313
Guardian's Vessel: 53314,Ly Thủ Hộ: 53314,53314
Guardian's Sigil: 53320,Huy Hiệu Thủ Hộ: 53320,53320
Guardian's Sigil: 53321,Huy Hiệu Thủ Hộ: 53321,53321
Guardian's Sigil: 53322,Huy Hiệu Thủ Hộ: 53322,53322
Guardian's Sigil: 53323,Huy Hiệu Thủ Hộ: 53323,53323
Guardian's Sigil: 53324,Huy Hiệu Thủ Hộ: 53324,53324
Guardian's Band: 53330,Nón Thủ Hộ: 53330,53330
Guardian's Band: 53331,Nón Thủ Hộ: 53331,53331
Guardian's Band: 53332,Nón Thủ Hộ: 53332,53332
Guardian's Band: 53333,Nón Thủ Hộ: 53333,53333
Guardian's Band: 53334,Nón Thủ Hộ: 53334,53334
Guardian's Flower: 53340,Hoa Thủ Hộ: 53340,53340
Guardian's Flower: 53341,Hoa Thủ Hộ: 53341,53341
Guardian's Flower: 53342,Hoa Thủ Hộ: 53342,53342
Guardian's Flower: 53343,Hoa Thủ Hộ: 53343,53343
Guardian's Flower: 53344,Hoa Thủ Hộ: 53344,53344
Guardian's Clock: 53350,Đồng Hồ Thủ Hộ: 53350,53350
Guardian's Clock: 53351,Đồng Hồ Thủ Hộ: 53351,53351
Guardian's Clock: 53352,Đồng Hồ Thủ Hộ: 53352,53352
Guardian's Clock: 53353,Đồng Hồ Thủ Hộ: 53353,53353
Guardian's Clock: 53354,Đồng Hồ Thủ Hộ: 53354,53354
Guardian's Vessel: 53410,Ly Thủ Hộ: 53410,53410
Guardian's Vessel: 53411,Ly Thủ Hộ: 53411,53411
Guardian's Vessel: 53412,Ly Thủ Hộ: 53412,53412
Guardian's Vessel: 53413,Ly Thủ Hộ: 53413,53413
Guardian's Vessel: 53414,Ly Thủ Hộ: 53414,53414
Guardian's Sigil: 53420,Huy Hiệu Thủ Hộ: 53420,53420
Guardian's Sigil: 53421,Huy Hiệu Thủ Hộ: 53421,53421
Guardian's Sigil: 53422,Huy Hiệu Thủ Hộ: 53422,53422
Guardian's Sigil: 53423,Huy Hiệu Thủ Hộ: 53423,53423
Guardian's Sigil: 53424,Huy Hiệu Thủ Hộ: 53424,53424
Guardian's Band: 53430,Nón Thủ Hộ: 53430,53430
Guardian's Band: 53431,Nón Thủ Hộ: 53431,53431
Guardian's Band: 53432,Nón Thủ Hộ: 53432,53432
Guardian's Band: 53433,Nón Thủ Hộ: 53433,53433
Guardian's Band: 53434,Nón Thủ Hộ: 53434,53434
Guardian's Flower: 53440,Hoa Thủ Hộ: 53440,53440
Guardian's Flower: 53441,Hoa Thủ Hộ: 53441,53441
Guardian's Flower: 53442,Hoa Thủ Hộ: 53442,53442
Guardian's Flower: 53443,Hoa Thủ Hộ: 53443,53443
Guardian's Flower: 53444,Hoa Thủ Hộ: 53444,53444
Guardian's Clock: 53450,Đồng Hồ Thủ Hộ: 53450,53450
Guardian's Clock: 53451,Đồng Hồ Thủ Hộ: 53451,53451
Guardian's Clock: 53452,Đồng Hồ Thủ Hộ: 53452,53452
Guardian's Clock: 53453,Đồng Hồ Thủ Hộ: 53453,53453
Guardian's Clock: 53454,Đồng Hồ Thủ Hộ: 53454,53454
Guardian's Vessel: 53510,Ly Thủ Hộ: 53510,53510
Guardian's Vessel: 53511,Ly Thủ Hộ: 53511,53511
Guardian's Vessel: 53512,Ly Thủ Hộ: 53512,53512
Guardian's Vessel: 53513,Ly Thủ Hộ: 53513,53513
Guardian's Vessel: 53514,Ly Thủ Hộ: 53514,53514
Guardian's Sigil: 53520,Huy Hiệu Thủ Hộ: 53520,53520
Guardian's Sigil: 53521,Huy Hiệu Thủ Hộ: 53521,53521
Guardian's Sigil: 53522,Huy Hiệu Thủ Hộ: 53522,53522
Guardian's Sigil: 53523,Huy Hiệu Thủ Hộ: 53523,53523
Guardian's Sigil: 53524,Huy Hiệu Thủ Hộ: 53524,53524
Guardian's Band: 53530,Nón Thủ Hộ: 53530,53530
Guardian's Band: 53531,Nón Thủ Hộ: 53531,53531
Guardian's Band: 53532,Nón Thủ Hộ: 53532,53532
Guardian's Band: 53533,Nón Thủ Hộ: 53533,53533
Guardian's Band: 53534,Nón Thủ Hộ: 53534,53534
Guardian's Flower: 53540,Hoa Thủ Hộ: 53540,53540
Guardian's Flower: 53541,Hoa Thủ Hộ: 53541,53541
Guardian's Flower: 53542,Hoa Thủ Hộ: 53542,53542
Guardian's Flower: 53543,Hoa Thủ Hộ: 53543,53543
Guardian's Flower: 53544,Hoa Thủ Hộ: 53544,53544
Guardian's Clock: 53550,Đồng Hồ Thủ Hộ: 53550,53550
Guardian's Clock: 53551,Đồng Hồ Thủ Hộ: 53551,53551
Guardian's Clock: 53552,Đồng Hồ Thủ Hộ: 53552,53552
Guardian's Clock: 53553,Đồng Hồ Thủ Hộ: 53553,53553
Guardian's Clock: 53554,Đồng Hồ Thủ Hộ: 53554,53554
Tiny Miracle's Goblet: 54110,Ly Kỳ Tích: 54110,54110
Tiny Miracle's Goblet: 54111,Ly Kỳ Tích: 54111,54111
Tiny Miracle's Goblet: 54112,Ly Kỳ Tích: 54112,54112
Tiny Miracle's Goblet: 54113,Ly Kỳ Tích: 54113,54113
Tiny Miracle's Goblet: 54114,Ly Kỳ Tích: 54114,54114
Tiny Miracle's Feather: 54120,Lông Vũ Kỳ Tích: 54120,54120
Tiny Miracle's Feather: 54121,Lông Vũ Kỳ Tích: 54121,54121
Tiny Miracle's Feather: 54122,Lông Vũ Kỳ Tích: 54122,54122
Tiny Miracle's Feather: 54123,Lông Vũ Kỳ Tích: 54123,54123
Tiny Miracle's Feather: 54124,Lông Vũ Kỳ Tích: 54124,54124
Tiny Miracle's Earrings: 54130,Bông Tai Kỳ Tích: 54130,54130
Tiny Miracle's Earrings: 54131,Bông Tai Kỳ Tích: 54131,54131
Tiny Miracle's Earrings: 54132,Bông Tai Kỳ Tích: 54132,54132
Tiny Miracle's Earrings: 54133,Bông Tai Kỳ Tích: 54133,54133
Tiny Miracle's Earrings: 54134,Bông Tai Kỳ Tích: 54134,54134
Tiny Miracle's Flower: 54140,Hoa Kỳ Tích: 54140,54140
Tiny Miracle's Flower: 54141,Hoa Kỳ Tích: 54141,54141
Tiny Miracle's Flower: 54142,Hoa Kỳ Tích: 54142,54142
Tiny Miracle's Flower: 54143,Hoa Kỳ Tích: 54143,54143
Tiny Miracle's Flower: 54144,Hoa Kỳ Tích: 54144,54144
Tiny Miracle's Hourglass: 54150,Cát Kỳ Tích: 54150,54150
Tiny Miracle's Hourglass: 54151,Cát Kỳ Tích: 54151,54151
Tiny Miracle's Hourglass: 54152,Cát Kỳ Tích: 54152,54152
Tiny Miracle's Hourglass: 54153,Cát Kỳ Tích: 54153,54153
Tiny Miracle's Hourglass: 54154,Cát Kỳ Tích: 54154,54154
Tiny Miracle's Goblet: 54210,Ly Kỳ Tích: 54210,54210
Tiny Miracle's Goblet: 54211,Ly Kỳ Tích: 54211,54211
Tiny Miracle's Goblet: 54212,Ly Kỳ Tích: 54212,54212
Tiny Miracle's Goblet: 54213,Ly Kỳ Tích: 54213,54213
Tiny Miracle's Goblet: 54214,Ly Kỳ Tích: 54214,54214
Tiny Miracle's Feather: 54220,Lông Vũ Kỳ Tích: 54220,54220
Tiny Miracle's Feather: 54221,Lông Vũ Kỳ Tích: 54221,54221
Tiny Miracle's Feather: 54222,Lông Vũ Kỳ Tích: 54222,54222
Tiny Miracle's Feather: 54223,Lông Vũ Kỳ Tích: 54223,54223
Tiny Miracle's Feather: 54224,Lông Vũ Kỳ Tích: 54224,54224
Tiny Miracle's Earrings: 54230,Bông Tai Kỳ Tích: 54230,54230
Tiny Miracle's Earrings: 54231,Bông Tai Kỳ Tích: 54231,54231
Tiny Miracle's Earrings: 54232,Bông Tai Kỳ Tích: 54232,54232
Tiny Miracle's Earrings: 54233,Bông Tai Kỳ Tích: 54233,54233
Tiny Miracle's Earrings: 54234,Bông Tai Kỳ Tích: 54234,54234
Tiny Miracle's Flower: 54240,Hoa Kỳ Tích: 54240,54240
Tiny Miracle's Flower: 54241,Hoa Kỳ Tích: 54241,54241
Tiny Miracle's Flower: 54242,Hoa Kỳ Tích: 54242,54242
Tiny Miracle's Flower: 54243,Hoa Kỳ Tích: 54243,54243
Tiny Miracle's Flower: 54244,Hoa Kỳ Tích: 54244,54244
Tiny Miracle's Hourglass: 54250,Cát Kỳ Tích: 54250,54250
Tiny Miracle's Hourglass: 54251,Cát Kỳ Tích: 54251,54251
Tiny Miracle's Hourglass: 54252,Cát Kỳ Tích: 54252,54252
Tiny Miracle's Hourglass: 54253,Cát Kỳ Tích: 54253,54253
Tiny Miracle's Hourglass: 54254,Cát Kỳ Tích: 54254,54254
Tiny Miracle's Goblet: 54310,Ly Kỳ Tích: 54310,54310
Tiny Miracle's Goblet: 54311,Ly Kỳ Tích: 54311,54311
Tiny Miracle's Goblet: 54312,Ly Kỳ Tích: 54312,54312
Tiny Miracle's Goblet: 54313,Ly Kỳ Tích: 54313,54313
Tiny Miracle's Goblet: 54314,Ly Kỳ Tích: 54314,54314
Tiny Miracle's Feather: 54320,Lông Vũ Kỳ Tích: 54320,54320
Tiny Miracle's Feather: 54321,Lông Vũ Kỳ Tích: 54321,54321
Tiny Miracle's Feather: 54322,Lông Vũ Kỳ Tích: 54322,54322
Tiny Miracle's Feather: 54323,Lông Vũ Kỳ Tích: 54323,54323
Tiny Miracle's Feather: 54324,Lông Vũ Kỳ Tích: 54324,54324
Tiny Miracle's Earrings: 54330,Bông Tai Kỳ Tích: 54330,54330
Tiny Miracle's Earrings: 54331,Bông Tai Kỳ Tích: 54331,54331
Tiny Miracle's Earrings: 54332,Bông Tai Kỳ Tích: 54332,54332
Tiny Miracle's Earrings: 54333,Bông Tai Kỳ Tích: 54333,54333
Tiny Miracle's Earrings: 54334,Bông Tai Kỳ Tích: 54334,54334
Tiny Miracle's Flower: 54340,Hoa Kỳ Tích: 54340,54340
Tiny Miracle's Flower: 54341,Hoa Kỳ Tích: 54341,54341
Tiny Miracle's Flower: 54342,Hoa Kỳ Tích: 54342,54342
Tiny Miracle's Flower: 54343,Hoa Kỳ Tích: 54343,54343
Tiny Miracle's Flower: 54344,Hoa Kỳ Tích: 54344,54344
Tiny Miracle's Hourglass: 54350,Cát Kỳ Tích: 54350,54350
Tiny Miracle's Hourglass: 54351,Cát Kỳ Tích: 54351,54351
Tiny Miracle's Hourglass: 54352,Cát Kỳ Tích: 54352,54352
Tiny Miracle's Hourglass: 54353,Cát Kỳ Tích: 54353,54353
Tiny Miracle's Hourglass: 54354,Cát Kỳ Tích: 54354,54354
Tiny Miracle's Goblet: 54410,Ly Kỳ Tích: 54410,54410
Tiny Miracle's Goblet: 54411,Ly Kỳ Tích: 54411,54411
Tiny Miracle's Goblet: 54412,Ly Kỳ Tích: 54412,54412
Tiny Miracle's Goblet: 54413,Ly Kỳ Tích: 54413,54413
Tiny Miracle's Goblet: 54414,Ly Kỳ Tích: 54414,54414
Tiny Miracle's Feather: 54420,Lông Vũ Kỳ Tích: 54420,54420
Tiny Miracle's Feather: 54421,Lông Vũ Kỳ Tích: 54421,54421
Tiny Miracle's Feather: 54422,Lông Vũ Kỳ Tích: 54422,54422
Tiny Miracle's Feather: 54423,Lông Vũ Kỳ Tích: 54423,54423
Tiny Miracle's Feather: 54424,Lông Vũ Kỳ Tích: 54424,54424
Tiny Miracle's Earrings: 54430,Bông Tai Kỳ Tích: 54430,54430
Tiny Miracle's Earrings: 54431,Bông Tai Kỳ Tích: 54431,54431
Tiny Miracle's Earrings: 54432,Bông Tai Kỳ Tích: 54432,54432
Tiny Miracle's Earrings: 54433,Bông Tai Kỳ Tích: 54433,54433
Tiny Miracle's Earrings: 54434,Bông Tai Kỳ Tích: 54434,54434
Tiny Miracle's Flower: 54440,Hoa Kỳ Tích: 54440,54440
Tiny Miracle's Flower: 54441,Hoa Kỳ Tích: 54441,54441
Tiny Miracle's Flower: 54442,Hoa Kỳ Tích: 54442,54442
Tiny Miracle's Flower: 54443,Hoa Kỳ Tích: 54443,54443
Tiny Miracle's Flower: 54444,Hoa Kỳ Tích: 54444,54444
Tiny Miracle's Hourglass: 54450,Cát Kỳ Tích: 54450,54450
Tiny Miracle's Hourglass: 54451,Cát Kỳ Tích: 54451,54451
Tiny Miracle's Hourglass: 54452,Cát Kỳ Tích: 54452,54452
Tiny Miracle's Hourglass: 54453,Cát Kỳ Tích: 54453,54453
Tiny Miracle's Hourglass: 54454,Cát Kỳ Tích: 54454,54454
Tiny Miracle's Goblet: 54510,Ly Kỳ Tích: 54510,54510
Tiny Miracle's Goblet: 54511,Ly Kỳ Tích: 54511,54511
Tiny Miracle's Goblet: 54512,Ly Kỳ Tích: 54512,54512
Tiny Miracle's Goblet: 54513,Ly Kỳ Tích: 54513,54513
Tiny Miracle's Goblet: 54514,Ly Kỳ Tích: 54514,54514
Tiny Miracle's Feather: 54520,Lông Vũ Kỳ Tích: 54520,54520
Tiny Miracle's Feather: 54521,Lông Vũ Kỳ Tích: 54521,54521
Tiny Miracle's Feather: 54522,Lông Vũ Kỳ Tích: 54522,54522
Tiny Miracle's Feather: 54523,Lông Vũ Kỳ Tích: 54523,54523
Tiny Miracle's Feather: 54524,Lông Vũ Kỳ Tích: 54524,54524
Tiny Miracle's Earrings: 54530,Bông Tai Kỳ Tích: 54530,54530
Tiny Miracle's Earrings: 54531,Bông Tai Kỳ Tích: 54531,54531
Tiny Miracle's Earrings: 54532,Bông Tai Kỳ Tích: 54532,54532
Tiny Miracle's Earrings: 54533,Bông Tai Kỳ Tích: 54533,54533
Tiny Miracle's Earrings: 54534,Bông Tai Kỳ Tích: 54534,54534
Tiny Miracle's Flower: 54540,Hoa Kỳ Tích: 54540,54540
Tiny Miracle's Flower: 54541,Hoa Kỳ Tích: 54541,54541
Tiny Miracle's Flower: 54542,Hoa Kỳ Tích: 54542,54542
Tiny Miracle's Flower: 54543,Hoa Kỳ Tích: 54543,54543
Tiny Miracle's Flower: 54544,Hoa Kỳ Tích: 54544,54544
Tiny Miracle's Hourglass: 54550,Cát Kỳ Tích: 54550,54550
Tiny Miracle's Hourglass: 54551,Cát Kỳ Tích: 54551,54551
Tiny Miracle's Hourglass: 54552,Cát Kỳ Tích: 54552,54552
Tiny Miracle's Hourglass: 54553,Cát Kỳ Tích: 54553,54553
Tiny Miracle's Hourglass: 54554,Cát Kỳ Tích: 54554,54554
Berserker's Bone Goblet: 55110,Ly Xương Cuồng Chiến: 55110,55110
Berserker's Bone Goblet: 55111,Ly Xương Cuồng Chiến: 55111,55111
Berserker's Bone Goblet: 55112,Ly Xương Cuồng Chiến: 55112,55112
Berserker's Bone Goblet: 55113,Ly Xương Cuồng Chiến: 55113,55113
Berserker's Bone Goblet: 55114,Ly Xương Cuồng Chiến: 55114,55114
Berserker's Indigo Feather: 55120,Lông Vũ Cuồng Chiến: 55120,55120
Berserker's Indigo Feather: 55121,Lông Vũ Cuồng Chiến: 55121,55121
Berserker's Indigo Feather: 55122,Lông Vũ Cuồng Chiến: 55122,55122
Berserker's Indigo Feather: 55123,Lông Vũ Cuồng Chiến: 55123,55123
Berserker's Indigo Feather: 55124,Lông Vũ Cuồng Chiến: 55124,55124
Berserker's Battle Mask: 55130,Mặt Quỷ Cuồng Chiến: 55130,55130
Berserker's Battle Mask: 55131,Mặt Quỷ Cuồng Chiến: 55131,55131
Berserker's Battle Mask: 55132,Mặt Quỷ Cuồng Chiến: 55132,55132
Berserker's Battle Mask: 55133,Mặt Quỷ Cuồng Chiến: 55133,55133
Berserker's Battle Mask: 55134,Mặt Quỷ Cuồng Chiến: 55134,55134
Berserker's Rose: 55140,Tường Vi Cuồng Chiến: 55140,55140
Berserker's Rose: 55141,Tường Vi Cuồng Chiến: 55141,55141
Berserker's Rose: 55142,Tường Vi Cuồng Chiến: 55142,55142
Berserker's Rose: 55143,Tường Vi Cuồng Chiến: 55143,55143
Berserker's Rose: 55144,Tường Vi Cuồng Chiến: 55144,55144
Berserker's Timepiece: 55150,Đồng Hồ Cuồng Chiến: 55150,55150
Berserker's Timepiece: 55151,Đồng Hồ Cuồng Chiến: 55151,55151
Berserker's Timepiece: 55152,Đồng Hồ Cuồng Chiến: 55152,55152
Berserker's Timepiece: 55153,Đồng Hồ Cuồng Chiến: 55153,55153
Berserker's Timepiece: 55154,Đồng Hồ Cuồng Chiến: 55154,55154
Berserker's Bone Goblet: 55210,Ly Xương Cuồng Chiến: 55210,55210
Berserker's Bone Goblet: 55211,Ly Xương Cuồng Chiến: 55211,55211
Berserker's Bone Goblet: 55212,Ly Xương Cuồng Chiến: 55212,55212
Berserker's Bone Goblet: 55213,Ly Xương Cuồng Chiến: 55213,55213
Berserker's Bone Goblet: 55214,Ly Xương Cuồng Chiến: 55214,55214
Berserker's Indigo Feather: 55220,Lông Vũ Cuồng Chiến: 55220,55220
Berserker's Indigo Feather: 55221,Lông Vũ Cuồng Chiến: 55221,55221
Berserker's Indigo Feather: 55222,Lông Vũ Cuồng Chiến: 55222,55222
Berserker's Indigo Feather: 55223,Lông Vũ Cuồng Chiến: 55223,55223
Berserker's Indigo Feather: 55224,Lông Vũ Cuồng Chiến: 55224,55224
Berserker's Battle Mask: 55230,Mặt Quỷ Cuồng Chiến: 55230,55230
Berserker's Battle Mask: 55231,Mặt Quỷ Cuồng Chiến: 55231,55231
Berserker's Battle Mask: 55232,Mặt Quỷ Cuồng Chiến: 55232,55232
Berserker's Battle Mask: 55233,Mặt Quỷ Cuồng Chiến: 55233,55233
Berserker's Battle Mask: 55234,Mặt Quỷ Cuồng Chiến: 55234,55234
Berserker's Rose: 55240,Tường Vi Cuồng Chiến: 55240,55240
Berserker's Rose: 55241,Tường Vi Cuồng Chiến: 55241,55241
Berserker's Rose: 55242,Tường Vi Cuồng Chiến: 55242,55242
Berserker's Rose: 55243,Tường Vi Cuồng Chiến: 55243,55243
Berserker's Rose: 55244,Tường Vi Cuồng Chiến: 55244,55244
Berserker's Timepiece: 55250,Đồng Hồ Cuồng Chiến: 55250,55250
Berserker's Timepiece: 55251,Đồng Hồ Cuồng Chiến: 55251,55251
Berserker's Timepiece: 55252,Đồng Hồ Cuồng Chiến: 55252,55252
Berserker's Timepiece: 55253,Đồng Hồ Cuồng Chiến: 55253,55253
Berserker's Timepiece: 55254,Đồng Hồ Cuồng Chiến: 55254,55254
Berserker's Bone Goblet: 55310,Ly Xương Cuồng Chiến: 55310,55310
Berserker's Bone Goblet: 55311,Ly Xương Cuồng Chiến: 55311,55311
Berserker's Bone Goblet: 55312,Ly Xương Cuồng Chiến: 55312,55312
Berserker's Bone Goblet: 55313,Ly Xương Cuồng Chiến: 55313,55313
Berserker's Bone Goblet: 55314,Ly Xương Cuồng Chiến: 55314,55314
Berserker's Indigo Feather: 55320,Lông Vũ Cuồng Chiến: 55320,55320
Berserker's Indigo Feather: 55321,Lông Vũ Cuồng Chiến: 55321,55321
Berserker's Indigo Feather: 55322,Lông Vũ Cuồng Chiến: 55322,55322
Berserker's Indigo Feather: 55323,Lông Vũ Cuồng Chiến: 55323,55323
Berserker's Indigo Feather: 55324,Lông Vũ Cuồng Chiến: 55324,55324
Berserker's Battle Mask: 55330,Mặt Quỷ Cuồng Chiến: 55330,55330
Berserker's Battle Mask: 55331,Mặt Quỷ Cuồng Chiến: 55331,55331
Berserker's Battle Mask: 55332,Mặt Quỷ Cuồng Chiến: 55332,55332
Berserker's Battle Mask: 55333,Mặt Quỷ Cuồng Chiến: 55333,55333
Berserker's Battle Mask: 55334,Mặt Quỷ Cuồng Chiến: 55334,55334
Berserker's Rose: 55340,Tường Vi Cuồng Chiến: 55340,55340
Berserker's Rose: 55341,Tường Vi Cuồng Chiến: 55341,55341
Berserker's Rose: 55342,Tường Vi Cuồng Chiến: 55342,55342
Berserker's Rose: 55343,Tường Vi Cuồng Chiến: 55343,55343
Berserker's Rose: 55344,Tường Vi Cuồng Chiến: 55344,55344
Berserker's Timepiece: 55350,Đồng Hồ Cuồng Chiến: 55350,55350
Berserker's Timepiece: 55351,Đồng Hồ Cuồng Chiến: 55351,55351
Berserker's Timepiece: 55352,Đồng Hồ Cuồng Chiến: 55352,55352
Berserker's Timepiece: 55353,Đồng Hồ Cuồng Chiến: 55353,55353
Berserker's Timepiece: 55354,Đồng Hồ Cuồng Chiến: 55354,55354
Berserker's Bone Goblet: 55410,Ly Xương Cuồng Chiến: 55410,55410
Berserker's Bone Goblet: 55411,Ly Xương Cuồng Chiến: 55411,55411
Berserker's Bone Goblet: 55412,Ly Xương Cuồng Chiến: 55412,55412
Berserker's Bone Goblet: 55413,Ly Xương Cuồng Chiến: 55413,55413
Berserker's Bone Goblet: 55414,Ly Xương Cuồng Chiến: 55414,55414
Berserker's Indigo Feather: 55420,Lông Vũ Cuồng Chiến: 55420,55420
Berserker's Indigo Feather: 55421,Lông Vũ Cuồng Chiến: 55421,55421
Berserker's Indigo Feather: 55422,Lông Vũ Cuồng Chiến: 55422,55422
Berserker's Indigo Feather: 55423,Lông Vũ Cuồng Chiến: 55423,55423
Berserker's Indigo Feather: 55424,Lông Vũ Cuồng Chiến: 55424,55424
Berserker's Battle Mask: 55430,Mặt Quỷ Cuồng Chiến: 55430,55430
Berserker's Battle Mask: 55431,Mặt Quỷ Cuồng Chiến: 55431,55431
Berserker's Battle Mask: 55432,Mặt Quỷ Cuồng Chiến: 55432,55432
Berserker's Battle Mask: 55433,Mặt Quỷ Cuồng Chiến: 55433,55433
Berserker's Battle Mask: 55434,Mặt Quỷ Cuồng Chiến: 55434,55434
Berserker's Rose: 55440,Tường Vi Cuồng Chiến: 55440,55440
Berserker's Rose: 55441,Tường Vi Cuồng Chiến: 55441,55441
Berserker's Rose: 55442,Tường Vi Cuồng Chiến: 55442,55442
Berserker's Rose: 55443,Tường Vi Cuồng Chiến: 55443,55443
Berserker's Rose: 55444,Tường Vi Cuồng Chiến: 55444,55444
Berserker's Timepiece: 55450,Đồng Hồ Cuồng Chiến: 55450,55450
Berserker's Timepiece: 55451,Đồng Hồ Cuồng Chiến: 55451,55451
Berserker's Timepiece: 55452,Đồng Hồ Cuồng Chiến: 55452,55452
Berserker's Timepiece: 55453,Đồng Hồ Cuồng Chiến: 55453,55453
Berserker's Timepiece: 55454,Đồng Hồ Cuồng Chiến: 55454,55454
Berserker's Bone Goblet: 55510,Ly Xương Cuồng Chiến: 55510,55510
Berserker's Bone Goblet: 55511,Ly Xương Cuồng Chiến: 55511,55511
Berserker's Bone Goblet: 55512,Ly Xương Cuồng Chiến: 55512,55512
Berserker's Bone Goblet: 55513,Ly Xương Cuồng Chiến: 55513,55513
Berserker's Bone Goblet: 55514,Ly Xương Cuồng Chiến: 55514,55514
Berserker's Indigo Feather: 55520,Lông Vũ Cuồng Chiến: 55520,55520
Berserker's Indigo Feather: 55521,Lông Vũ Cuồng Chiến: 55521,55521
Berserker's Indigo Feather: 55522,Lông Vũ Cuồng Chiến: 55522,55522
Berserker's Indigo Feather: 55523,Lông Vũ Cuồng Chiến: 55523,55523
Berserker's Indigo Feather: 55524,Lông Vũ Cuồng Chiến: 55524,55524
Berserker's Battle Mask: 55530,Mặt Quỷ Cuồng Chiến: 55530,55530
Berserker's Battle Mask: 55531,Mặt Quỷ Cuồng Chiến: 55531,55531
Berserker's Battle Mask: 55532,Mặt Quỷ Cuồng Chiến: 55532,55532
Berserker's Battle Mask: 55533,Mặt Quỷ Cuồng Chiến: 55533,55533
Berserker's Battle Mask: 55534,Mặt Quỷ Cuồng Chiến: 55534,55534
Berserker's Rose: 55540,Tường Vi Cuồng Chiến: 55540,55540
Berserker's Rose: 55541,Tường Vi Cuồng Chiến: 55541,55541
Berserker's Rose: 55542,Tường Vi Cuồng Chiến: 55542,55542
Berserker's Rose: 55543,Tường Vi Cuồng Chiến: 55543,55543
Berserker's Rose: 55544,Tường Vi Cuồng Chiến: 55544,55544
Berserker's Timepiece: 55550,Đồng Hồ Cuồng Chiến: 55550,55550
Berserker's Timepiece: 55551,Đồng Hồ Cuồng Chiến: 55551,55551
Berserker's Timepiece: 55552,Đồng Hồ Cuồng Chiến: 55552,55552
Berserker's Timepiece: 55553,Đồng Hồ Cuồng Chiến: 55553,55553
Berserker's Timepiece: 55554,Đồng Hồ Cuồng Chiến: 55554,55554
Martial Artist's Wine Cup: 56110,Ly Rượu Võ Nhân: 56110,56110
Martial Artist's Wine Cup: 56111,Ly Rượu Võ Nhân: 56111,56111
Martial Artist's Wine Cup: 56112,Ly Rượu Võ Nhân: 56112,56112
Martial Artist's Wine Cup: 56113,Ly Rượu Võ Nhân: 56113,56113
Martial Artist's Wine Cup: 56114,Ly Rượu Võ Nhân: 56114,56114
Martial Artist's Feather Accessory: 56120,Lông Vũ Võ Nhân: 56120,56120
Martial Artist's Feather Accessory: 56121,Lông Vũ Võ Nhân: 56121,56121
Martial Artist's Feather Accessory: 56122,Lông Vũ Võ Nhân: 56122,56122
Martial Artist's Feather Accessory: 56123,Lông Vũ Võ Nhân: 56123,56123
Martial Artist's Feather Accessory: 56124,Lông Vũ Võ Nhân: 56124,56124
Martial Artist's Bandana: 56130,Khăn Võ Nhân: 56130,56130
Martial Artist's Bandana: 56131,Khăn Võ Nhân: 56131,56131
Martial Artist's Bandana: 56132,Khăn Võ Nhân: 56132,56132
Martial Artist's Bandana: 56133,Khăn Võ Nhân: 56133,56133
Martial Artist's Bandana: 56134,Khăn Võ Nhân: 56134,56134
Martial Artist's Red Flower: 56140,Hoa Võ Nhân: 56140,56140
Martial Artist's Red Flower: 56141,Hoa Võ Nhân: 56141,56141
Martial Artist's Red Flower: 56142,Hoa Võ Nhân: 56142,56142
Martial Artist's Red Flower: 56143,Hoa Võ Nhân: 56143,56143
Martial Artist's Red Flower: 56144,Hoa Võ Nhân: 56144,56144
Martial Artist's Water Hourglass: 56150,Đồng Hồ Nước Võ Nhân: 56150,56150
Martial Artist's Water Hourglass: 56151,Đồng Hồ Nước Võ Nhân: 56151,56151
Martial Artist's Water Hourglass: 56152,Đồng Hồ Nước Võ Nhân: 56152,56152
Martial Artist's Water Hourglass: 56153,Đồng Hồ Nước Võ Nhân: 56153,56153
Martial Artist's Water Hourglass: 56154,Đồng Hồ Nước Võ Nhân: 56154,56154
Martial Artist's Wine Cup: 56210,Ly Rượu Võ Nhân: 56210,56210
Martial Artist's Wine Cup: 56211,Ly Rượu Võ Nhân: 56211,56211
Martial Artist's Wine Cup: 56212,Ly Rượu Võ Nhân: 56212,56212
Martial Artist's Wine Cup: 56213,Ly Rượu Võ Nhân: 56213,56213
Martial Artist's Wine Cup: 56214,Ly Rượu Võ Nhân: 56214,56214
Martial Artist's Feather Accessory: 56220,Lông Vũ Võ Nhân: 56220,56220
Martial Artist's Feather Accessory: 56221,Lông Vũ Võ Nhân: 56221,56221
Martial Artist's Feather Accessory: 56222,Lông Vũ Võ Nhân: 56222,56222
Martial Artist's Feather Accessory: 56223,Lông Vũ Võ Nhân: 56223,56223
Martial Artist's Feather Accessory: 56224,Lông Vũ Võ Nhân: 56224,56224
Martial Artist's Bandana: 56230,Khăn Võ Nhân: 56230,56230
Martial Artist's Bandana: 56231,Khăn Võ Nhân: 56231,56231
Martial Artist's Bandana: 56232,Khăn Võ Nhân: 56232,56232
Martial Artist's Bandana: 56233,Khăn Võ Nhân: 56233,56233
Martial Artist's Bandana: 56234,Khăn Võ Nhân: 56234,56234
Martial Artist's Red Flower: 56240,Hoa Võ Nhân: 56240,56240
Martial Artist's Red Flower: 56241,Hoa Võ Nhân: 56241,56241
Martial Artist's Red Flower: 56242,Hoa Võ Nhân: 56242,56242
Martial Artist's Red Flower: 56243,Hoa Võ Nhân: 56243,56243
Martial Artist's Red Flower: 56244,Hoa Võ Nhân: 56244,56244
Martial Artist's Water Hourglass: 56250,Đồng Hồ Nước Võ Nhân: 56250,56250
Martial Artist's Water Hourglass: 56251,Đồng Hồ Nước Võ Nhân: 56251,56251
Martial Artist's Water Hourglass: 56252,Đồng Hồ Nước Võ Nhân: 56252,56252
Martial Artist's Water Hourglass: 56253,Đồng Hồ Nước Võ Nhân: 56253,56253
Martial Artist's Water Hourglass: 56254,Đồng Hồ Nước Võ Nhân: 56254,56254
Martial Artist's Wine Cup: 56310,Ly Rượu Võ Nhân: 56310,56310
Martial Artist's Wine Cup: 56311,Ly Rượu Võ Nhân: 56311,56311
Martial Artist's Wine Cup: 56312,Ly Rượu Võ Nhân: 56312,56312
Martial Artist's Wine Cup: 56313,Ly Rượu Võ Nhân: 56313,56313
Martial Artist's Wine Cup: 56314,Ly Rượu Võ Nhân: 56314,56314
Martial Artist's Feather Accessory: 56320,Lông Vũ Võ Nhân: 56320,56320
Martial Artist's Feather Accessory: 56321,Lông Vũ Võ Nhân: 56321,56321
Martial Artist's Feather Accessory: 56322,Lông Vũ Võ Nhân: 56322,56322
Martial Artist's Feather Accessory: 56323,Lông Vũ Võ Nhân: 56323,56323
Martial Artist's Feather Accessory: 56324,Lông Vũ Võ Nhân: 56324,56324
Martial Artist's Bandana: 56330,Khăn Võ Nhân: 56330,56330
Martial Artist's Bandana: 56331,Khăn Võ Nhân: 56331,56331
Martial Artist's Bandana: 56332,Khăn Võ Nhân: 56332,56332
Martial Artist's Bandana: 56333,Khăn Võ Nhân: 56333,56333
Martial Artist's Bandana: 56334,Khăn Võ Nhân: 56334,56334
Martial Artist's Red Flower: 56340,Hoa Võ Nhân: 56340,56340
Martial Artist's Red Flower: 56341,Hoa Võ Nhân: 56341,56341
Martial Artist's Red Flower: 56342,Hoa Võ Nhân: 56342,56342
Martial Artist's Red Flower: 56343,Hoa Võ Nhân: 56343,56343
Martial Artist's Red Flower: 56344,Hoa Võ Nhân: 56344,56344
Martial Artist's Water Hourglass: 56350,Đồng Hồ Nước Võ Nhân: 56350,56350
Martial Artist's Water Hourglass: 56351,Đồng Hồ Nước Võ Nhân: 56351,56351
Martial Artist's Water Hourglass: 56352,Đồng Hồ Nước Võ Nhân: 56352,56352
Martial Artist's Water Hourglass: 56353,Đồng Hồ Nước Võ Nhân: 56353,56353
Martial Artist's Water Hourglass: 56354,Đồng Hồ Nước Võ Nhân: 56354,56354
Martial Artist's Wine Cup: 56410,Ly Rượu Võ Nhân: 56410,56410
Martial Artist's Wine Cup: 56411,Ly Rượu Võ Nhân: 56411,56411
Martial Artist's Wine Cup: 56412,Ly Rượu Võ Nhân: 56412,56412
Martial Artist's Wine Cup: 56413,Ly Rượu Võ Nhân: 56413,56413
Martial Artist's Wine Cup: 56414,Ly Rượu Võ Nhân: 56414,56414
Martial Artist's Feather Accessory: 56420,Lông Vũ Võ Nhân: 56420,56420
Martial Artist's Feather Accessory: 56421,Lông Vũ Võ Nhân: 56421,56421
Martial Artist's Feather Accessory: 56422,Lông Vũ Võ Nhân: 56422,56422
Martial Artist's Feather Accessory: 56423,Lông Vũ Võ Nhân: 56423,56423
Martial Artist's Feather Accessory: 56424,Lông Vũ Võ Nhân: 56424,56424
Martial Artist's Bandana: 56430,Khăn Võ Nhân: 56430,56430
Martial Artist's Bandana: 56431,Khăn Võ Nhân: 56431,56431
Martial Artist's Bandana: 56432,Khăn Võ Nhân: 56432,56432
Martial Artist's Bandana: 56433,Khăn Võ Nhân: 56433,56433
Martial Artist's Bandana: 56434,Khăn Võ Nhân: 56434,56434
Martial Artist's Red Flower: 56440,Hoa Võ Nhân: 56440,56440
Martial Artist's Red Flower: 56441,Hoa Võ Nhân: 56441,56441
Martial Artist's Red Flower: 56442,Hoa Võ Nhân: 56442,56442
Martial Artist's Red Flower: 56443,Hoa Võ Nhân: 56443,56443
Martial Artist's Red Flower: 56444,Hoa Võ Nhân: 56444,56444
Martial Artist's Water Hourglass: 56450,Đồng Hồ Nước Võ Nhân: 56450,56450
Martial Artist's Water Hourglass: 56451,Đồng Hồ Nước Võ Nhân: 56451,56451
Martial Artist's Water Hourglass: 56452,Đồng Hồ Nước Võ Nhân: 56452,56452
Martial Artist's Water Hourglass: 56453,Đồng Hồ Nước Võ Nhân: 56453,56453
Martial Artist's Water Hourglass: 56454,Đồng Hồ Nước Võ Nhân: 56454,56454
Martial Artist's Wine Cup: 56510,Ly Rượu Võ Nhân: 56510,56510
Martial Artist's Wine Cup: 56511,Ly Rượu Võ Nhân: 56511,56511
Martial Artist's Wine Cup: 56512,Ly Rượu Võ Nhân: 56512,56512
Martial Artist's Wine Cup: 56513,Ly Rượu Võ Nhân: 56513,56513
Martial Artist's Wine Cup: 56514,Ly Rượu Võ Nhân: 56514,56514
Martial Artist's Feather Accessory: 56520,Lông Vũ Võ Nhân: 56520,56520
Martial Artist's Feather Accessory: 56521,Lông Vũ Võ Nhân: 56521,56521
Martial Artist's Feather Accessory: 56522,Lông Vũ Võ Nhân: 56522,56522
Martial Artist's Feather Accessory: 56523,Lông Vũ Võ Nhân: 56523,56523
Martial Artist's Feather Accessory: 56524,Lông Vũ Võ Nhân: 56524,56524
Martial Artist's Bandana: 56530,Khăn Võ Nhân: 56530,56530
Martial Artist's Bandana: 56531,Khăn Võ Nhân: 56531,56531
Martial Artist's Bandana: 56532,Khăn Võ Nhân: 56532,56532
Martial Artist's Bandana: 56533,Khăn Võ Nhân: 56533,56533
Martial Artist's Bandana: 56534,Khăn Võ Nhân: 56534,56534
Martial Artist's Red Flower: 56540,Hoa Võ Nhân: 56540,56540
Martial Artist's Red Flower: 56541,Hoa Võ Nhân: 56541,56541
Martial Artist's Red Flower: 56542,Hoa Võ Nhân: 56542,56542
Martial Artist's Red Flower: 56543,Hoa Võ Nhân: 56543,56543
Martial Artist's Red Flower: 56544,Hoa Võ Nhân: 56544,56544
Martial Artist's Water Hourglass: 56550,Đồng Hồ Nước Võ Nhân: 56550,56550
Martial Artist's Water Hourglass: 56551,Đồng Hồ Nước Võ Nhân: 56551,56551
Martial Artist's Water Hourglass: 56552,Đồng Hồ Nước Võ Nhân: 56552,56552
Martial Artist's Water Hourglass: 56553,Đồng Hồ Nước Võ Nhân: 56553,56553
Martial Artist's Water Hourglass: 56554,Đồng Hồ Nước Võ Nhân: 56554,56554
Instructor's Tea Cup: 57110,Tách Trà Giáo Quan: 57110,57110
Instructor's Tea Cup: 57111,Tách Trà Giáo Quan: 57111,57111
Instructor's Tea Cup: 57112,Tách Trà Giáo Quan: 57112,57112
Instructor's Tea Cup: 57113,Tách Trà Giáo Quan: 57113,57113
Instructor's Tea Cup: 57114,Tách Trà Giáo Quan: 57114,57114
Instructor's Feather Accessory: 57120,Lông Vũ Giáo Quan: 57120,57120
Instructor's Feather Accessory: 57121,Lông Vũ Giáo Quan: 57121,57121
Instructor's Feather Accessory: 57122,Lông Vũ Giáo Quan: 57122,57122
Instructor's Feather Accessory: 57123,Lông Vũ Giáo Quan: 57123,57123
Instructor's Feather Accessory: 57124,Lông Vũ Giáo Quan: 57124,57124
Instructor's Cap: 57130,Nón Giáo Quan: 57130,57130
Instructor's Cap: 57131,Nón Giáo Quan: 57131,57131
Instructor's Cap: 57132,Nón Giáo Quan: 57132,57132
Instructor's Cap: 57133,Nón Giáo Quan: 57133,57133
Instructor's Cap: 57134,Nón Giáo Quan: 57134,57134
Instructor's Brooch: 57140,Hoa Giáo Quan: 57140,57140
Instructor's Brooch: 57141,Hoa Giáo Quan: 57141,57141
Instructor's Brooch: 57142,Hoa Giáo Quan: 57142,57142
Instructor's Brooch: 57143,Hoa Giáo Quan: 57143,57143
Instructor's Brooch: 57144,Hoa Giáo Quan: 57144,57144
Instructor's Pocket Watch: 57150,Đồng Hồ Giáo Quan: 57150,57150
Instructor's Pocket Watch: 57151,Đồng Hồ Giáo Quan: 57151,57151
Instructor's Pocket Watch: 57152,Đồng Hồ Giáo Quan: 57152,57152
Instructor's Pocket Watch: 57153,Đồng Hồ Giáo Quan: 57153,57153
Instructor's Pocket Watch: 57154,Đồng Hồ Giáo Quan: 57154,57154
Instructor's Tea Cup: 57210,Tách Trà Giáo Quan: 57210,57210
Instructor's Tea Cup: 57211,Tách Trà Giáo Quan: 57211,57211
Instructor's Tea Cup: 57212,Tách Trà Giáo Quan: 57212,57212
Instructor's Tea Cup: 57213,Tách Trà Giáo Quan: 57213,57213
Instructor's Tea Cup: 57214,Tách Trà Giáo Quan: 57214,57214
Instructor's Feather Accessory: 57220,Lông Vũ Giáo Quan: 57220,57220
Instructor's Feather Accessory: 57221,Lông Vũ Giáo Quan: 57221,57221
Instructor's Feather Accessory: 57222,Lông Vũ Giáo Quan: 57222,57222
Instructor's Feather Accessory: 57223,Lông Vũ Giáo Quan: 57223,57223
Instructor's Feather Accessory: 57224,Lông Vũ Giáo Quan: 57224,57224
Instructor's Cap: 57230,Nón Giáo Quan: 57230,57230
Instructor's Cap: 57231,Nón Giáo Quan: 57231,57231
Instructor's Cap: 57232,Nón Giáo Quan: 57232,57232
Instructor's Cap: 57233,Nón Giáo Quan: 57233,57233
Instructor's Cap: 57234,Nón Giáo Quan: 57234,57234
Instructor's Brooch: 57240,Hoa Giáo Quan: 57240,57240
Instructor's Brooch: 57241,Hoa Giáo Quan: 57241,57241
Instructor's Brooch: 57242,Hoa Giáo Quan: 57242,57242
Instructor's Brooch: 57243,Hoa Giáo Quan: 57243,57243
Instructor's Brooch: 57244,Hoa Giáo Quan: 57244,57244
Instructor's Pocket Watch: 57250,Đồng Hồ Giáo Quan: 57250,57250
Instructor's Pocket Watch: 57251,Đồng Hồ Giáo Quan: 57251,57251
Instructor's Pocket Watch: 57252,Đồng Hồ Giáo Quan: 57252,57252
Instructor's Pocket Watch: 57253,Đồng Hồ Giáo Quan: 57253,57253
Instructor's Pocket Watch: 57254,Đồng Hồ Giáo Quan: 57254,57254
Instructor's Tea Cup: 57310,Tách Trà Giáo Quan: 57310,57310
Instructor's Tea Cup: 57311,Tách Trà Giáo Quan: 57311,57311
Instructor's Tea Cup: 57312,Tách Trà Giáo Quan: 57312,57312
Instructor's Tea Cup: 57313,Tách Trà Giáo Quan: 57313,57313
Instructor's Tea Cup: 57314,Tách Trà Giáo Quan: 57314,57314
Instructor's Feather Accessory: 57320,Lông Vũ Giáo Quan: 57320,57320
Instructor's Feather Accessory: 57321,Lông Vũ Giáo Quan: 57321,57321
Instructor's Feather Accessory: 57322,Lông Vũ Giáo Quan: 57322,57322
Instructor's Feather Accessory: 57323,Lông Vũ Giáo Quan: 57323,57323
Instructor's Feather Accessory: 57324,Lông Vũ Giáo Quan: 57324,57324
Instructor's Cap: 57330,Nón Giáo Quan: 57330,57330
Instructor's Cap: 57331,Nón Giáo Quan: 57331,57331
Instructor's Cap: 57332,Nón Giáo Quan: 57332,57332
Instructor's Cap: 57333,Nón Giáo Quan: 57333,57333
Instructor's Cap: 57334,Nón Giáo Quan: 57334,57334
Instructor's Brooch: 57340,Hoa Giáo Quan: 57340,57340
Instructor's Brooch: 57341,Hoa Giáo Quan: 57341,57341
Instructor's Brooch: 57342,Hoa Giáo Quan: 57342,57342
Instructor's Brooch: 57343,Hoa Giáo Quan: 57343,57343
Instructor's Brooch: 57344,Hoa Giáo Quan: 57344,57344
Instructor's Pocket Watch: 57350,Đồng Hồ Giáo Quan: 57350,57350
Instructor's Pocket Watch: 57351,Đồng Hồ Giáo Quan: 57351,57351
Instructor's Pocket Watch: 57352,Đồng Hồ Giáo Quan: 57352,57352
Instructor's Pocket Watch: 57353,Đồng Hồ Giáo Quan: 57353,57353
Instructor's Pocket Watch: 57354,Đồng Hồ Giáo Quan: 57354,57354
Instructor's Tea Cup: 57410,Tách Trà Giáo Quan: 57410,57410
Instructor's Tea Cup: 57411,Tách Trà Giáo Quan: 57411,57411
Instructor's Tea Cup: 57412,Tách Trà Giáo Quan: 57412,57412
Instructor's Tea Cup: 57413,Tách Trà Giáo Quan: 57413,57413
Instructor's Tea Cup: 57414,Tách Trà Giáo Quan: 57414,57414
Instructor's Feather Accessory: 57420,Lông Vũ Giáo Quan: 57420,57420
Instructor's Feather Accessory: 57421,Lông Vũ Giáo Quan: 57421,57421
Instructor's Feather Accessory: 57422,Lông Vũ Giáo Quan: 57422,57422
Instructor's Feather Accessory: 57423,Lông Vũ Giáo Quan: 57423,57423
Instructor's Feather Accessory: 57424,Lông Vũ Giáo Quan: 57424,57424
Instructor's Cap: 57430,Nón Giáo Quan: 57430,57430
Instructor's Cap: 57431,Nón Giáo Quan: 57431,57431
Instructor's Cap: 57432,Nón Giáo Quan: 57432,57432
Instructor's Cap: 57433,Nón Giáo Quan: 57433,57433
Instructor's Cap: 57434,Nón Giáo Quan: 57434,57434
Instructor's Brooch: 57440,Hoa Giáo Quan: 57440,57440
Instructor's Brooch: 57441,Hoa Giáo Quan: 57441,57441
Instructor's Brooch: 57442,Hoa Giáo Quan: 57442,57442
Instructor's Brooch: 57443,Hoa Giáo Quan: 57443,57443
Instructor's Brooch: 57444,Hoa Giáo Quan: 57444,57444
Instructor's Pocket Watch: 57450,Đồng Hồ Giáo Quan: 57450,57450
Instructor's Pocket Watch: 57451,Đồng Hồ Giáo Quan: 57451,57451
Instructor's Pocket Watch: 57452,Đồng Hồ Giáo Quan: 57452,57452
Instructor's Pocket Watch: 57453,Đồng Hồ Giáo Quan: 57453,57453
Instructor's Pocket Watch: 57454,Đồng Hồ Giáo Quan: 57454,57454
Instructor's Tea Cup: 57510,Tách Trà Giáo Quan: 57510,57510
Instructor's Tea Cup: 57511,Tách Trà Giáo Quan: 57511,57511
Instructor's Tea Cup: 57512,Tách Trà Giáo Quan: 57512,57512
Instructor's Tea Cup: 57513,Tách Trà Giáo Quan: 57513,57513
Instructor's Tea Cup: 57514,Tách Trà Giáo Quan: 57514,57514
Instructor's Feather Accessory: 57520,Lông Vũ Giáo Quan: 57520,57520
Instructor's Feather Accessory: 57521,Lông Vũ Giáo Quan: 57521,57521
Instructor's Feather Accessory: 57522,Lông Vũ Giáo Quan: 57522,57522
Instructor's Feather Accessory: 57523,Lông Vũ Giáo Quan: 57523,57523
Instructor's Feather Accessory: 57524,Lông Vũ Giáo Quan: 57524,57524
Instructor's Cap: 57530,Nón Giáo Quan: 57530,57530
Instructor's Cap: 57531,Nón Giáo Quan: 57531,57531
Instructor's Cap: 57532,Nón Giáo Quan: 57532,57532
Instructor's Cap: 57533,Nón Giáo Quan: 57533,57533
Instructor's Cap: 57534,Nón Giáo Quan: 57534,57534
Instructor's Brooch: 57540,Hoa Giáo Quan: 57540,57540
Instructor's Brooch: 57541,Hoa Giáo Quan: 57541,57541
Instructor's Brooch: 57542,Hoa Giáo Quan: 57542,57542
Instructor's Brooch: 57543,Hoa Giáo Quan: 57543,57543
Instructor's Brooch: 57544,Hoa Giáo Quan: 57544,57544
Instructor's Pocket Watch: 57550,Đồng Hồ Giáo Quan: 57550,57550
Instructor's Pocket Watch: 57551,Đồng Hồ Giáo Quan: 57551,57551
Instructor's Pocket Watch: 57552,Đồng Hồ Giáo Quan: 57552,57552
Instructor's Pocket Watch: 57553,Đồng Hồ Giáo Quan: 57553,57553
Instructor's Pocket Watch: 57554,Đồng Hồ Giáo Quan: 57554,57554
Gambler's Dice Cup: 58210,Xúc Xắc Con Bạc: 58210,58210
Gambler's Dice Cup: 58211,Xúc Xắc Con Bạc: 58211,58211
Gambler's Dice Cup: 58212,Xúc Xắc Con Bạc: 58212,58212
Gambler's Dice Cup: 58213,Xúc Xắc Con Bạc: 58213,58213
Gambler's Dice Cup: 58214,Xúc Xắc Con Bạc: 58214,58214
Gambler's Feather Accessory: 58220,Lông Vũ Con Bạc: 58220,58220
Gambler's Feather Accessory: 58221,Lông Vũ Con Bạc: 58221,58221
Gambler's Feather Accessory: 58222,Lông Vũ Con Bạc: 58222,58222
Gambler's Feather Accessory: 58223,Lông Vũ Con Bạc: 58223,58223
Gambler's Feather Accessory: 58224,Lông Vũ Con Bạc: 58224,58224
Gambler's Earrings: 58230,Hoa Tai Con Bạc: 58230,58230
Gambler's Earrings: 58231,Hoa Tai Con Bạc: 58231,58231
Gambler's Earrings: 58232,Hoa Tai Con Bạc: 58232,58232
Gambler's Earrings: 58233,Hoa Tai Con Bạc: 58233,58233
Gambler's Earrings: 58234,Hoa Tai Con Bạc: 58234,58234
Gambler's Brooch: 58240,Hoa Con Bạc: 58240,58240
Gambler's Brooch: 58241,Hoa Con Bạc: 58241,58241
Gambler's Brooch: 58242,Hoa Con Bạc: 58242,58242
Gambler's Brooch: 58243,Hoa Con Bạc: 58243,58243
Gambler's Brooch: 58244,Hoa Con Bạc: 58244,58244
Gambler's Pocket Watch: 58250,Đồng Hồ Con Bạc: 58250,58250
Gambler's Pocket Watch: 58251,Đồng Hồ Con Bạc: 58251,58251
Gambler's Pocket Watch: 58252,Đồng Hồ Con Bạc: 58252,58252
Gambler's Pocket Watch: 58253,Đồng Hồ Con Bạc: 58253,58253
Gambler's Pocket Watch: 58254,Đồng Hồ Con Bạc: 58254,58254
Gambler's Dice Cup: 58310,Xúc Xắc Con Bạc: 58310,58310
Gambler's Dice Cup: 58311,Xúc Xắc Con Bạc: 58311,58311
Gambler's Dice Cup: 58312,Xúc Xắc Con Bạc: 58312,58312
Gambler's Dice Cup: 58313,Xúc Xắc Con Bạc: 58313,58313
Gambler's Dice Cup: 58314,Xúc Xắc Con Bạc: 58314,58314
Gambler's Feather Accessory: 58320,Lông Vũ Con Bạc: 58320,58320
Gambler's Feather Accessory: 58321,Lông Vũ Con Bạc: 58321,58321
Gambler's Feather Accessory: 58322,Lông Vũ Con Bạc: 58322,58322
Gambler's Feather Accessory: 58323,Lông Vũ Con Bạc: 58323,58323
Gambler's Feather Accessory: 58324,Lông Vũ Con Bạc: 58324,58324
Gambler's Earrings: 58330,Hoa Tai Con Bạc: 58330,58330
Gambler's Earrings: 58331,Hoa Tai Con Bạc: 58331,58331
Gambler's Earrings: 58332,Hoa Tai Con Bạc: 58332,58332
Gambler's Earrings: 58333,Hoa Tai Con Bạc: 58333,58333
Gambler's Earrings: 58334,Hoa Tai Con Bạc: 58334,58334
Gambler's Brooch: 58340,Hoa Con Bạc: 58340,58340
Gambler's Brooch: 58341,Hoa Con Bạc: 58341,58341
Gambler's Brooch: 58342,Hoa Con Bạc: 58342,58342
Gambler's Brooch: 58343,Hoa Con Bạc: 58343,58343
Gambler's Brooch: 58344,Hoa Con Bạc: 58344,58344
Gambler's Pocket Watch: 58350,Đồng Hồ Con Bạc: 58350,58350
Gambler's Pocket Watch: 58351,Đồng Hồ Con Bạc: 58351,58351
Gambler's Pocket Watch: 58352,Đồng Hồ Con Bạc: 58352,58352
Gambler's Pocket Watch: 58353,Đồng Hồ Con Bạc: 58353,58353
Gambler's Pocket Watch: 58354,Đồng Hồ Con Bạc: 58354,58354
Gambler's Dice Cup: 58410,Xúc Xắc Con Bạc: 58410,58410
Gambler's Dice Cup: 58411,Xúc Xắc Con Bạc: 58411,58411
Gambler's Dice Cup: 58412,Xúc Xắc Con Bạc: 58412,58412
Gambler's Dice Cup: 58413,Xúc Xắc Con Bạc: 58413,58413
Gambler's Dice Cup: 58414,Xúc Xắc Con Bạc: 58414,58414
Gambler's Feather Accessory: 58420,Lông Vũ Con Bạc: 58420,58420
Gambler's Feather Accessory: 58421,Lông Vũ Con Bạc: 58421,58421
Gambler's Feather Accessory: 58422,Lông Vũ Con Bạc: 58422,58422
Gambler's Feather Accessory: 58423,Lông Vũ Con Bạc: 58423,58423
Gambler's Feather Accessory: 58424,Lông Vũ Con Bạc: 58424,58424
Gambler's Earrings: 58430,Hoa Tai Con Bạc: 58430,58430
Gambler's Earrings: 58431,Hoa Tai Con Bạc: 58431,58431
Gambler's Earrings: 58432,Hoa Tai Con Bạc: 58432,58432
Gambler's Earrings: 58433,Hoa Tai Con Bạc: 58433,58433
Gambler's Earrings: 58434,Hoa Tai Con Bạc: 58434,58434
Gambler's Brooch: 58440,Hoa Con Bạc: 58440,58440
Gambler's Brooch: 58441,Hoa Con Bạc: 58441,58441
Gambler's Brooch: 58442,Hoa Con Bạc: 58442,58442
Gambler's Brooch: 58443,Hoa Con Bạc: 58443,58443
Gambler's Brooch: 58444,Hoa Con Bạc: 58444,58444
Gambler's Pocket Watch: 58450,Đồng Hồ Con Bạc: 58450,58450
Gambler's Pocket Watch: 58451,Đồng Hồ Con Bạc: 58451,58451
Gambler's Pocket Watch: 58452,Đồng Hồ Con Bạc: 58452,58452
Gambler's Pocket Watch: 58453,Đồng Hồ Con Bạc: 58453,58453
Gambler's Pocket Watch: 58454,Đồng Hồ Con Bạc: 58454,58454
Gambler's Dice Cup: 58510,Xúc Xắc Con Bạc: 58510,58510
Gambler's Dice Cup: 58511,Xúc Xắc Con Bạc: 58511,58511
Gambler's Dice Cup: 58512,Xúc Xắc Con Bạc: 58512,58512
Gambler's Dice Cup: 58513,Xúc Xắc Con Bạc: 58513,58513
Gambler's Dice Cup: 58514,Xúc Xắc Con Bạc: 58514,58514
Gambler's Feather Accessory: 58520,Lông Vũ Con Bạc: 58520,58520
Gambler's Feather Accessory: 58521,Lông Vũ Con Bạc: 58521,58521
Gambler's Feather Accessory: 58522,Lông Vũ Con Bạc: 58522,58522
Gambler's Feather Accessory: 58523,Lông Vũ Con Bạc: 58523,58523
Gambler's Feather Accessory: 58524,Lông Vũ Con Bạc: 58524,58524
Gambler's Earrings: 58530,Hoa Tai Con Bạc: 58530,58530
Gambler's Earrings: 58531,Hoa Tai Con Bạc: 58531,58531
Gambler's Earrings: 58532,Hoa Tai Con Bạc: 58532,58532
Gambler's Earrings: 58533,Hoa Tai Con Bạc: 58533,58533
Gambler's Earrings: 58534,Hoa Tai Con Bạc: 58534,58534
Gambler's Brooch: 58540,Hoa Con Bạc: 58540,58540
Gambler's Brooch: 58541,Hoa Con Bạc: 58541,58541
Gambler's Brooch: 58542,Hoa Con Bạc: 58542,58542
Gambler's Brooch: 58543,Hoa Con Bạc: 58543,58543
Gambler's Brooch: 58544,Hoa Con Bạc: 58544,58544
Gambler's Pocket Watch: 58550,Đồng Hồ Con Bạc: 58550,58550
Gambler's Pocket Watch: 58551,Đồng Hồ Con Bạc: 58551,58551
Gambler's Pocket Watch: 58552,Đồng Hồ Con Bạc: 58552,58552
Gambler's Pocket Watch: 58553,Đồng Hồ Con Bạc: 58553,58553
Gambler's Pocket Watch: 58554,Đồng Hồ Con Bạc: 58554,58554
Exile's Goblet: 59110,Ly Kẻ Lưu Đày: 59110,59110
Exile's Goblet: 59111,Ly Kẻ Lưu Đày: 59111,59111
Exile's Goblet: 59112,Ly Kẻ Lưu Đày: 59112,59112
Exile's Goblet: 59113,Ly Kẻ Lưu Đày: 59113,59113
Exile's Goblet: 59114,Ly Kẻ Lưu Đày: 59114,59114
Exile's Feather: 59120,Lông Vũ Kẻ Lưu Đày: 59120,59120
Exile's Feather: 59121,Lông Vũ Kẻ Lưu Đày: 59121,59121
Exile's Feather: 59122,Lông Vũ Kẻ Lưu Đày: 59122,59122
Exile's Feather: 59123,Lông Vũ Kẻ Lưu Đày: 59123,59123
Exile's Feather: 59124,Lông Vũ Kẻ Lưu Đày: 59124,59124
Exile's Circlet: 59130,Vương Miện Kẻ Lưu Đày: 59130,59130
Exile's Circlet: 59131,Vương Miện Kẻ Lưu Đày: 59131,59131
Exile's Circlet: 59132,Vương Miện Kẻ Lưu Đày: 59132,59132
Exile's Circlet: 59133,Vương Miện Kẻ Lưu Đày: 59133,59133
Exile's Circlet: 59134,Vương Miện Kẻ Lưu Đày: 59134,59134
Exile's Flower: 59140,Hoa Kẻ Lưu Đày: 59140,59140
Exile's Flower: 59141,Hoa Kẻ Lưu Đày: 59141,59141
Exile's Flower: 59142,Hoa Kẻ Lưu Đày: 59142,59142
Exile's Flower: 59143,Hoa Kẻ Lưu Đày: 59143,59143
Exile's Flower: 59144,Hoa Kẻ Lưu Đày: 59144,59144
Exile's Pocket Watch: 59150,Đồng Hồ Kẻ Lưu Đày: 59150,59150
Exile's Pocket Watch: 59151,Đồng Hồ Kẻ Lưu Đày: 59151,59151
Exile's Pocket Watch: 59152,Đồng Hồ Kẻ Lưu Đày: 59152,59152
Exile's Pocket Watch: 59153,Đồng Hồ Kẻ Lưu Đày: 59153,59153
Exile's Pocket Watch: 59154,Đồng Hồ Kẻ Lưu Đày: 59154,59154
Exile's Goblet: 59210,Ly Kẻ Lưu Đày: 59210,59210
Exile's Goblet: 59211,Ly Kẻ Lưu Đày: 59211,59211
Exile's Goblet: 59212,Ly Kẻ Lưu Đày: 59212,59212
Exile's Goblet: 59213,Ly Kẻ Lưu Đày: 59213,59213
Exile's Goblet: 59214,Ly Kẻ Lưu Đày: 59214,59214
Exile's Feather: 59220,Lông Vũ Kẻ Lưu Đày: 59220,59220
Exile's Feather: 59221,Lông Vũ Kẻ Lưu Đày: 59221,59221
Exile's Feather: 59222,Lông Vũ Kẻ Lưu Đày: 59222,59222
Exile's Feather: 59223,Lông Vũ Kẻ Lưu Đày: 59223,59223
Exile's Feather: 59224,Lông Vũ Kẻ Lưu Đày: 59224,59224
Exile's Circlet: 59230,Vương Miện Kẻ Lưu Đày: 59230,59230
Exile's Circlet: 59231,Vương Miện Kẻ Lưu Đày: 59231,59231
Exile's Circlet: 59232,Vương Miện Kẻ Lưu Đày: 59232,59232
Exile's Circlet: 59233,Vương Miện Kẻ Lưu Đày: 59233,59233
Exile's Circlet: 59234,Vương Miện Kẻ Lưu Đày: 59234,59234
Exile's Flower: 59240,Hoa Kẻ Lưu Đày: 59240,59240
Exile's Flower: 59241,Hoa Kẻ Lưu Đày: 59241,59241
Exile's Flower: 59242,Hoa Kẻ Lưu Đày: 59242,59242
Exile's Flower: 59243,Hoa Kẻ Lưu Đày: 59243,59243
Exile's Flower: 59244,Hoa Kẻ Lưu Đày: 59244,59244
Exile's Pocket Watch: 59250,Đồng Hồ Kẻ Lưu Đày: 59250,59250
Exile's Pocket Watch: 59251,Đồng Hồ Kẻ Lưu Đày: 59251,59251
Exile's Pocket Watch: 59252,Đồng Hồ Kẻ Lưu Đày: 59252,59252
Exile's Pocket Watch: 59253,Đồng Hồ Kẻ Lưu Đày: 59253,59253
Exile's Pocket Watch: 59254,Đồng Hồ Kẻ Lưu Đày: 59254,59254
Exile's Goblet: 59310,Ly Kẻ Lưu Đày: 59310,59310
Exile's Goblet: 59311,Ly Kẻ Lưu Đày: 59311,59311
Exile's Goblet: 59312,Ly Kẻ Lưu Đày: 59312,59312
Exile's Goblet: 59313,Ly Kẻ Lưu Đày: 59313,59313
Exile's Goblet: 59314,Ly Kẻ Lưu Đày: 59314,59314
Exile's Feather: 59320,Lông Vũ Kẻ Lưu Đày: 59320,59320
Exile's Feather: 59321,Lông Vũ Kẻ Lưu Đày: 59321,59321
Exile's Feather: 59322,Lông Vũ Kẻ Lưu Đày: 59322,59322
Exile's Feather: 59323,Lông Vũ Kẻ Lưu Đày: 59323,59323
Exile's Feather: 59324,Lông Vũ Kẻ Lưu Đày: 59324,59324
Exile's Circlet: 59330,Vương Miện Kẻ Lưu Đày: 59330,59330
Exile's Circlet: 59331,Vương Miện Kẻ Lưu Đày: 59331,59331
Exile's Circlet: 59332,Vương Miện Kẻ Lưu Đày: 59332,59332
Exile's Circlet: 59333,Vương Miện Kẻ Lưu Đày: 59333,59333
Exile's Circlet: 59334,Vương Miện Kẻ Lưu Đày: 59334,59334
Exile's Flower: 59340,Hoa Kẻ Lưu Đày: 59340,59340
Exile's Flower: 59341,Hoa Kẻ Lưu Đày: 59341,59341
Exile's Flower: 59342,Hoa Kẻ Lưu Đày: 59342,59342
Exile's Flower: 59343,Hoa Kẻ Lưu Đày: 59343,59343
Exile's Flower: 59344,Hoa Kẻ Lưu Đày: 59344,59344
Exile's Pocket Watch: 59350,Đồng Hồ Kẻ Lưu Đày: 59350,59350
Exile's Pocket Watch: 59351,Đồng Hồ Kẻ Lưu Đày: 59351,59351
Exile's Pocket Watch: 59352,Đồng Hồ Kẻ Lưu Đày: 59352,59352
Exile's Pocket Watch: 59353,Đồng Hồ Kẻ Lưu Đày: 59353,59353
Exile's Pocket Watch: 59354,Đồng Hồ Kẻ Lưu Đày: 59354,59354
Exile's Goblet: 59410,Ly Kẻ Lưu Đày: 59410,59410
Exile's Goblet: 59411,Ly Kẻ Lưu Đày: 59411,59411
Exile's Goblet: 59412,Ly Kẻ Lưu Đày: 59412,59412
Exile's Goblet: 59413,Ly Kẻ Lưu Đày: 59413,59413
Exile's Goblet: 59414,Ly Kẻ Lưu Đày: 59414,59414
Exile's Feather: 59420,Lông Vũ Kẻ Lưu Đày: 59420,59420
Exile's Feather: 59421,Lông Vũ Kẻ Lưu Đày: 59421,59421
Exile's Feather: 59422,Lông Vũ Kẻ Lưu Đày: 59422,59422
Exile's Feather: 59423,Lông Vũ Kẻ Lưu Đày: 59423,59423
Exile's Feather: 59424,Lông Vũ Kẻ Lưu Đày: 59424,59424
Exile's Circlet: 59430,Vương Miện Kẻ Lưu Đày: 59430,59430
Exile's Circlet: 59431,Vương Miện Kẻ Lưu Đày: 59431,59431
Exile's Circlet: 59432,Vương Miện Kẻ Lưu Đày: 59432,59432
Exile's Circlet: 59433,Vương Miện Kẻ Lưu Đày: 59433,59433
Exile's Circlet: 59434,Vương Miện Kẻ Lưu Đày: 59434,59434
Exile's Flower: 59440,Hoa Kẻ Lưu Đày: 59440,59440
Exile's Flower: 59441,Hoa Kẻ Lưu Đày: 59441,59441
Exile's Flower: 59442,Hoa Kẻ Lưu Đày: 59442,59442
Exile's Flower: 59443,Hoa Kẻ Lưu Đày: 59443,59443
Exile's Flower: 59444,Hoa Kẻ Lưu Đày: 59444,59444
Exile's Pocket Watch: 59450,Đồng Hồ Kẻ Lưu Đày: 59450,59450
Exile's Pocket Watch: 59451,Đồng Hồ Kẻ Lưu Đày: 59451,59451
Exile's Pocket Watch: 59452,Đồng Hồ Kẻ Lưu Đày: 59452,59452
Exile's Pocket Watch: 59453,Đồng Hồ Kẻ Lưu Đày: 59453,59453
Exile's Pocket Watch: 59454,Đồng Hồ Kẻ Lưu Đày: 59454,59454
Exile's Goblet: 59510,Ly Kẻ Lưu Đày: 59510,59510
Exile's Goblet: 59511,Ly Kẻ Lưu Đày: 59511,59511
Exile's Goblet: 59512,Ly Kẻ Lưu Đày: 59512,59512
Exile's Goblet: 59513,Ly Kẻ Lưu Đày: 59513,59513
Exile's Goblet: 59514,Ly Kẻ Lưu Đày: 59514,59514
Exile's Feather: 59520,Lông Vũ Kẻ Lưu Đày: 59520,59520
Exile's Feather: 59521,Lông Vũ Kẻ Lưu Đày: 59521,59521
Exile's Feather: 59522,Lông Vũ Kẻ Lưu Đày: 59522,59522
Exile's Feather: 59523,Lông Vũ Kẻ Lưu Đày: 59523,59523
Exile's Feather: 59524,Lông Vũ Kẻ Lưu Đày: 59524,59524
Exile's Circlet: 59530,Vương Miện Kẻ Lưu Đày: 59530,59530
Exile's Circlet: 59531,Vương Miện Kẻ Lưu Đày: 59531,59531
Exile's Circlet: 59532,Vương Miện Kẻ Lưu Đày: 59532,59532
Exile's Circlet: 59533,Vương Miện Kẻ Lưu Đày: 59533,59533
Exile's Circlet: 59534,Vương Miện Kẻ Lưu Đày: 59534,59534
Exile's Flower: 59540,Hoa Kẻ Lưu Đày: 59540,59540
Exile's Flower: 59541,Hoa Kẻ Lưu Đày: 59541,59541
Exile's Flower: 59542,Hoa Kẻ Lưu Đày: 59542,59542
Exile's Flower: 59543,Hoa Kẻ Lưu Đày: 59543,59543
Exile's Flower: 59544,Hoa Kẻ Lưu Đày: 59544,59544
Exile's Pocket Watch: 59550,Đồng Hồ Kẻ Lưu Đày: 59550,59550
Exile's Pocket Watch: 59551,Đồng Hồ Kẻ Lưu Đày: 59551,59551
Exile's Pocket Watch: 59552,Đồng Hồ Kẻ Lưu Đày: 59552,59552
Exile's Pocket Watch: 59553,Đồng Hồ Kẻ Lưu Đày: 59553,59553
Exile's Pocket Watch: 59554,Đồng Hồ Kẻ Lưu Đày: 59554,59554
Adventurer's Golden Goblet: 60110,Ly Nhà Mạo Hiểm: 60110,60110
Adventurer's Golden Goblet: 60111,Ly Nhà Mạo Hiểm: 60111,60111
Adventurer's Golden Goblet: 60112,Ly Nhà Mạo Hiểm: 60112,60112
Adventurer's Golden Goblet: 60113,Ly Nhà Mạo Hiểm: 60113,60113
Adventurer's Golden Goblet: 60114,Ly Nhà Mạo Hiểm: 60114,60114
Adventurer's Tail Feather: 60120,Lông Vũ Nhà Mạo Hiểm: 60120,60120
Adventurer's Tail Feather: 60121,Lông Vũ Nhà Mạo Hiểm: 60121,60121
Adventurer's Tail Feather: 60122,Lông Vũ Nhà Mạo Hiểm: 60122,60122
Adventurer's Tail Feather: 60123,Lông Vũ Nhà Mạo Hiểm: 60123,60123
Adventurer's Tail Feather: 60124,Lông Vũ Nhà Mạo Hiểm: 60124,60124
Adventurer's Bandana: 60130,Khăn Nhà Mạo Hiểm: 60130,60130
Adventurer's Bandana: 60131,Khăn Nhà Mạo Hiểm: 60131,60131
Adventurer's Bandana: 60132,Khăn Nhà Mạo Hiểm: 60132,60132
Adventurer's Bandana: 60133,Khăn Nhà Mạo Hiểm: 60133,60133
Adventurer's Bandana: 60134,Khăn Nhà Mạo Hiểm: 60134,60134
Adventurer's Flower: 60140,Hoa Nhà Mạo Hiểm: 60140,60140
Adventurer's Flower: 60141,Hoa Nhà Mạo Hiểm: 60141,60141
Adventurer's Flower: 60142,Hoa Nhà Mạo Hiểm: 60142,60142
Adventurer's Flower: 60143,Hoa Nhà Mạo Hiểm: 60143,60143
Adventurer's Flower: 60144,Hoa Nhà Mạo Hiểm: 60144,60144
Adventurer's Pocket Watch: 60150,Đồng Hồ Nhà Mạo Hiểm: 60150,60150
Adventurer's Pocket Watch: 60151,Đồng Hồ Nhà Mạo Hiểm: 60151,60151
Adventurer's Pocket Watch: 60152,Đồng Hồ Nhà Mạo Hiểm: 60152,60152
Adventurer's Pocket Watch: 60153,Đồng Hồ Nhà Mạo Hiểm: 60153,60153
Adventurer's Pocket Watch: 60154,Đồng Hồ Nhà Mạo Hiểm: 60154,60154
Adventurer's Golden Goblet: 60210,Ly Nhà Mạo Hiểm: 60210,60210
Adventurer's Golden Goblet: 60211,Ly Nhà Mạo Hiểm: 60211,60211
Adventurer's Golden Goblet: 60212,Ly Nhà Mạo Hiểm: 60212,60212
Adventurer's Golden Goblet: 60213,Ly Nhà Mạo Hiểm: 60213,60213
Adventurer's Golden Goblet: 60214,Ly Nhà Mạo Hiểm: 60214,60214
Adventurer's Tail Feather: 60220,Lông Vũ Nhà Mạo Hiểm: 60220,60220
Adventurer's Tail Feather: 60221,Lông Vũ Nhà Mạo Hiểm: 60221,60221
Adventurer's Tail Feather: 60222,Lông Vũ Nhà Mạo Hiểm: 60222,60222
Adventurer's Tail Feather: 60223,Lông Vũ Nhà Mạo Hiểm: 60223,60223
Adventurer's Tail Feather: 60224,Lông Vũ Nhà Mạo Hiểm: 60224,60224
Adventurer's Bandana: 60230,Khăn Nhà Mạo Hiểm: 60230,60230
Adventurer's Bandana: 60231,Khăn Nhà Mạo Hiểm: 60231,60231
Adventurer's Bandana: 60232,Khăn Nhà Mạo Hiểm: 60232,60232
Adventurer's Bandana: 60233,Khăn Nhà Mạo Hiểm: 60233,60233
Adventurer's Bandana: 60234,Khăn Nhà Mạo Hiểm: 60234,60234
Adventurer's Flower: 60240,Hoa Nhà Mạo Hiểm: 60240,60240
Adventurer's Flower: 60241,Hoa Nhà Mạo Hiểm: 60241,60241
Adventurer's Flower: 60242,Hoa Nhà Mạo Hiểm: 60242,60242
Adventurer's Flower: 60243,Hoa Nhà Mạo Hiểm: 60243,60243
Adventurer's Flower: 60244,Hoa Nhà Mạo Hiểm: 60244,60244
Adventurer's Pocket Watch: 60250,Đồng Hồ Nhà Mạo Hiểm: 60250,60250
Adventurer's Pocket Watch: 60251,Đồng Hồ Nhà Mạo Hiểm: 60251,60251
Adventurer's Pocket Watch: 60252,Đồng Hồ Nhà Mạo Hiểm: 60252,60252
Adventurer's Pocket Watch: 60253,Đồng Hồ Nhà Mạo Hiểm: 60253,60253
Adventurer's Pocket Watch: 60254,Đồng Hồ Nhà Mạo Hiểm: 60254,60254
Adventurer's Golden Goblet: 60310,Ly Nhà Mạo Hiểm: 60310,60310
Adventurer's Golden Goblet: 60311,Ly Nhà Mạo Hiểm: 60311,60311
Adventurer's Golden Goblet: 60312,Ly Nhà Mạo Hiểm: 60312,60312
Adventurer's Golden Goblet: 60313,Ly Nhà Mạo Hiểm: 60313,60313
Adventurer's Golden Goblet: 60314,Ly Nhà Mạo Hiểm: 60314,60314
Adventurer's Tail Feather: 60320,Lông Vũ Nhà Mạo Hiểm: 60320,60320
Adventurer's Tail Feather: 60321,Lông Vũ Nhà Mạo Hiểm: 60321,60321
Adventurer's Tail Feather: 60322,Lông Vũ Nhà Mạo Hiểm: 60322,60322
Adventurer's Tail Feather: 60323,Lông Vũ Nhà Mạo Hiểm: 60323,60323
Adventurer's Tail Feather: 60324,Lông Vũ Nhà Mạo Hiểm: 60324,60324
Adventurer's Bandana: 60330,Khăn Nhà Mạo Hiểm: 60330,60330
Adventurer's Bandana: 60331,Khăn Nhà Mạo Hiểm: 60331,60331
Adventurer's Bandana: 60332,Khăn Nhà Mạo Hiểm: 60332,60332
Adventurer's Bandana: 60333,Khăn Nhà Mạo Hiểm: 60333,60333
Adventurer's Bandana: 60334,Khăn Nhà Mạo Hiểm: 60334,60334
Adventurer's Flower: 60340,Hoa Nhà Mạo Hiểm: 60340,60340
Adventurer's Flower: 60341,Hoa Nhà Mạo Hiểm: 60341,60341
Adventurer's Flower: 60342,Hoa Nhà Mạo Hiểm: 60342,60342
Adventurer's Flower: 60343,Hoa Nhà Mạo Hiểm: 60343,60343
Adventurer's Flower: 60344,Hoa Nhà Mạo Hiểm: 60344,60344
Adventurer's Pocket Watch: 60350,Đồng Hồ Nhà Mạo Hiểm: 60350,60350
Adventurer's Pocket Watch: 60351,Đồng Hồ Nhà Mạo Hiểm: 60351,60351
Adventurer's Pocket Watch: 60352,Đồng Hồ Nhà Mạo Hiểm: 60352,60352
Adventurer's Pocket Watch: 60353,Đồng Hồ Nhà Mạo Hiểm: 60353,60353
Adventurer's Pocket Watch: 60354,Đồng Hồ Nhà Mạo Hiểm: 60354,60354
Adventurer's Golden Goblet: 60410,Ly Nhà Mạo Hiểm: 60410,60410
Adventurer's Golden Goblet: 60411,Ly Nhà Mạo Hiểm: 60411,60411
Adventurer's Golden Goblet: 60412,Ly Nhà Mạo Hiểm: 60412,60412
Adventurer's Golden Goblet: 60413,Ly Nhà Mạo Hiểm: 60413,60413
Adventurer's Golden Goblet: 60414,Ly Nhà Mạo Hiểm: 60414,60414
Adventurer's Tail Feather: 60420,Lông Vũ Nhà Mạo Hiểm: 60420,60420
Adventurer's Tail Feather: 60421,Lông Vũ Nhà Mạo Hiểm: 60421,60421
Adventurer's Tail Feather: 60422,Lông Vũ Nhà Mạo Hiểm: 60422,60422
Adventurer's Tail Feather: 60423,Lông Vũ Nhà Mạo Hiểm: 60423,60423
Adventurer's Tail Feather: 60424,Lông Vũ Nhà Mạo Hiểm: 60424,60424
Adventurer's Bandana: 60430,Khăn Nhà Mạo Hiểm: 60430,60430
Adventurer's Bandana: 60431,Khăn Nhà Mạo Hiểm: 60431,60431
Adventurer's Bandana: 60432,Khăn Nhà Mạo Hiểm: 60432,60432
Adventurer's Bandana: 60433,Khăn Nhà Mạo Hiểm: 60433,60433
Adventurer's Bandana: 60434,Khăn Nhà Mạo Hiểm: 60434,60434
Adventurer's Flower: 60440,Hoa Nhà Mạo Hiểm: 60440,60440
Adventurer's Flower: 60441,Hoa Nhà Mạo Hiểm: 60441,60441
Adventurer's Flower: 60442,Hoa Nhà Mạo Hiểm: 60442,60442
Adventurer's Flower: 60443,Hoa Nhà Mạo Hiểm: 60443,60443
Adventurer's Flower: 60444,Hoa Nhà Mạo Hiểm: 60444,60444
Adventurer's Pocket Watch: 60450,Đồng Hồ Nhà Mạo Hiểm: 60450,60450
Adventurer's Pocket Watch: 60451,Đồng Hồ Nhà Mạo Hiểm: 60451,60451
Adventurer's Pocket Watch: 60452,Đồng Hồ Nhà Mạo Hiểm: 60452,60452
Adventurer's Pocket Watch: 60453,Đồng Hồ Nhà Mạo Hiểm: 60453,60453
Adventurer's Pocket Watch: 60454,Đồng Hồ Nhà Mạo Hiểm: 60454,60454
Lucky Dog's Goblet: 61110,Ly May Mắn: 61110,61110
Lucky Dog's Goblet: 61111,Ly May Mắn: 61111,61111
Lucky Dog's Goblet: 61112,Ly May Mắn: 61112,61112
Lucky Dog's Goblet: 61113,Ly May Mắn: 61113,61113
Lucky Dog's Goblet: 61114,Ly May Mắn: 61114,61114
Lucky Dog's Eagle Feather: 61120,Lông Ưng May Mắn: 61120,61120
Lucky Dog's Eagle Feather: 61121,Lông Ưng May Mắn: 61121,61121
Lucky Dog's Eagle Feather: 61122,Lông Ưng May Mắn: 61122,61122
Lucky Dog's Eagle Feather: 61123,Lông Ưng May Mắn: 61123,61123
Lucky Dog's Eagle Feather: 61124,Lông Ưng May Mắn: 61124,61124
Lucky Dog's Silver Circlet: 61130,Vòng Bạc May Mắn: 61130,61130
Lucky Dog's Silver Circlet: 61131,Vòng Bạc May Mắn: 61131,61131
Lucky Dog's Silver Circlet: 61132,Vòng Bạc May Mắn: 61132,61132
Lucky Dog's Silver Circlet: 61133,Vòng Bạc May Mắn: 61133,61133
Lucky Dog's Silver Circlet: 61134,Vòng Bạc May Mắn: 61134,61134
Lucky Dog's Clover: 61140,Hoa May Mắn: 61140,61140
Lucky Dog's Clover: 61141,Hoa May Mắn: 61141,61141
Lucky Dog's Clover: 61142,Hoa May Mắn: 61142,61142
Lucky Dog's Clover: 61143,Hoa May Mắn: 61143,61143
Lucky Dog's Clover: 61144,Hoa May Mắn: 61144,61144
Lucky Dog's Hourglass: 61150,Đồng Hồ Cát May Mắn: 61150,61150
Lucky Dog's Hourglass: 61151,Đồng Hồ Cát May Mắn: 61151,61151
Lucky Dog's Hourglass: 61152,Đồng Hồ Cát May Mắn: 61152,61152
Lucky Dog's Hourglass: 61153,Đồng Hồ Cát May Mắn: 61153,61153
Lucky Dog's Hourglass: 61154,Đồng Hồ Cát May Mắn: 61154,61154
Lucky Dog's Goblet: 61210,Ly May Mắn: 61210,61210
Lucky Dog's Goblet: 61211,Ly May Mắn: 61211,61211
Lucky Dog's Goblet: 61212,Ly May Mắn: 61212,61212
Lucky Dog's Goblet: 61213,Ly May Mắn: 61213,61213
Lucky Dog's Goblet: 61214,Ly May Mắn: 61214,61214
Lucky Dog's Eagle Feather: 61220,Lông Ưng May Mắn: 61220,61220
Lucky Dog's Eagle Feather: 61221,Lông Ưng May Mắn: 61221,61221
Lucky Dog's Eagle Feather: 61222,Lông Ưng May Mắn: 61222,61222
Lucky Dog's Eagle Feather: 61223,Lông Ưng May Mắn: 61223,61223
Lucky Dog's Eagle Feather: 61224,Lông Ưng May Mắn: 61224,61224
Lucky Dog's Silver Circlet: 61230,Vòng Bạc May Mắn: 61230,61230
Lucky Dog's Silver Circlet: 61231,Vòng Bạc May Mắn: 61231,61231
Lucky Dog's Silver Circlet: 61232,Vòng Bạc May Mắn: 61232,61232
Lucky Dog's Silver Circlet: 61233,Vòng Bạc May Mắn: 61233,61233
Lucky Dog's Silver Circlet: 61234,Vòng Bạc May Mắn: 61234,61234
Lucky Dog's Clover: 61240,Hoa May Mắn: 61240,61240
Lucky Dog's Clover: 61241,Hoa May Mắn: 61241,61241
Lucky Dog's Clover: 61242,Hoa May Mắn: 61242,61242
Lucky Dog's Clover: 61243,Hoa May Mắn: 61243,61243
Lucky Dog's Clover: 61244,Hoa May Mắn: 61244,61244
Lucky Dog's Hourglass: 61250,Đồng Hồ Cát May Mắn: 61250,61250
Lucky Dog's Hourglass: 61251,Đồng Hồ Cát May Mắn: 61251,61251
Lucky Dog's Hourglass: 61252,Đồng Hồ Cát May Mắn: 61252,61252
Lucky Dog's Hourglass: 61253,Đồng Hồ Cát May Mắn: 61253,61253
Lucky Dog's Hourglass: 61254,Đồng Hồ Cát May Mắn: 61254,61254
Lucky Dog's Goblet: 61310,Ly May Mắn: 61310,61310
Lucky Dog's Goblet: 61311,Ly May Mắn: 61311,61311
Lucky Dog's Goblet: 61312,Ly May Mắn: 61312,61312
Lucky Dog's Goblet: 61313,Ly May Mắn: 61313,61313
Lucky Dog's Goblet: 61314,Ly May Mắn: 61314,61314
Lucky Dog's Eagle Feather: 61320,Lông Ưng May Mắn: 61320,61320
Lucky Dog's Eagle Feather: 61321,Lông Ưng May Mắn: 61321,61321
Lucky Dog's Eagle Feather: 61322,Lông Ưng May Mắn: 61322,61322
Lucky Dog's Eagle Feather: 61323,Lông Ưng May Mắn: 61323,61323
Lucky Dog's Eagle Feather: 61324,Lông Ưng May Mắn: 61324,61324
Lucky Dog's Silver Circlet: 61330,Vòng Bạc May Mắn: 61330,61330
Lucky Dog's Silver Circlet: 61331,Vòng Bạc May Mắn: 61331,61331
Lucky Dog's Silver Circlet: 61332,Vòng Bạc May Mắn: 61332,61332
Lucky Dog's Silver Circlet: 61333,Vòng Bạc May Mắn: 61333,61333
Lucky Dog's Silver Circlet: 61334,Vòng Bạc May Mắn: 61334,61334
Lucky Dog's Clover: 61340,Hoa May Mắn: 61340,61340
Lucky Dog's Clover: 61341,Hoa May Mắn: 61341,61341
Lucky Dog's Clover: 61342,Hoa May Mắn: 61342,61342
Lucky Dog's Clover: 61343,Hoa May Mắn: 61343,61343
Lucky Dog's Clover: 61344,Hoa May Mắn: 61344,61344
Lucky Dog's Hourglass: 61350,Đồng Hồ Cát May Mắn: 61350,61350
Lucky Dog's Hourglass: 61351,Đồng Hồ Cát May Mắn: 61351,61351
Lucky Dog's Hourglass: 61352,Đồng Hồ Cát May Mắn: 61352,61352
Lucky Dog's Hourglass: 61353,Đồng Hồ Cát May Mắn: 61353,61353
Lucky Dog's Hourglass: 61354,Đồng Hồ Cát May Mắn: 61354,61354
Lucky Dog's Goblet: 61410,Ly May Mắn: 61410,61410
Lucky Dog's Goblet: 61411,Ly May Mắn: 61411,61411
Lucky Dog's Goblet: 61412,Ly May Mắn: 61412,61412
Lucky Dog's Goblet: 61413,Ly May Mắn: 61413,61413
Lucky Dog's Goblet: 61414,Ly May Mắn: 61414,61414
Lucky Dog's Eagle Feather: 61420,Lông Ưng May Mắn: 61420,61420
Lucky Dog's Eagle Feather: 61421,Lông Ưng May Mắn: 61421,61421
Lucky Dog's Eagle Feather: 61422,Lông Ưng May Mắn: 61422,61422
Lucky Dog's Eagle Feather: 61423,Lông Ưng May Mắn: 61423,61423
Lucky Dog's Eagle Feather: 61424,Lông Ưng May Mắn: 61424,61424
Lucky Dog's Silver Circlet: 61430,Vòng Bạc May Mắn: 61430,61430
Lucky Dog's Silver Circlet: 61431,Vòng Bạc May Mắn: 61431,61431
Lucky Dog's Silver Circlet: 61432,Vòng Bạc May Mắn: 61432,61432
Lucky Dog's Silver Circlet: 61433,Vòng Bạc May Mắn: 61433,61433
Lucky Dog's Silver Circlet: 61434,Vòng Bạc May Mắn: 61434,61434
Lucky Dog's Clover: 61440,Hoa May Mắn: 61440,61440
Lucky Dog's Clover: 61441,Hoa May Mắn: 61441,61441
Lucky Dog's Clover: 61442,Hoa May Mắn: 61442,61442
Lucky Dog's Clover: 61443,Hoa May Mắn: 61443,61443
Lucky Dog's Clover: 61444,Hoa May Mắn: 61444,61444
Lucky Dog's Hourglass: 61450,Đồng Hồ Cát May Mắn: 61450,61450
Lucky Dog's Hourglass: 61451,Đồng Hồ Cát May Mắn: 61451,61451
Lucky Dog's Hourglass: 61452,Đồng Hồ Cát May Mắn: 61452,61452
Lucky Dog's Hourglass: 61453,Đồng Hồ Cát May Mắn: 61453,61453
Lucky Dog's Hourglass: 61454,Đồng Hồ Cát May Mắn: 61454,61454
Scholar's Ink Cup: 62110,Ly Mực Học Sĩ: 62110,62110
Scholar's Ink Cup: 62111,Ly Mực Học Sĩ: 62111,62111
Scholar's Ink Cup: 62112,Ly Mực Học Sĩ: 62112,62112
Scholar's Ink Cup: 62113,Ly Mực Học Sĩ: 62113,62113
Scholar's Ink Cup: 62114,Ly Mực Học Sĩ: 62114,62114
Scholar's Quill Pen: 62120,Bút Lông Học Sĩ: 62120,62120
Scholar's Quill Pen: 62121,Bút Lông Học Sĩ: 62121,62121
Scholar's Quill Pen: 62122,Bút Lông Học Sĩ: 62122,62122
Scholar's Quill Pen: 62123,Bút Lông Học Sĩ: 62123,62123
Scholar's Quill Pen: 62124,Bút Lông Học Sĩ: 62124,62124
Scholar's Lens: 62130,Mảnh Kính Học Sĩ: 62130,62130
Scholar's Lens: 62131,Mảnh Kính Học Sĩ: 62131,62131
Scholar's Lens: 62132,Mảnh Kính Học Sĩ: 62132,62132
Scholar's Lens: 62133,Mảnh Kính Học Sĩ: 62133,62133
Scholar's Lens: 62134,Mảnh Kính Học Sĩ: 62134,62134
Scholar's Bookmark: 62140,Kẹp Sách Học Sĩ: 62140,62140
Scholar's Bookmark: 62141,Kẹp Sách Học Sĩ: 62141,62141
Scholar's Bookmark: 62142,Kẹp Sách Học Sĩ: 62142,62142
Scholar's Bookmark: 62143,Kẹp Sách Học Sĩ: 62143,62143
Scholar's Bookmark: 62144,Kẹp Sách Học Sĩ: 62144,62144
Scholar's Clock: 62150,Đồng Hồ Học Sĩ: 62150,62150
Scholar's Clock: 62151,Đồng Hồ Học Sĩ: 62151,62151
Scholar's Clock: 62152,Đồng Hồ Học Sĩ: 62152,62152
Scholar's Clock: 62153,Đồng Hồ Học Sĩ: 62153,62153
Scholar's Clock: 62154,Đồng Hồ Học Sĩ: 62154,62154
Scholar's Ink Cup: 62210,Ly Mực Học Sĩ: 62210,62210
Scholar's Ink Cup: 62211,Ly Mực Học Sĩ: 62211,62211
Scholar's Ink Cup: 62212,Ly Mực Học Sĩ: 62212,62212
Scholar's Ink Cup: 62213,Ly Mực Học Sĩ: 62213,62213
Scholar's Ink Cup: 62214,Ly Mực Học Sĩ: 62214,62214
Scholar's Quill Pen: 62220,Bút Lông Học Sĩ: 62220,62220
Scholar's Quill Pen: 62221,Bút Lông Học Sĩ: 62221,62221
Scholar's Quill Pen: 62222,Bút Lông Học Sĩ: 62222,62222
Scholar's Quill Pen: 62223,Bút Lông Học Sĩ: 62223,62223
Scholar's Quill Pen: 62224,Bút Lông Học Sĩ: 62224,62224
Scholar's Lens: 62230,Mảnh Kính Học Sĩ: 62230,62230
Scholar's Lens: 62231,Mảnh Kính Học Sĩ: 62231,62231
Scholar's Lens: 62232,Mảnh Kính Học Sĩ: 62232,62232
Scholar's Lens: 62233,Mảnh Kính Học Sĩ: 62233,62233
Scholar's Lens: 62234,Mảnh Kính Học Sĩ: 62234,62234
Scholar's Bookmark: 62240,Kẹp Sách Học Sĩ: 62240,62240
Scholar's Bookmark: 62241,Kẹp Sách Học Sĩ: 62241,62241
Scholar's Bookmark: 62242,Kẹp Sách Học Sĩ: 62242,62242
Scholar's Bookmark: 62243,Kẹp Sách Học Sĩ: 62243,62243
Scholar's Bookmark: 62244,Kẹp Sách Học Sĩ: 62244,62244
Scholar's Clock: 62250,Đồng Hồ Học Sĩ: 62250,62250
Scholar's Clock: 62251,Đồng Hồ Học Sĩ: 62251,62251
Scholar's Clock: 62252,Đồng Hồ Học Sĩ: 62252,62252
Scholar's Clock: 62253,Đồng Hồ Học Sĩ: 62253,62253
Scholar's Clock: 62254,Đồng Hồ Học Sĩ: 62254,62254
Scholar's Ink Cup: 62310,Ly Mực Học Sĩ: 62310,62310
Scholar's Ink Cup: 62311,Ly Mực Học Sĩ: 62311,62311
Scholar's Ink Cup: 62312,Ly Mực Học Sĩ: 62312,62312
Scholar's Ink Cup: 62313,Ly Mực Học Sĩ: 62313,62313
Scholar's Ink Cup: 62314,Ly Mực Học Sĩ: 62314,62314
Scholar's Quill Pen: 62320,Bút Lông Học Sĩ: 62320,62320
Scholar's Quill Pen: 62321,Bút Lông Học Sĩ: 62321,62321
Scholar's Quill Pen: 62322,Bút Lông Học Sĩ: 62322,62322
Scholar's Quill Pen: 62323,Bút Lông Học Sĩ: 62323,62323
Scholar's Quill Pen: 62324,Bút Lông Học Sĩ: 62324,62324
Scholar's Lens: 62330,Mảnh Kính Học Sĩ: 62330,62330
Scholar's Lens: 62331,Mảnh Kính Học Sĩ: 62331,62331
Scholar's Lens: 62332,Mảnh Kính Học Sĩ: 62332,62332
Scholar's Lens: 62333,Mảnh Kính Học Sĩ: 62333,62333
Scholar's Lens: 62334,Mảnh Kính Học Sĩ: 62334,62334
Scholar's Bookmark: 62340,Kẹp Sách Học Sĩ: 62340,62340
Scholar's Bookmark: 62341,Kẹp Sách Học Sĩ: 62341,62341
Scholar's Bookmark: 62342,Kẹp Sách Học Sĩ: 62342,62342
Scholar's Bookmark: 62343,Kẹp Sách Học Sĩ: 62343,62343
Scholar's Bookmark: 62344,Kẹp Sách Học Sĩ: 62344,62344
Scholar's Clock: 62350,Đồng Hồ Học Sĩ: 62350,62350
Scholar's Clock: 62351,Đồng Hồ Học Sĩ: 62351,62351
Scholar's Clock: 62352,Đồng Hồ Học Sĩ: 62352,62352
Scholar's Clock: 62353,Đồng Hồ Học Sĩ: 62353,62353
Scholar's Clock: 62354,Đồng Hồ Học Sĩ: 62354,62354
Scholar's Ink Cup: 62410,Ly Mực Học Sĩ: 62410,62410
Scholar's Ink Cup: 62411,Ly Mực Học Sĩ: 62411,62411
Scholar's Ink Cup: 62412,Ly Mực Học Sĩ: 62412,62412
Scholar's Ink Cup: 62413,Ly Mực Học Sĩ: 62413,62413
Scholar's Ink Cup: 62414,Ly Mực Học Sĩ: 62414,62414
Scholar's Quill Pen: 62420,Bút Lông Học Sĩ: 62420,62420
Scholar's Quill Pen: 62421,Bút Lông Học Sĩ: 62421,62421
Scholar's Quill Pen: 62422,Bút Lông Học Sĩ: 62422,62422
Scholar's Quill Pen: 62423,Bút Lông Học Sĩ: 62423,62423
Scholar's Quill Pen: 62424,Bút Lông Học Sĩ: 62424,62424
Scholar's Lens: 62430,Mảnh Kính Học Sĩ: 62430,62430
Scholar's Lens: 62431,Mảnh Kính Học Sĩ: 62431,62431
Scholar's Lens: 62432,Mảnh Kính Học Sĩ: 62432,62432
Scholar's Lens: 62433,Mảnh Kính Học Sĩ: 62433,62433
Scholar's Lens: 62434,Mảnh Kính Học Sĩ: 62434,62434
Scholar's Bookmark: 62440,Kẹp Sách Học Sĩ: 62440,62440
Scholar's Bookmark: 62441,Kẹp Sách Học Sĩ: 62441,62441
Scholar's Bookmark: 62442,Kẹp Sách Học Sĩ: 62442,62442
Scholar's Bookmark: 62443,Kẹp Sách Học Sĩ: 62443,62443
Scholar's Bookmark: 62444,Kẹp Sách Học Sĩ: 62444,62444
Scholar's Clock: 62450,Đồng Hồ Học Sĩ: 62450,62450
Scholar's Clock: 62451,Đồng Hồ Học Sĩ: 62451,62451
Scholar's Clock: 62452,Đồng Hồ Học Sĩ: 62452,62452
Scholar's Clock: 62453,Đồng Hồ Học Sĩ: 62453,62453
Scholar's Clock: 62454,Đồng Hồ Học Sĩ: 62454,62454
Scholar's Ink Cup: 62510,Ly Mực Học Sĩ: 62510,62510
Scholar's Ink Cup: 62511,Ly Mực Học Sĩ: 62511,62511
Scholar's Ink Cup: 62512,Ly Mực Học Sĩ: 62512,62512
Scholar's Ink Cup: 62513,Ly Mực Học Sĩ: 62513,62513
Scholar's Ink Cup: 62514,Ly Mực Học Sĩ: 62514,62514
Scholar's Quill Pen: 62520,Bút Lông Học Sĩ: 62520,62520
Scholar's Quill Pen: 62521,Bút Lông Học Sĩ: 62521,62521
Scholar's Quill Pen: 62522,Bút Lông Học Sĩ: 62522,62522
Scholar's Quill Pen: 62523,Bút Lông Học Sĩ: 62523,62523
Scholar's Quill Pen: 62524,Bút Lông Học Sĩ: 62524,62524
Scholar's Lens: 62530,Mảnh Kính Học Sĩ: 62530,62530
Scholar's Lens: 62531,Mảnh Kính Học Sĩ: 62531,62531
Scholar's Lens: 62532,Mảnh Kính Học Sĩ: 62532,62532
Scholar's Lens: 62533,Mảnh Kính Học Sĩ: 62533,62533
Scholar's Lens: 62534,Mảnh Kính Học Sĩ: 62534,62534
Scholar's Bookmark: 62540,Kẹp Sách Học Sĩ: 62540,62540
Scholar's Bookmark: 62541,Kẹp Sách Học Sĩ: 62541,62541
Scholar's Bookmark: 62542,Kẹp Sách Học Sĩ: 62542,62542
Scholar's Bookmark: 62543,Kẹp Sách Học Sĩ: 62543,62543
Scholar's Bookmark: 62544,Kẹp Sách Học Sĩ: 62544,62544
Scholar's Clock: 62550,Đồng Hồ Học Sĩ: 62550,62550
Scholar's Clock: 62551,Đồng Hồ Học Sĩ: 62551,62551
Scholar's Clock: 62552,Đồng Hồ Học Sĩ: 62552,62552
Scholar's Clock: 62553,Đồng Hồ Học Sĩ: 62553,62553
Scholar's Clock: 62554,Đồng Hồ Học Sĩ: 62554,62554
Traveling Doctor's Medicine Pot: 63110,Bình Thuốc Thầy Thuốc: 63110,63110
Traveling Doctor's Medicine Pot: 63111,Bình Thuốc Thầy Thuốc: 63111,63111
Traveling Doctor's Medicine Pot: 63112,Bình Thuốc Thầy Thuốc: 63112,63112
Traveling Doctor's Medicine Pot: 63113,Bình Thuốc Thầy Thuốc: 63113,63113
Traveling Doctor's Medicine Pot: 63114,Bình Thuốc Thầy Thuốc: 63114,63114
Traveling Doctor's Owl Feather: 63120,Lông Vũ Thầy Thuốc: 63120,63120
Traveling Doctor's Owl Feather: 63121,Lông Vũ Thầy Thuốc: 63121,63121
Traveling Doctor's Owl Feather: 63122,Lông Vũ Thầy Thuốc: 63122,63122
Traveling Doctor's Owl Feather: 63123,Lông Vũ Thầy Thuốc: 63123,63123
Traveling Doctor's Owl Feather: 63124,Lông Vũ Thầy Thuốc: 63124,63124
Traveling Doctor's Handkerchief: 63130,Khăn Thầy Thuốc: 63130,63130
Traveling Doctor's Handkerchief: 63131,Khăn Thầy Thuốc: 63131,63131
Traveling Doctor's Handkerchief: 63132,Khăn Thầy Thuốc: 63132,63132
Traveling Doctor's Handkerchief: 63133,Khăn Thầy Thuốc: 63133,63133
Traveling Doctor's Handkerchief: 63134,Khăn Thầy Thuốc: 63134,63134
Traveling Doctor's Silver Lotus: 63140,Cúc Hoạ Mi Thầy Thuốc: 63140,63140
Traveling Doctor's Silver Lotus: 63141,Cúc Hoạ Mi Thầy Thuốc: 63141,63141
Traveling Doctor's Silver Lotus: 63142,Cúc Hoạ Mi Thầy Thuốc: 63142,63142
Traveling Doctor's Silver Lotus: 63143,Cúc Hoạ Mi Thầy Thuốc: 63143,63143
Traveling Doctor's Silver Lotus: 63144,Cúc Hoạ Mi Thầy Thuốc: 63144,63144
Traveling Doctor's Pocket Watch: 63150,Đồng Hồ Thầy Thuốc: 63150,63150
Traveling Doctor's Pocket Watch: 63151,Đồng Hồ Thầy Thuốc: 63151,63151
Traveling Doctor's Pocket Watch: 63152,Đồng Hồ Thầy Thuốc: 63152,63152
Traveling Doctor's Pocket Watch: 63153,Đồng Hồ Thầy Thuốc: 63153,63153
Traveling Doctor's Pocket Watch: 63154,Đồng Hồ Thầy Thuốc: 63154,63154
Traveling Doctor's Medicine Pot: 63210,Bình Thuốc Thầy Thuốc: 63210,63210
Traveling Doctor's Medicine Pot: 63211,Bình Thuốc Thầy Thuốc: 63211,63211
Traveling Doctor's Medicine Pot: 63212,Bình Thuốc Thầy Thuốc: 63212,63212
Traveling Doctor's Medicine Pot: 63213,Bình Thuốc Thầy Thuốc: 63213,63213
Traveling Doctor's Medicine Pot: 63214,Bình Thuốc Thầy Thuốc: 63214,63214
Traveling Doctor's Owl Feather: 63220,Lông Vũ Thầy Thuốc: 63220,63220
Traveling Doctor's Owl Feather: 63221,Lông Vũ Thầy Thuốc: 63221,63221
Traveling Doctor's Owl Feather: 63222,Lông Vũ Thầy Thuốc: 63222,63222
Traveling Doctor's Owl Feather: 63223,Lông Vũ Thầy Thuốc: 63223,63223
Traveling Doctor's Owl Feather: 63224,Lông Vũ Thầy Thuốc: 63224,63224
Traveling Doctor's Handkerchief: 63230,Khăn Thầy Thuốc: 63230,63230
Traveling Doctor's Handkerchief: 63231,Khăn Thầy Thuốc: 63231,63231
Traveling Doctor's Handkerchief: 63232,Khăn Thầy Thuốc: 63232,63232
Traveling Doctor's Handkerchief: 63233,Khăn Thầy Thuốc: 63233,63233
Traveling Doctor's Handkerchief: 63234,Khăn Thầy Thuốc: 63234,63234
Traveling Doctor's Silver Lotus: 63240,Cúc Hoạ Mi Thầy Thuốc: 63240,63240
Traveling Doctor's Silver Lotus: 63241,Cúc Hoạ Mi Thầy Thuốc: 63241,63241
Traveling Doctor's Silver Lotus: 63242,Cúc Hoạ Mi Thầy Thuốc: 63242,63242
Traveling Doctor's Silver Lotus: 63243,Cúc Hoạ Mi Thầy Thuốc: 63243,63243
Traveling Doctor's Silver Lotus: 63244,Cúc Hoạ Mi Thầy Thuốc: 63244,63244
Traveling Doctor's Pocket Watch: 63250,Đồng Hồ Thầy Thuốc: 63250,63250
Traveling Doctor's Pocket Watch: 63251,Đồng Hồ Thầy Thuốc: 63251,63251
Traveling Doctor's Pocket Watch: 63252,Đồng Hồ Thầy Thuốc: 63252,63252
Traveling Doctor's Pocket Watch: 63253,Đồng Hồ Thầy Thuốc: 63253,63253
Traveling Doctor's Pocket Watch: 63254,Đồng Hồ Thầy Thuốc: 63254,63254
Traveling Doctor's Medicine Pot: 63310,Bình Thuốc Thầy Thuốc: 63310,63310
Traveling Doctor's Medicine Pot: 63311,Bình Thuốc Thầy Thuốc: 63311,63311
Traveling Doctor's Medicine Pot: 63312,Bình Thuốc Thầy Thuốc: 63312,63312
Traveling Doctor's Medicine Pot: 63313,Bình Thuốc Thầy Thuốc: 63313,63313
Traveling Doctor's Medicine Pot: 63314,Bình Thuốc Thầy Thuốc: 63314,63314
Traveling Doctor's Owl Feather: 63320,Lông Vũ Thầy Thuốc: 63320,63320
Traveling Doctor's Owl Feather: 63321,Lông Vũ Thầy Thuốc: 63321,63321
Traveling Doctor's Owl Feather: 63322,Lông Vũ Thầy Thuốc: 63322,63322
Traveling Doctor's Owl Feather: 63323,Lông Vũ Thầy Thuốc: 63323,63323
Traveling Doctor's Owl Feather: 63324,Lông Vũ Thầy Thuốc: 63324,63324
Traveling Doctor's Handkerchief: 63330,Khăn Thầy Thuốc: 63330,63330
Traveling Doctor's Handkerchief: 63331,Khăn Thầy Thuốc: 63331,63331
Traveling Doctor's Handkerchief: 63332,Khăn Thầy Thuốc: 63332,63332
Traveling Doctor's Handkerchief: 63333,Khăn Thầy Thuốc: 63333,63333
Traveling Doctor's Handkerchief: 63334,Khăn Thầy Thuốc: 63334,63334
Traveling Doctor's Silver Lotus: 63340,Cúc Hoạ Mi Thầy Thuốc: 63340,63340
Traveling Doctor's Silver Lotus: 63341,Cúc Hoạ Mi Thầy Thuốc: 63341,63341
Traveling Doctor's Silver Lotus: 63342,Cúc Hoạ Mi Thầy Thuốc: 63342,63342
Traveling Doctor's Silver Lotus: 63343,Cúc Hoạ Mi Thầy Thuốc: 63343,63343
Traveling Doctor's Silver Lotus: 63344,Cúc Hoạ Mi Thầy Thuốc: 63344,63344
Traveling Doctor's Pocket Watch: 63350,Đồng Hồ Thầy Thuốc: 63350,63350
Traveling Doctor's Pocket Watch: 63351,Đồng Hồ Thầy Thuốc: 63351,63351
Traveling Doctor's Pocket Watch: 63352,Đồng Hồ Thầy Thuốc: 63352,63352
Traveling Doctor's Pocket Watch: 63353,Đồng Hồ Thầy Thuốc: 63353,63353
Traveling Doctor's Pocket Watch: 63354,Đồng Hồ Thầy Thuốc: 63354,63354
Traveling Doctor's Medicine Pot: 63410,Bình Thuốc Thầy Thuốc: 63410,63410
Traveling Doctor's Medicine Pot: 63411,Bình Thuốc Thầy Thuốc: 63411,63411
Traveling Doctor's Medicine Pot: 63412,Bình Thuốc Thầy Thuốc: 63412,63412
Traveling Doctor's Medicine Pot: 63413,Bình Thuốc Thầy Thuốc: 63413,63413
Traveling Doctor's Medicine Pot: 63414,Bình Thuốc Thầy Thuốc: 63414,63414
Traveling Doctor's Owl Feather: 63420,Lông Vũ Thầy Thuốc: 63420,63420
Traveling Doctor's Owl Feather: 63421,Lông Vũ Thầy Thuốc: 63421,63421
Traveling Doctor's Owl Feather: 63422,Lông Vũ Thầy Thuốc: 63422,63422
Traveling Doctor's Owl Feather: 63423,Lông Vũ Thầy Thuốc: 63423,63423
Traveling Doctor's Owl Feather: 63424,Lông Vũ Thầy Thuốc: 63424,63424
Traveling Doctor's Handkerchief: 63430,Khăn Thầy Thuốc: 63430,63430
Traveling Doctor's Handkerchief: 63431,Khăn Thầy Thuốc: 63431,63431
Traveling Doctor's Handkerchief: 63432,Khăn Thầy Thuốc: 63432,63432
Traveling Doctor's Handkerchief: 63433,Khăn Thầy Thuốc: 63433,63433
Traveling Doctor's Handkerchief: 63434,Khăn Thầy Thuốc: 63434,63434
Traveling Doctor's Silver Lotus: 63440,Cúc Hoạ Mi Thầy Thuốc: 63440,63440
Traveling Doctor's Silver Lotus: 63441,Cúc Hoạ Mi Thầy Thuốc: 63441,63441
Traveling Doctor's Silver Lotus: 63442,Cúc Hoạ Mi Thầy Thuốc: 63442,63442
Traveling Doctor's Silver Lotus: 63443,Cúc Hoạ Mi Thầy Thuốc: 63443,63443
Traveling Doctor's Silver Lotus: 63444,Cúc Hoạ Mi Thầy Thuốc: 63444,63444
Traveling Doctor's Pocket Watch: 63450,Đồng Hồ Thầy Thuốc: 63450,63450
Traveling Doctor's Pocket Watch: 63451,Đồng Hồ Thầy Thuốc: 63451,63451
Traveling Doctor's Pocket Watch: 63452,Đồng Hồ Thầy Thuốc: 63452,63452
Traveling Doctor's Pocket Watch: 63453,Đồng Hồ Thầy Thuốc: 63453,63453
Traveling Doctor's Pocket Watch: 63454,Đồng Hồ Thầy Thuốc: 63454,63454
Frost-Weaved Dignity: 71310,Niềm Kiêu Hãnh Băng Giá: 71310,71310
Frost-Weaved Dignity: 71311,Niềm Kiêu Hãnh Băng Giá: 71311,71311
Frost-Weaved Dignity: 71312,Niềm Kiêu Hãnh Băng Giá: 71312,71312
Frost-Weaved Dignity: 71313,Niềm Kiêu Hãnh Băng Giá: 71313,71313
Frost-Weaved Dignity: 71314,Niềm Kiêu Hãnh Băng Giá: 71314,71314
Icebreaker's Resolve: 71320,Chấp Niệm Phá Băng Mà Tiến Bước: 71320,71320
Icebreaker's Resolve: 71321,Chấp Niệm Phá Băng Mà Tiến Bước: 71321,71321
Icebreaker's Resolve: 71322,Chấp Niệm Phá Băng Mà Tiến Bước: 71322,71322
Icebreaker's Resolve: 71323,Chấp Niệm Phá Băng Mà Tiến Bước: 71323,71323
Icebreaker's Resolve: 71324,Chấp Niệm Phá Băng Mà Tiến Bước: 71324,71324
Broken Rime's Echo: 71330,Tiếng Vọng Băng Vỡ Tuyết Rơi: 71330,71330
Broken Rime's Echo: 71331,Tiếng Vọng Băng Vỡ Tuyết Rơi: 71331,71331
Broken Rime's Echo: 71332,Tiếng Vọng Băng Vỡ Tuyết Rơi: 71332,71332
Broken Rime's Echo: 71333,Tiếng Vọng Băng Vỡ Tuyết Rơi: 71333,71333
Broken Rime's Echo: 71334,Tiếng Vọng Băng Vỡ Tuyết Rơi: 71334,71334
Snowswept Memory: 71340,Nỗi Nhớ Trải Qua Băng Tuyết: 71340,71340
Snowswept Memory: 71341,Nỗi Nhớ Trải Qua Băng Tuyết: 71341,71341
Snowswept Memory: 71342,Nỗi Nhớ Trải Qua Băng Tuyết: 71342,71342
Snowswept Memory: 71343,Nỗi Nhớ Trải Qua Băng Tuyết: 71343,71343
Snowswept Memory: 71344,Nỗi Nhớ Trải Qua Băng Tuyết: 71344,71344
Frozen Homeland's Demise: 71350,Hồi Kết Của Miền Quê Băng Giá: 71350,71350
Frozen Homeland's Demise: 71351,Hồi Kết Của Miền Quê Băng Giá: 71351,71351
Frozen Homeland's Demise: 71352,Hồi Kết Của Miền Quê Băng Giá: 71352,71352
Frozen Homeland's Demise: 71353,Hồi Kết Của Miền Quê Băng Giá: 71353,71353
Frozen Homeland's Demise: 71354,Hồi Kết Của Miền Quê Băng Giá: 71354,71354
Frost-Weaved Dignity: 71410,Niềm Kiêu Hãnh Băng Giá: 71410,71410
Frost-Weaved Dignity: 71411,Niềm Kiêu Hãnh Băng Giá: 71411,71411
Frost-Weaved Dignity: 71412,Niềm Kiêu Hãnh Băng Giá: 71412,71412
Frost-Weaved Dignity: 71413,Niềm Kiêu Hãnh Băng Giá: 71413,71413
Frost-Weaved Dignity: 71414,Niềm Kiêu Hãnh Băng Giá: 71414,71414
Icebreaker's Resolve: 71420,Chấp Niệm Phá Băng Mà Tiến Bước: 71420,71420
Icebreaker's Resolve: 71421,Chấp Niệm Phá Băng Mà Tiến Bước: 71421,71421
Icebreaker's Resolve: 71422,Chấp Niệm Phá Băng Mà Tiến Bước: 71422,71422
Icebreaker's Resolve: 71423,Chấp Niệm Phá Băng Mà Tiến Bước: 71423,71423
Icebreaker's Resolve: 71424,Chấp Niệm Phá Băng Mà Tiến Bước: 71424,71424
Broken Rime's Echo: 71430,Tiếng Vọng Băng Vỡ Tuyết Rơi: 71430,71430
Broken Rime's Echo: 71431,Tiếng Vọng Băng Vỡ Tuyết Rơi: 71431,71431
Broken Rime's Echo: 71432,Tiếng Vọng Băng Vỡ Tuyết Rơi: 71432,71432
Broken Rime's Echo: 71433,Tiếng Vọng Băng Vỡ Tuyết Rơi: 71433,71433
Broken Rime's Echo: 71434,Tiếng Vọng Băng Vỡ Tuyết Rơi: 71434,71434
Snowswept Memory: 71440,Nỗi Nhớ Trải Qua Băng Tuyết: 71440,71440
Snowswept Memory: 71441,Nỗi Nhớ Trải Qua Băng Tuyết: 71441,71441
Snowswept Memory: 71442,Nỗi Nhớ Trải Qua Băng Tuyết: 71442,71442
Snowswept Memory: 71443,Nỗi Nhớ Trải Qua Băng Tuyết: 71443,71443
Snowswept Memory: 71444,Nỗi Nhớ Trải Qua Băng Tuyết: 71444,71444
Frozen Homeland's Demise: 71450,Hồi Kết Của Miền Quê Băng Giá: 71450,71450
Frozen Homeland's Demise: 71451,Hồi Kết Của Miền Quê Băng Giá: 71451,71451
Frozen Homeland's Demise: 71452,Hồi Kết Của Miền Quê Băng Giá: 71452,71452
Frozen Homeland's Demise: 71453,Hồi Kết Của Miền Quê Băng Giá: 71453,71453
Frozen Homeland's Demise: 71454,Hồi Kết Của Miền Quê Băng Giá: 71454,71454
Frost-Weaved Dignity: 71510,Niềm Kiêu Hãnh Băng Giá: 71510,71510
Frost-Weaved Dignity: 71511,Niềm Kiêu Hãnh Băng Giá: 71511,71511
Frost-Weaved Dignity: 71512,Niềm Kiêu Hãnh Băng Giá: 71512,71512
Frost-Weaved Dignity: 71513,Niềm Kiêu Hãnh Băng Giá: 71513,71513
Frost-Weaved Dignity: 71514,Niềm Kiêu Hãnh Băng Giá: 71514,71514
Icebreaker's Resolve: 71520,Chấp Niệm Phá Băng Mà Tiến Bước: 71520,71520
Icebreaker's Resolve: 71521,Chấp Niệm Phá Băng Mà Tiến Bước: 71521,71521
Icebreaker's Resolve: 71522,Chấp Niệm Phá Băng Mà Tiến Bước: 71522,71522
Icebreaker's Resolve: 71523,Chấp Niệm Phá Băng Mà Tiến Bước: 71523,71523
Icebreaker's Resolve: 71524,Chấp Niệm Phá Băng Mà Tiến Bước: 71524,71524
Broken Rime's Echo: 71530,Tiếng Vọng Băng Vỡ Tuyết Rơi: 71530,71530
Broken Rime's Echo: 71531,Tiếng Vọng Băng Vỡ Tuyết Rơi: 71531,71531
Broken Rime's Echo: 71532,Tiếng Vọng Băng Vỡ Tuyết Rơi: 71532,71532
Broken Rime's Echo: 71533,Tiếng Vọng Băng Vỡ Tuyết Rơi: 71533,71533
Broken Rime's Echo: 71534,Tiếng Vọng Băng Vỡ Tuyết Rơi: 71534,71534
Snowswept Memory: 71540,Nỗi Nhớ Trải Qua Băng Tuyết: 71540,71540
Snowswept Memory: 71541,Nỗi Nhớ Trải Qua Băng Tuyết: 71541,71541
Snowswept Memory: 71542,Nỗi Nhớ Trải Qua Băng Tuyết: 71542,71542
Snowswept Memory: 71543,Nỗi Nhớ Trải Qua Băng Tuyết: 71543,71543
Snowswept Memory: 71544,Nỗi Nhớ Trải Qua Băng Tuyết: 71544,71544
Frozen Homeland's Demise: 71550,Hồi Kết Của Miền Quê Băng Giá: 71550,71550
Frozen Homeland's Demise: 71551,Hồi Kết Của Miền Quê Băng Giá: 71551,71551
Frozen Homeland's Demise: 71552,Hồi Kết Của Miền Quê Băng Giá: 71552,71552
Frozen Homeland's Demise: 71553,Hồi Kết Của Miền Quê Băng Giá: 71553,71553
Frozen Homeland's Demise: 71554,Hồi Kết Của Miền Quê Băng Giá: 71554,71554
Thundersoother's Goblet: 72310,Ly Bình Lôi: 72310,72310
Thundersoother's Goblet: 72311,Ly Bình Lôi: 72311,72311
Thundersoother's Goblet: 72312,Ly Bình Lôi: 72312,72312
Thundersoother's Goblet: 72313,Ly Bình Lôi: 72313,72313
Thundersoother's Goblet: 72314,Ly Bình Lôi: 72314,72314
Thundersoother's Plume: 72320,Lông Vũ Bình Lôi: 72320,72320
Thundersoother's Plume: 72321,Lông Vũ Bình Lôi: 72321,72321
Thundersoother's Plume: 72322,Lông Vũ Bình Lôi: 72322,72322
Thundersoother's Plume: 72323,Lông Vũ Bình Lôi: 72323,72323
Thundersoother's Plume: 72324,Lông Vũ Bình Lôi: 72324,72324
Thundersoother's Diadem: 72330,Nón Bình Lôi: 72330,72330
Thundersoother's Diadem: 72331,Nón Bình Lôi: 72331,72331
Thundersoother's Diadem: 72332,Nón Bình Lôi: 72332,72332
Thundersoother's Diadem: 72333,Nón Bình Lôi: 72333,72333
Thundersoother's Diadem: 72334,Nón Bình Lôi: 72334,72334
Thundersoother's Heart: 72340,Trái Tim Bình Lôi: 72340,72340
Thundersoother's Heart: 72341,Trái Tim Bình Lôi: 72341,72341
Thundersoother's Heart: 72342,Trái Tim Bình Lôi: 72342,72342
Thundersoother's Heart: 72343,Trái Tim Bình Lôi: 72343,72343
Thundersoother's Heart: 72344,Trái Tim Bình Lôi: 72344,72344
Hour of Soothing Thunder: 72350,Khoảnh Khắc Bình Lôi: 72350,72350
Hour of Soothing Thunder: 72351,Khoảnh Khắc Bình Lôi: 72351,72351
Hour of Soothing Thunder: 72352,Khoảnh Khắc Bình Lôi: 72352,72352
Hour of Soothing Thunder: 72353,Khoảnh Khắc Bình Lôi: 72353,72353
Hour of Soothing Thunder: 72354,Khoảnh Khắc Bình Lôi: 72354,72354
Thundersoother's Goblet: 72410,Ly Bình Lôi: 72410,72410
Thundersoother's Goblet: 72411,Ly Bình Lôi: 72411,72411
Thundersoother's Goblet: 72412,Ly Bình Lôi: 72412,72412
Thundersoother's Goblet: 72413,Ly Bình Lôi: 72413,72413
Thundersoother's Goblet: 72414,Ly Bình Lôi: 72414,72414
Thundersoother's Plume: 72420,Lông Vũ Bình Lôi: 72420,72420
Thundersoother's Plume: 72421,Lông Vũ Bình Lôi: 72421,72421
Thundersoother's Plume: 72422,Lông Vũ Bình Lôi: 72422,72422
Thundersoother's Plume: 72423,Lông Vũ Bình Lôi: 72423,72423
Thundersoother's Plume: 72424,Lông Vũ Bình Lôi: 72424,72424
Thundersoother's Diadem: 72430,Nón Bình Lôi: 72430,72430
Thundersoother's Diadem: 72431,Nón Bình Lôi: 72431,72431
Thundersoother's Diadem: 72432,Nón Bình Lôi: 72432,72432
Thundersoother's Diadem: 72433,Nón Bình Lôi: 72433,72433
Thundersoother's Diadem: 72434,Nón Bình Lôi: 72434,72434
Thundersoother's Heart: 72440,Trái Tim Bình Lôi: 72440,72440
Thundersoother's Heart: 72441,Trái Tim Bình Lôi: 72441,72441
Thundersoother's Heart: 72442,Trái Tim Bình Lôi: 72442,72442
Thundersoother's Heart: 72443,Trái Tim Bình Lôi: 72443,72443
Thundersoother's Heart: 72444,Trái Tim Bình Lôi: 72444,72444
Hour of Soothing Thunder: 72450,Khoảnh Khắc Bình Lôi: 72450,72450
Hour of Soothing Thunder: 72451,Khoảnh Khắc Bình Lôi: 72451,72451
Hour of Soothing Thunder: 72452,Khoảnh Khắc Bình Lôi: 72452,72452
Hour of Soothing Thunder: 72453,Khoảnh Khắc Bình Lôi: 72453,72453
Hour of Soothing Thunder: 72454,Khoảnh Khắc Bình Lôi: 72454,72454
Thundersoother's Goblet: 72510,Ly Bình Lôi: 72510,72510
Thundersoother's Goblet: 72511,Ly Bình Lôi: 72511,72511
Thundersoother's Goblet: 72512,Ly Bình Lôi: 72512,72512
Thundersoother's Goblet: 72513,Ly Bình Lôi: 72513,72513
Thundersoother's Goblet: 72514,Ly Bình Lôi: 72514,72514
Thundersoother's Plume: 72520,Lông Vũ Bình Lôi: 72520,72520
Thundersoother's Plume: 72521,Lông Vũ Bình Lôi: 72521,72521
Thundersoother's Plume: 72522,Lông Vũ Bình Lôi: 72522,72522
Thundersoother's Plume: 72523,Lông Vũ Bình Lôi: 72523,72523
Thundersoother's Plume: 72524,Lông Vũ Bình Lôi: 72524,72524
Thundersoother's Diadem: 72530,Nón Bình Lôi: 72530,72530
Thundersoother's Diadem: 72531,Nón Bình Lôi: 72531,72531
Thundersoother's Diadem: 72532,Nón Bình Lôi: 72532,72532
Thundersoother's Diadem: 72533,Nón Bình Lôi: 72533,72533
Thundersoother's Diadem: 72534,Nón Bình Lôi: 72534,72534
Thundersoother's Heart: 72540,Trái Tim Bình Lôi: 72540,72540
Thundersoother's Heart: 72541,Trái Tim Bình Lôi: 72541,72541
Thundersoother's Heart: 72542,Trái Tim Bình Lôi: 72542,72542
Thundersoother's Heart: 72543,Trái Tim Bình Lôi: 72543,72543
Thundersoother's Heart: 72544,Trái Tim Bình Lôi: 72544,72544
Hour of Soothing Thunder: 72550,Khoảnh Khắc Bình Lôi: 72550,72550
Hour of Soothing Thunder: 72551,Khoảnh Khắc Bình Lôi: 72551,72551
Hour of Soothing Thunder: 72552,Khoảnh Khắc Bình Lôi: 72552,72552
Hour of Soothing Thunder: 72553,Khoảnh Khắc Bình Lôi: 72553,72553
Hour of Soothing Thunder: 72554,Khoảnh Khắc Bình Lôi: 72554,72554
Lavawalker's Epiphany: 73310,Sự Tỉnh Ngộ Của Người Vượt Lửa: 73310,73310
Lavawalker's Epiphany: 73311,Sự Tỉnh Ngộ Của Người Vượt Lửa: 73311,73311
Lavawalker's Epiphany: 73312,Sự Tỉnh Ngộ Của Người Vượt Lửa: 73312,73312
Lavawalker's Epiphany: 73313,Sự Tỉnh Ngộ Của Người Vượt Lửa: 73313,73313
Lavawalker's Epiphany: 73314,Sự Tỉnh Ngộ Của Người Vượt Lửa: 73314,73314
Lavawalker's Salvation: 73320,Sự Giải Thoát Của Người Vượt Lửa: 73320,73320
Lavawalker's Salvation: 73321,Sự Giải Thoát Của Người Vượt Lửa: 73321,73321
Lavawalker's Salvation: 73322,Sự Giải Thoát Của Người Vượt Lửa: 73322,73322
Lavawalker's Salvation: 73323,Sự Giải Thoát Của Người Vượt Lửa: 73323,73323
Lavawalker's Salvation: 73324,Sự Giải Thoát Của Người Vượt Lửa: 73324,73324
Lavawalker's Wisdom: 73330,Trí Tuệ Người Vượt Lửa: 73330,73330
Lavawalker's Wisdom: 73331,Trí Tuệ Người Vượt Lửa: 73331,73331
Lavawalker's Wisdom: 73332,Trí Tuệ Người Vượt Lửa: 73332,73332
Lavawalker's Wisdom: 73333,Trí Tuệ Người Vượt Lửa: 73333,73333
Lavawalker's Wisdom: 73334,Trí Tuệ Người Vượt Lửa: 73334,73334
Lavawalker's Resolution: 73340,Sự Từ Chối Của Người Vượt Lửa: 73340,73340
Lavawalker's Resolution: 73341,Sự Từ Chối Của Người Vượt Lửa: 73341,73341
Lavawalker's Resolution: 73342,Sự Từ Chối Của Người Vượt Lửa: 73342,73342
Lavawalker's Resolution: 73343,Sự Từ Chối Của Người Vượt Lửa: 73343,73343
Lavawalker's Resolution: 73344,Sự Từ Chối Của Người Vượt Lửa: 73344,73344
Lavawalker's Torment: 73350,Sự Dằn Vặt Của Người Vượt Lửa: 73350,73350
Lavawalker's Torment: 73351,Sự Dằn Vặt Của Người Vượt Lửa: 73351,73351
Lavawalker's Torment: 73352,Sự Dằn Vặt Của Người Vượt Lửa: 73352,73352
Lavawalker's Torment: 73353,Sự Dằn Vặt Của Người Vượt Lửa: 73353,73353
Lavawalker's Torment: 73354,Sự Dằn Vặt Của Người Vượt Lửa: 73354,73354
Lavawalker's Epiphany: 73410,Sự Tỉnh Ngộ Của Người Vượt Lửa: 73410,73410
Lavawalker's Epiphany: 73411,Sự Tỉnh Ngộ Của Người Vượt Lửa: 73411,73411
Lavawalker's Epiphany: 73412,Sự Tỉnh Ngộ Của Người Vượt Lửa: 73412,73412
Lavawalker's Epiphany: 73413,Sự Tỉnh Ngộ Của Người Vượt Lửa: 73413,73413
Lavawalker's Epiphany: 73414,Sự Tỉnh Ngộ Của Người Vượt Lửa: 73414,73414
Lavawalker's Salvation: 73420,Sự Giải Thoát Của Người Vượt Lửa: 73420,73420
Lavawalker's Salvation: 73421,Sự Giải Thoát Của Người Vượt Lửa: 73421,73421
Lavawalker's Salvation: 73422,Sự Giải Thoát Của Người Vượt Lửa: 73422,73422
Lavawalker's Salvation: 73423,Sự Giải Thoát Của Người Vượt Lửa: 73423,73423
Lavawalker's Salvation: 73424,Sự Giải Thoát Của Người Vượt Lửa: 73424,73424
Lavawalker's Wisdom: 73430,Trí Tuệ Người Vượt Lửa: 73430,73430
Lavawalker's Wisdom: 73431,Trí Tuệ Người Vượt Lửa: 73431,73431
Lavawalker's Wisdom: 73432,Trí Tuệ Người Vượt Lửa: 73432,73432
Lavawalker's Wisdom: 73433,Trí Tuệ Người Vượt Lửa: 73433,73433
Lavawalker's Wisdom: 73434,Trí Tuệ Người Vượt Lửa: 73434,73434
Lavawalker's Resolution: 73440,Sự Từ Chối Của Người Vượt Lửa: 73440,73440
Lavawalker's Resolution: 73441,Sự Từ Chối Của Người Vượt Lửa: 73441,73441
Lavawalker's Resolution: 73442,Sự Từ Chối Của Người Vượt Lửa: 73442,73442
Lavawalker's Resolution: 73443,Sự Từ Chối Của Người Vượt Lửa: 73443,73443
Lavawalker's Resolution: 73444,Sự Từ Chối Của Người Vượt Lửa: 73444,73444
Lavawalker's Torment: 73450,Sự Dằn Vặt Của Người Vượt Lửa: 73450,73450
Lavawalker's Torment: 73451,Sự Dằn Vặt Của Người Vượt Lửa: 73451,73451
Lavawalker's Torment: 73452,Sự Dằn Vặt Của Người Vượt Lửa: 73452,73452
Lavawalker's Torment: 73453,Sự Dằn Vặt Của Người Vượt Lửa: 73453,73453
Lavawalker's Torment: 73454,Sự Dằn Vặt Của Người Vượt Lửa: 73454,73454
Lavawalker's Epiphany: 73510,Sự Tỉnh Ngộ Của Người Vượt Lửa: 73510,73510
Lavawalker's Epiphany: 73511,Sự Tỉnh Ngộ Của Người Vượt Lửa: 73511,73511
Lavawalker's Epiphany: 73512,Sự Tỉnh Ngộ Của Người Vượt Lửa: 73512,73512
Lavawalker's Epiphany: 73513,Sự Tỉnh Ngộ Của Người Vượt Lửa: 73513,73513
Lavawalker's Epiphany: 73514,Sự Tỉnh Ngộ Của Người Vượt Lửa: 73514,73514
Lavawalker's Salvation: 73520,Sự Giải Thoát Của Người Vượt Lửa: 73520,73520
Lavawalker's Salvation: 73521,Sự Giải Thoát Của Người Vượt Lửa: 73521,73521
Lavawalker's Salvation: 73522,Sự Giải Thoát Của Người Vượt Lửa: 73522,73522
Lavawalker's Salvation: 73523,Sự Giải Thoát Của Người Vượt Lửa: 73523,73523
Lavawalker's Salvation: 73524,Sự Giải Thoát Của Người Vượt Lửa: 73524,73524
Lavawalker's Wisdom: 73530,Trí Tuệ Người Vượt Lửa: 73530,73530
Lavawalker's Wisdom: 73531,Trí Tuệ Người Vượt Lửa: 73531,73531
Lavawalker's Wisdom: 73532,Trí Tuệ Người Vượt Lửa: 73532,73532
Lavawalker's Wisdom: 73533,Trí Tuệ Người Vượt Lửa: 73533,73533
Lavawalker's Wisdom: 73534,Trí Tuệ Người Vượt Lửa: 73534,73534
Lavawalker's Resolution: 73540,Sự Từ Chối Của Người Vượt Lửa: 73540,73540
Lavawalker's Resolution: 73541,Sự Từ Chối Của Người Vượt Lửa: 73541,73541
Lavawalker's Resolution: 73542,Sự Từ Chối Của Người Vượt Lửa: 73542,73542
Lavawalker's Resolution: 73543,Sự Từ Chối Của Người Vượt Lửa: 73543,73543
Lavawalker's Resolution: 73544,Sự Từ Chối Của Người Vượt Lửa: 73544,73544
Lavawalker's Torment: 73550,Sự Dằn Vặt Của Người Vượt Lửa: 73550,73550
Lavawalker's Torment: 73551,Sự Dằn Vặt Của Người Vượt Lửa: 73551,73551
Lavawalker's Torment: 73552,Sự Dằn Vặt Của Người Vượt Lửa: 73552,73552
Lavawalker's Torment: 73553,Sự Dằn Vặt Của Người Vượt Lửa: 73553,73553
Lavawalker's Torment: 73554,Sự Dằn Vặt Của Người Vượt Lửa: 73554,73554
Maiden's Fleeting Leisure: 74310,Thời Gian Rảnh Rỗi Của Thiếu Nữ: 74310,74310
Maiden's Fleeting Leisure: 74311,Thời Gian Rảnh Rỗi Của Thiếu Nữ: 74311,74311
Maiden's Fleeting Leisure: 74312,Thời Gian Rảnh Rỗi Của Thiếu Nữ: 74312,74312
Maiden's Fleeting Leisure: 74313,Thời Gian Rảnh Rỗi Của Thiếu Nữ: 74313,74313
Maiden's Fleeting Leisure: 74314,Thời Gian Rảnh Rỗi Của Thiếu Nữ: 74314,74314
Maiden's Heart-stricken Infatuation: 74320,Ý Nghĩ Của Thiếu Nữ: 74320,74320
Maiden's Heart-Stricken Infatuation: 74321,Ý Nghĩ Của Thiếu Nữ: 74321,74321
Maiden's Heart-Stricken Infatuation: 74322,Ý Nghĩ Của Thiếu Nữ: 74322,74322
Maiden's Heart-Stricken Infatuation: 74323,Ý Nghĩ Của Thiếu Nữ: 74323,74323
Maiden's Heart-Stricken Infatuation: 74324,Ý Nghĩ Của Thiếu Nữ: 74324,74324
Maiden's Fading Beauty: 74330,Nhan Sắc Của Thiếu Nữ: 74330,74330
Maiden's Fading Beauty: 74331,Nhan Sắc Của Thiếu Nữ: 74331,74331
Maiden's Fading Beauty: 74332,Nhan Sắc Của Thiếu Nữ: 74332,74332
Maiden's Fading Beauty: 74333,Nhan Sắc Của Thiếu Nữ: 74333,74333
Maiden's Fading Beauty: 74334,Nhan Sắc Của Thiếu Nữ: 74334,74334
Maiden's Distant Love: 74340,Trái Tim Thiếu Nữ Phương Xa: 74340,74340
Maiden's Distant Love: 74341,Trái Tim Thiếu Nữ Phương Xa: 74341,74341
Maiden's Distant Love: 74342,Trái Tim Thiếu Nữ Phương Xa: 74342,74342
Maiden's Distant Love: 74343,Trái Tim Thiếu Nữ Phương Xa: 74343,74343
Maiden's Distant Love: 74344,Trái Tim Thiếu Nữ Phương Xa: 74344,74344
Maiden's Passing Youth: 74350,Thời Gian Chờ Đợi Của Thiếu Nữ: 74350,74350
Maiden's Passing Youth: 74351,Thời Gian Chờ Đợi Của Thiếu Nữ: 74351,74351
Maiden's Passing Youth: 74352,Thời Gian Chờ Đợi Của Thiếu Nữ: 74352,74352
Maiden's Passing Youth: 74353,Thời Gian Chờ Đợi Của Thiếu Nữ: 74353,74353
Maiden's Passing Youth: 74354,Thời Gian Chờ Đợi Của Thiếu Nữ: 74354,74354
Maiden's Fleeting Leisure: 74410,Thời Gian Rảnh Rỗi Của Thiếu Nữ: 74410,74410
Maiden's Fleeting Leisure: 74411,Thời Gian Rảnh Rỗi Của Thiếu Nữ: 74411,74411
Maiden's Fleeting Leisure: 74412,Thời Gian Rảnh Rỗi Của Thiếu Nữ: 74412,74412
Maiden's Fleeting Leisure: 74413,Thời Gian Rảnh Rỗi Của Thiếu Nữ: 74413,74413
Maiden's Fleeting Leisure: 74414,Thời Gian Rảnh Rỗi Của Thiếu Nữ: 74414,74414
Maiden's Heart-Stricken Infatuation: 74420,Ý Nghĩ Của Thiếu Nữ: 74420,74420
Maiden's Heart-Stricken Infatuation: 74421,Ý Nghĩ Của Thiếu Nữ: 74421,74421
Maiden's Heart-Stricken Infatuation: 74422,Ý Nghĩ Của Thiếu Nữ: 74422,74422
Maiden's Heart-Stricken Infatuation: 74423,Ý Nghĩ Của Thiếu Nữ: 74423,74423
Maiden's Heart-Stricken Infatuation: 74424,Ý Nghĩ Của Thiếu Nữ: 74424,74424
Maiden's Fading Beauty: 74430,Nhan Sắc Của Thiếu Nữ: 74430,74430
Maiden's Fading Beauty: 74431,Nhan Sắc Của Thiếu Nữ: 74431,74431
Maiden's Fading Beauty: 74432,Nhan Sắc Của Thiếu Nữ: 74432,74432
Maiden's Fading Beauty: 74433,Nhan Sắc Của Thiếu Nữ: 74433,74433
Maiden's Fading Beauty: 74434,Nhan Sắc Của Thiếu Nữ: 74434,74434
Maiden's Distant Love: 74440,Trái Tim Thiếu Nữ Phương Xa: 74440,74440
Maiden's Distant Love: 74441,Trái Tim Thiếu Nữ Phương Xa: 74441,74441
Maiden's Distant Love: 74442,Trái Tim Thiếu Nữ Phương Xa: 74442,74442
Maiden's Distant Love: 74443,Trái Tim Thiếu Nữ Phương Xa: 74443,74443
Maiden's Distant Love: 74444,Trái Tim Thiếu Nữ Phương Xa: 74444,74444
Maiden's Passing Youth: 74450,Thời Gian Chờ Đợi Của Thiếu Nữ: 74450,74450
Maiden's Passing Youth: 74451,Thời Gian Chờ Đợi Của Thiếu Nữ: 74451,74451
Maiden's Passing Youth: 74452,Thời Gian Chờ Đợi Của Thiếu Nữ: 74452,74452
Maiden's Passing Youth: 74453,Thời Gian Chờ Đợi Của Thiếu Nữ: 74453,74453
Maiden's Passing Youth: 74454,Thời Gian Chờ Đợi Của Thiếu Nữ: 74454,74454
Maiden's Fleeting Leisure: 74510,Thời Gian Rảnh Rỗi Của Thiếu Nữ: 74510,74510
Maiden's Fleeting Leisure: 74511,Thời Gian Rảnh Rỗi Của Thiếu Nữ: 74511,74511
Maiden's Fleeting Leisure: 74512,Thời Gian Rảnh Rỗi Của Thiếu Nữ: 74512,74512
Maiden's Fleeting Leisure: 74513,Thời Gian Rảnh Rỗi Của Thiếu Nữ: 74513,74513
Maiden's Fleeting Leisure: 74514,Thời Gian Rảnh Rỗi Của Thiếu Nữ: 74514,74514
Maiden's Heart-Stricken Infatuation: 74520,Ý Nghĩ Của Thiếu Nữ: 74520,74520
Maiden's Heart-Stricken Infatuation: 74521,Ý Nghĩ Của Thiếu Nữ: 74521,74521
Maiden's Heart-Stricken Infatuation: 74522,Ý Nghĩ Của Thiếu Nữ: 74522,74522
Maiden's Heart-Stricken Infatuation: 74523,Ý Nghĩ Của Thiếu Nữ: 74523,74523
Maiden's Heart-Stricken Infatuation: 74524,Ý Nghĩ Của Thiếu Nữ: 74524,74524
Maiden's Fading Beauty: 74530,Nhan Sắc Của Thiếu Nữ: 74530,74530
Maiden's Fading Beauty: 74531,Nhan Sắc Của Thiếu Nữ: 74531,74531
Maiden's Fading Beauty: 74532,Nhan Sắc Của Thiếu Nữ: 74532,74532
Maiden's Fading Beauty: 74533,Nhan Sắc Của Thiếu Nữ: 74533,74533
Maiden's Fading Beauty: 74534,Nhan Sắc Của Thiếu Nữ: 74534,74534
Maiden's Distant Love: 74540,Trái Tim Thiếu Nữ Phương Xa: 74540,74540
Maiden's Distant Love: 74541,Trái Tim Thiếu Nữ Phương Xa: 74541,74541
Maiden's Distant Love: 74542,Trái Tim Thiếu Nữ Phương Xa: 74542,74542
Maiden's Distant Love: 74543,Trái Tim Thiếu Nữ Phương Xa: 74543,74543
Maiden's Distant Love: 74544,Trái Tim Thiếu Nữ Phương Xa: 74544,74544
Maiden's Passing Youth: 74550,Thời Gian Chờ Đợi Của Thiếu Nữ: 74550,74550
Maiden's Passing Youth: 74551,Thời Gian Chờ Đợi Của Thiếu Nữ: 74551,74551
Maiden's Passing Youth: 74552,Thời Gian Chờ Đợi Của Thiếu Nữ: 74552,74552
Maiden's Passing Youth: 74553,Thời Gian Chờ Đợi Của Thiếu Nữ: 74553,74553
Maiden's Passing Youth: 74554,Thời Gian Chờ Đợi Của Thiếu Nữ: 74554,74554
Gladiator's Intoxication: 75310,Giác Đấu Sĩ Uống Say: 75310,75310
Gladiator's Intoxication: 75311,Giác Đấu Sĩ Uống Say: 75311,75311
Gladiator's Intoxication: 75312,Giác Đấu Sĩ Uống Say: 75312,75312
Gladiator's Intoxication: 75313,Giác Đấu Sĩ Uống Say: 75313,75313
Gladiator's Intoxication: 75314,Giác Đấu Sĩ Uống Say: 75314,75314
Gladiator's Destiny: 75320,Giác Đấu Sĩ Trở Về: 75320,75320
Gladiator's Destiny: 75321,Giác Đấu Sĩ Trở Về: 75321,75321
Gladiator's Destiny: 75322,Giác Đấu Sĩ Trở Về: 75322,75322
Gladiator's Destiny: 75323,Giác Đấu Sĩ Trở Về: 75323,75323
Gladiator's Destiny: 75324,Giác Đấu Sĩ Trở Về: 75324,75324
Gladiator's Triumphus: 75330,Nón Giác Đấu Sĩ: 75330,75330
Gladiator's Triumphus: 75331,Nón Giác Đấu Sĩ: 75331,75331
Gladiator's Triumphus: 75332,Nón Giác Đấu Sĩ: 75332,75332
Gladiator's Triumphus: 75333,Nón Giác Đấu Sĩ: 75333,75333
Gladiator's Triumphus: 75334,Nón Giác Đấu Sĩ: 75334,75334
Gladiator's Nostalgia: 75340,Nỗi Nhớ Của Giác Đấu Sĩ: 75340,75340
Gladiator's Nostalgia: 75341,Nỗi Nhớ Của Giác Đấu Sĩ: 75341,75341
Gladiator's Nostalgia: 75342,Nỗi Nhớ Của Giác Đấu Sĩ: 75342,75342
Gladiator's Nostalgia: 75343,Nỗi Nhớ Của Giác Đấu Sĩ: 75343,75343
Gladiator's Nostalgia: 75344,Nỗi Nhớ Của Giác Đấu Sĩ: 75344,75344
Gladiator's Longing: 75350,Hy Vọng Của Giác Đấu Sĩ: 75350,75350
Gladiator's Longing: 75351,Hy Vọng Của Giác Đấu Sĩ: 75351,75351
Gladiator's Longing: 75352,Hy Vọng Của Giác Đấu Sĩ: 75352,75352
Gladiator's Longing: 75353,Hy Vọng Của Giác Đấu Sĩ: 75353,75353
Gladiator's Longing: 75354,Hy Vọng Của Giác Đấu Sĩ: 75354,75354
Gladiator's Intoxication: 75410,Giác Đấu Sĩ Uống Say: 75410,75410
Gladiator's Intoxication: 75411,Giác Đấu Sĩ Uống Say: 75411,75411
Gladiator's Intoxication: 75412,Giác Đấu Sĩ Uống Say: 75412,75412
Gladiator's Intoxication: 75413,Giác Đấu Sĩ Uống Say: 75413,75413
Gladiator's Intoxication: 75414,Giác Đấu Sĩ Uống Say: 75414,75414
Gladiator's Destiny: 75420,Giác Đấu Sĩ Trở Về: 75420,75420
Gladiator's Destiny: 75421,Giác Đấu Sĩ Trở Về: 75421,75421
Gladiator's Destiny: 75422,Giác Đấu Sĩ Trở Về: 75422,75422
Gladiator's Destiny: 75423,Giác Đấu Sĩ Trở Về: 75423,75423
Gladiator's Destiny: 75424,Giác Đấu Sĩ Trở Về: 75424,75424
Gladiator's Triumphus: 75430,Nón Giác Đấu Sĩ: 75430,75430
Gladiator's Triumphus: 75431,Nón Giác Đấu Sĩ: 75431,75431
Gladiator's Triumphus: 75432,Nón Giác Đấu Sĩ: 75432,75432
Gladiator's Triumphus: 75433,Nón Giác Đấu Sĩ: 75433,75433
Gladiator's Triumphus: 75434,Nón Giác Đấu Sĩ: 75434,75434
Gladiator's Nostalgia: 75440,Nỗi Nhớ Của Giác Đấu Sĩ: 75440,75440
Gladiator's Nostalgia: 75441,Nỗi Nhớ Của Giác Đấu Sĩ: 75441,75441
Gladiator's Nostalgia: 75442,Nỗi Nhớ Của Giác Đấu Sĩ: 75442,75442
Gladiator's Nostalgia: 75443,Nỗi Nhớ Của Giác Đấu Sĩ: 75443,75443
Gladiator's Nostalgia: 75444,Nỗi Nhớ Của Giác Đấu Sĩ: 75444,75444
Gladiator's Longing: 75450,Hy Vọng Của Giác Đấu Sĩ: 75450,75450
Gladiator's Longing: 75451,Hy Vọng Của Giác Đấu Sĩ: 75451,75451
Gladiator's Longing: 75452,Hy Vọng Của Giác Đấu Sĩ: 75452,75452
Gladiator's Longing: 75453,Hy Vọng Của Giác Đấu Sĩ: 75453,75453
Gladiator's Longing: 75454,Hy Vọng Của Giác Đấu Sĩ: 75454,75454
Gladiator's Intoxication: 75510,Giác Đấu Sĩ Uống Say: 75510,75510
Gladiator's Intoxication: 75511,Giác Đấu Sĩ Uống Say: 75511,75511
Gladiator's Intoxication: 75512,Giác Đấu Sĩ Uống Say: 75512,75512
Gladiator's Intoxication: 75513,Giác Đấu Sĩ Uống Say: 75513,75513
Gladiator's Intoxication: 75514,Giác Đấu Sĩ Uống Say: 75514,75514
Gladiator's Destiny: 75520,Giác Đấu Sĩ Trở Về: 75520,75520
Gladiator's Destiny: 75521,Giác Đấu Sĩ Trở Về: 75521,75521
Gladiator's Destiny: 75522,Giác Đấu Sĩ Trở Về: 75522,75522
Gladiator's Destiny: 75523,Giác Đấu Sĩ Trở Về: 75523,75523
Gladiator's Destiny: 75524,Giác Đấu Sĩ Trở Về: 75524,75524
Gladiator's Triumphus: 75530,Nón Giác Đấu Sĩ: 75530,75530
Gladiator's Triumphus: 75531,Nón Giác Đấu Sĩ: 75531,75531
Gladiator's Triumphus: 75532,Nón Giác Đấu Sĩ: 75532,75532
Gladiator's Triumphus: 75533,Nón Giác Đấu Sĩ: 75533,75533
Gladiator's Triumphus: 75534,Nón Giác Đấu Sĩ: 75534,75534
Gladiator's Nostalgia: 75540,Nỗi Nhớ Của Giác Đấu Sĩ: 75540,75540
Gladiator's Nostalgia: 75541,Nỗi Nhớ Của Giác Đấu Sĩ: 75541,75541
Gladiator's Nostalgia: 75542,Nỗi Nhớ Của Giác Đấu Sĩ: 75542,75542
Gladiator's Nostalgia: 75543,Nỗi Nhớ Của Giác Đấu Sĩ: 75543,75543
Gladiator's Nostalgia: 75544,Nỗi Nhớ Của Giác Đấu Sĩ: 75544,75544
Gladiator's Longing: 75550,Hy Vọng Của Giác Đấu Sĩ: 75550,75550
Gladiator's Longing: 75551,Hy Vọng Của Giác Đấu Sĩ: 75551,75551
Gladiator's Longing: 75552,Hy Vọng Của Giác Đấu Sĩ: 75552,75552
Gladiator's Longing: 75553,Hy Vọng Của Giác Đấu Sĩ: 75553,75553
Gladiator's Longing: 75554,Hy Vọng Của Giác Đấu Sĩ: 75554,75554
Viridescent Venerer's Vessel: 76310,Vật Đựng Của Thợ Săn: 76310,76310
Viridescent Venerer's Vessel: 76311,Vật Đựng Của Thợ Săn: 76311,76311
Viridescent Venerer's Vessel: 76312,Vật Đựng Của Thợ Săn: 76312,76312
Viridescent Venerer's Vessel: 76313,Vật Đựng Của Thợ Săn: 76313,76313
Viridescent Venerer's Vessel: 76314,Vật Đựng Của Thợ Săn: 76314,76314
Viridescent Arrow Feather: 76320,Lông Vũ Xanh Của Thợ Săn: 76320,76320
Viridescent Arrow Feather: 76321,Lông Vũ Xanh Của Thợ Săn: 76321,76321
Viridescent Arrow Feather: 76322,Lông Vũ Xanh Của Thợ Săn: 76322,76322
Viridescent Arrow Feather: 76323,Lông Vũ Xanh Của Thợ Săn: 76323,76323
Viridescent Arrow Feather: 76324,Lông Vũ Xanh Của Thợ Săn: 76324,76324
Viridescent Venerer's Diadem: 76330,Nón Thợ Săn: 76330,76330
Viridescent Venerer's Diadem: 76331,Nón Thợ Săn: 76331,76331
Viridescent Venerer's Diadem: 76332,Nón Thợ Săn: 76332,76332
Viridescent Venerer's Diadem: 76333,Nón Thợ Săn: 76333,76333
Viridescent Venerer's Diadem: 76334,Nón Thợ Săn: 76334,76334
In Remembrance of Viridescent Fields: 76340,Hoa Ký Ức Đồng Xanh: 76340,76340
In Remembrance of Viridescent Fields: 76341,Hoa Ký Ức Đồng Xanh: 76341,76341
In Remembrance of Viridescent Fields: 76342,Hoa Ký Ức Đồng Xanh: 76342,76342
In Remembrance of Viridescent Fields: 76343,Hoa Ký Ức Đồng Xanh: 76343,76343
In Remembrance of Viridescent Fields: 76344,Hoa Ký Ức Đồng Xanh: 76344,76344
Viridescent Venerer's Determination: 76350,Thời Gian Của Thợ Săn: 76350,76350
Viridescent Venerer's Determination: 76351,Thời Gian Của Thợ Săn: 76351,76351
Viridescent Venerer's Determination: 76352,Thời Gian Của Thợ Săn: 76352,76352
Viridescent Venerer's Determination: 76353,Thời Gian Của Thợ Săn: 76353,76353
Viridescent Venerer's Determination: 76354,Thời Gian Của Thợ Săn: 76354,76354
Viridescent Venerer's Vessel: 76410,Vật Đựng Của Thợ Săn: 76410,76410
Viridescent Venerer's Vessel: 76411,Vật Đựng Của Thợ Săn: 76411,76411
Viridescent Venerer's Vessel: 76412,Vật Đựng Của Thợ Săn: 76412,76412
Viridescent Venerer's Vessel: 76413,Vật Đựng Của Thợ Săn: 76413,76413
Viridescent Venerer's Vessel: 76414,Vật Đựng Của Thợ Săn: 76414,76414
Viridescent Arrow Feather: 76420,Lông Vũ Xanh Của Thợ Săn: 76420,76420
Viridescent Arrow Feather: 76421,Lông Vũ Xanh Của Thợ Săn: 76421,76421
Viridescent Arrow Feather: 76422,Lông Vũ Xanh Của Thợ Săn: 76422,76422
Viridescent Arrow Feather: 76423,Lông Vũ Xanh Của Thợ Săn: 76423,76423
Viridescent Arrow Feather: 76424,Lông Vũ Xanh Của Thợ Săn: 76424,76424
Viridescent Venerer's Diadem: 76430,Nón Thợ Săn: 76430,76430
Viridescent Venerer's Diadem: 76431,Nón Thợ Săn: 76431,76431
Viridescent Venerer's Diadem: 76432,Nón Thợ Săn: 76432,76432
Viridescent Venerer's Diadem: 76433,Nón Thợ Săn: 76433,76433
Viridescent Venerer's Diadem: 76434,Nón Thợ Săn: 76434,76434
In Remembrance of Viridescent Fields: 76440,Hoa Ký Ức Đồng Xanh: 76440,76440
In Remembrance of Viridescent Fields: 76441,Hoa Ký Ức Đồng Xanh: 76441,76441
In Remembrance of Viridescent Fields: 76442,Hoa Ký Ức Đồng Xanh: 76442,76442
In Remembrance of Viridescent Fields: 76443,Hoa Ký Ức Đồng Xanh: 76443,76443
In Remembrance of Viridescent Fields: 76444,Hoa Ký Ức Đồng Xanh: 76444,76444
Viridescent Venerer's Determination: 76450,Thời Gian Của Thợ Săn: 76450,76450
Viridescent Venerer's Determination: 76451,Thời Gian Của Thợ Săn: 76451,76451
Viridescent Venerer's Determination: 76452,Thời Gian Của Thợ Săn: 76452,76452
Viridescent Venerer's Determination: 76453,Thời Gian Của Thợ Săn: 76453,76453
Viridescent Venerer's Determination: 76454,Thời Gian Của Thợ Săn: 76454,76454
Viridescent Venerer's Vessel: 76510,Vật Đựng Của Thợ Săn: 76510,76510
Viridescent Venerer's Vessel: 76511,Vật Đựng Của Thợ Săn: 76511,76511
Viridescent Venerer's Vessel: 76512,Vật Đựng Của Thợ Săn: 76512,76512
Viridescent Venerer's Vessel: 76513,Vật Đựng Của Thợ Săn: 76513,76513
Viridescent Venerer's Vessel: 76514,Vật Đựng Của Thợ Săn: 76514,76514
Viridescent Arrow Feather: 76520,Lông Vũ Xanh Của Thợ Săn: 76520,76520
Viridescent Arrow Feather: 76521,Lông Vũ Xanh Của Thợ Săn: 76521,76521
Viridescent Arrow Feather: 76522,Lông Vũ Xanh Của Thợ Săn: 76522,76522
Viridescent Arrow Feather: 76523,Lông Vũ Xanh Của Thợ Săn: 76523,76523
Viridescent Arrow Feather: 76524,Lông Vũ Xanh Của Thợ Săn: 76524,76524
Viridescent Venerer's Diadem: 76530,Nón Thợ Săn: 76530,76530
Viridescent Venerer's Diadem: 76531,Nón Thợ Săn: 76531,76531
Viridescent Venerer's Diadem: 76532,Nón Thợ Săn: 76532,76532
Viridescent Venerer's Diadem: 76533,Nón Thợ Săn: 76533,76533
Viridescent Venerer's Diadem: 76534,Nón Thợ Săn: 76534,76534
In Remembrance of Viridescent Fields: 76540,Hoa Ký Ức Đồng Xanh: 76540,76540
In Remembrance of Viridescent Fields: 76541,Hoa Ký Ức Đồng Xanh: 76541,76541
In Remembrance of Viridescent Fields: 76542,Hoa Ký Ức Đồng Xanh: 76542,76542
In Remembrance of Viridescent Fields: 76543,Hoa Ký Ức Đồng Xanh: 76543,76543
In Remembrance of Viridescent Fields: 76544,Hoa Ký Ức Đồng Xanh: 76544,76544
Viridescent Venerer's Determination: 76550,Thời Gian Của Thợ Săn: 76550,76550
Viridescent Venerer's Determination: 76551,Thời Gian Của Thợ Săn: 76551,76551
Viridescent Venerer's Determination: 76552,Thời Gian Của Thợ Săn: 76552,76552
Viridescent Venerer's Determination: 76553,Thời Gian Của Thợ Săn: 76553,76553
Viridescent Venerer's Determination: 76554,Thời Gian Của Thợ Săn: 76554,76554
Wanderer's String-Kettle: 77310,Bình Nước Nhà Thơ: 77310,77310
Wanderer's String-Kettle: 77311,Bình Nước Nhà Thơ: 77311,77311
Wanderer's String-Kettle: 77312,Bình Nước Nhà Thơ: 77312,77312
Wanderer's String-Kettle: 77313,Bình Nước Nhà Thơ: 77313,77313
Wanderer's String-Kettle: 77314,Bình Nước Nhà Thơ: 77314,77314
Bard's Arrow Feather: 77320,Mũi Tên Nhạc Sĩ: 77320,77320
Bard's Arrow Feather: 77321,Mũi Tên Nhạc Sĩ: 77321,77321
Bard's Arrow Feather: 77322,Mũi Tên Nhạc Sĩ: 77322,77322
Bard's Arrow Feather: 77323,Mũi Tên Nhạc Sĩ: 77323,77323
Bard's Arrow Feather: 77324,Mũi Tên Nhạc Sĩ: 77324,77324
Conductor's Top Hat: 77330,Nón Chỉ Huy: 77330,77330
Conductor's Top Hat: 77331,Nón Chỉ Huy: 77331,77331
Conductor's Top Hat: 77332,Nón Chỉ Huy: 77332,77332
Conductor's Top Hat: 77333,Nón Chỉ Huy: 77333,77333
Conductor's Top Hat: 77334,Nón Chỉ Huy: 77334,77334
Troupe's Dawnlight: 77340,Ánh Sáng Của Ban Nhạc: 77340,77340
Troupe's Dawnlight: 77341,Ánh Sáng Của Ban Nhạc: 77341,77341
Troupe's Dawnlight: 77342,Ánh Sáng Của Ban Nhạc: 77342,77342
Troupe's Dawnlight: 77343,Ánh Sáng Của Ban Nhạc: 77343,77343
Troupe's Dawnlight: 77344,Ánh Sáng Của Ban Nhạc: 77344,77344
Concert's Final Hour: 77350,Thời Gian Bế Mạc: 77350,77350
Concert's Final Hour: 77351,Thời Gian Bế Mạc: 77351,77351
Concert's Final Hour: 77352,Thời Gian Bế Mạc: 77352,77352
Concert's Final Hour: 77353,Thời Gian Bế Mạc: 77353,77353
Concert's Final Hour: 77354,Thời Gian Bế Mạc: 77354,77354
Wanderer's String-Kettle: 77410,Bình Nước Nhà Thơ: 77410,77410
Wanderer's String-Kettle: 77411,Bình Nước Nhà Thơ: 77411,77411
Wanderer's String-Kettle: 77412,Bình Nước Nhà Thơ: 77412,77412
Wanderer's String-Kettle: 77413,Bình Nước Nhà Thơ: 77413,77413
Wanderer's String-Kettle: 77414,Bình Nước Nhà Thơ: 77414,77414
Bard's Arrow Feather: 77420,Mũi Tên Nhạc Sĩ: 77420,77420
Bard's Arrow Feather: 77421,Mũi Tên Nhạc Sĩ: 77421,77421
Bard's Arrow Feather: 77422,Mũi Tên Nhạc Sĩ: 77422,77422
Bard's Arrow Feather: 77423,Mũi Tên Nhạc Sĩ: 77423,77423
Bard's Arrow Feather: 77424,Mũi Tên Nhạc Sĩ: 77424,77424
Conductor's Top Hat: 77430,Nón Chỉ Huy: 77430,77430
Conductor's Top Hat: 77431,Nón Chỉ Huy: 77431,77431
Conductor's Top Hat: 77432,Nón Chỉ Huy: 77432,77432
Conductor's Top Hat: 77433,Nón Chỉ Huy: 77433,77433
Conductor's Top Hat: 77434,Nón Chỉ Huy: 77434,77434
Troupe's Dawnlight: 77440,Ánh Sáng Của Ban Nhạc: 77440,77440
Troupe's Dawnlight: 77441,Ánh Sáng Của Ban Nhạc: 77441,77441
Troupe's Dawnlight: 77442,Ánh Sáng Của Ban Nhạc: 77442,77442
Troupe's Dawnlight: 77443,Ánh Sáng Của Ban Nhạc: 77443,77443
Troupe's Dawnlight: 77444,Ánh Sáng Của Ban Nhạc: 77444,77444
Concert's Final Hour: 77450,Thời Gian Bế Mạc: 77450,77450
Concert's Final Hour: 77451,Thời Gian Bế Mạc: 77451,77451
Concert's Final Hour: 77452,Thời Gian Bế Mạc: 77452,77452
Concert's Final Hour: 77453,Thời Gian Bế Mạc: 77453,77453
Concert's Final Hour: 77454,Thời Gian Bế Mạc: 77454,77454
Wanderer's String-Kettle: 77510,Bình Nước Nhà Thơ: 77510,77510
Wanderer's String-Kettle: 77511,Bình Nước Nhà Thơ: 77511,77511
Wanderer's String-Kettle: 77512,Bình Nước Nhà Thơ: 77512,77512
Wanderer's String-Kettle: 77513,Bình Nước Nhà Thơ: 77513,77513
Wanderer's String-Kettle: 77514,Bình Nước Nhà Thơ: 77514,77514
Bard's Arrow Feather: 77520,Mũi Tên Nhạc Sĩ: 77520,77520
Bard's Arrow Feather: 77521,Mũi Tên Nhạc Sĩ: 77521,77521
Bard's Arrow Feather: 77522,Mũi Tên Nhạc Sĩ: 77522,77522
Bard's Arrow Feather: 77523,Mũi Tên Nhạc Sĩ: 77523,77523
Bard's Arrow Feather: 77524,Mũi Tên Nhạc Sĩ: 77524,77524
Conductor's Top Hat: 77530,Nón Chỉ Huy: 77530,77530
Conductor's Top Hat: 77531,Nón Chỉ Huy: 77531,77531
Conductor's Top Hat: 77532,Nón Chỉ Huy: 77532,77532
Conductor's Top Hat: 77533,Nón Chỉ Huy: 77533,77533
Conductor's Top Hat: 77534,Nón Chỉ Huy: 77534,77534
Troupe's Dawnlight: 77540,Ánh Sáng Của Ban Nhạc: 77540,77540
Troupe's Dawnlight: 77541,Ánh Sáng Của Ban Nhạc: 77541,77541
Troupe's Dawnlight: 77542,Ánh Sáng Của Ban Nhạc: 77542,77542
Troupe's Dawnlight: 77543,Ánh Sáng Của Ban Nhạc: 77543,77543
Troupe's Dawnlight: 77544,Ánh Sáng Của Ban Nhạc: 77544,77544
Concert's Final Hour: 77550,Thời Gian Bế Mạc: 77550,77550
Concert's Final Hour: 77551,Thời Gian Bế Mạc: 77551,77551
Concert's Final Hour: 77552,Thời Gian Bế Mạc: 77552,77552
Concert's Final Hour: 77553,Thời Gian Bế Mạc: 77553,77553
Concert's Final Hour: 77554,Thời Gian Bế Mạc: 77554,77554
Goblet of Aquilo: 78310,Ly Bắc Phong: 78310,78310
Goblet of Aquilo: 78311,Ly Bắc Phong: 78311,78311
Goblet of Aquilo: 78312,Ly Bắc Phong: 78312,78312
Goblet of Aquilo: 78313,Ly Bắc Phong: 78313,78313
Goblet of Aquilo: 78314,Ly Bắc Phong: 78314,78314
Plume of Snow: 78320,Lông Vũ Dưới Tuyết: 78320,78320
Plume of Snow: 78321,Lông Vũ Dưới Tuyết: 78321,78321
Plume of Snow: 78322,Lông Vũ Dưới Tuyết: 78322,78322
Plume of Snow: 78323,Lông Vũ Dưới Tuyết: 78323,78323
Plume of Snow: 78324,Lông Vũ Dưới Tuyết: 78324,78324
Crown of Glacier: 78330,Nón Băng Giá: 78330,78330
Crown of Glacier: 78331,Nón Băng Giá: 78331,78331
Crown of Glacier: 78332,Nón Băng Giá: 78332,78332
Crown of Glacier: 78333,Nón Băng Giá: 78333,78333
Crown of Glacier: 78334,Nón Băng Giá: 78334,78334
Heart of Frost: 78340,Trái Tim Băng Giá: 78340,78340
Heart of Frost: 78341,Trái Tim Băng Giá: 78341,78341
Heart of Frost: 78342,Trái Tim Băng Giá: 78342,78342
Heart of Frost: 78343,Trái Tim Băng Giá: 78343,78343
Heart of Frost: 78344,Trái Tim Băng Giá: 78344,78344
Glacial Sand: 78350,Băng Đọng Thành Cát: 78350,78350
Glacial Sand: 78351,Băng Đọng Thành Cát: 78351,78351
Glacial Sand: 78352,Băng Đọng Thành Cát: 78352,78352
Glacial Sand: 78353,Băng Đọng Thành Cát: 78353,78353
Glacial Sand: 78354,Băng Đọng Thành Cát: 78354,78354
Goblet of Aquilo: 78410,Ly Bắc Phong: 78410,78410
Goblet of Aquilo: 78411,Ly Bắc Phong: 78411,78411
Goblet of Aquilo: 78412,Ly Bắc Phong: 78412,78412
Goblet of Aquilo: 78413,Ly Bắc Phong: 78413,78413
Goblet of Aquilo: 78414,Ly Bắc Phong: 78414,78414
Plume of Snow: 78420,Lông Vũ Dưới Tuyết: 78420,78420
Plume of Snow: 78421,Lông Vũ Dưới Tuyết: 78421,78421
Plume of Snow: 78422,Lông Vũ Dưới Tuyết: 78422,78422
Plume of Snow: 78423,Lông Vũ Dưới Tuyết: 78423,78423
Plume of Snow: 78424,Lông Vũ Dưới Tuyết: 78424,78424
Crown of Glacier: 78430,Nón Băng Giá: 78430,78430
Crown of Glacier: 78431,Nón Băng Giá: 78431,78431
Crown of Glacier: 78432,Nón Băng Giá: 78432,78432
Crown of Glacier: 78433,Nón Băng Giá: 78433,78433
Crown of Glacier: 78434,Nón Băng Giá: 78434,78434
Heart of Frost: 78440,Trái Tim Băng Giá: 78440,78440
Heart of Frost: 78441,Trái Tim Băng Giá: 78441,78441
Heart of Frost: 78442,Trái Tim Băng Giá: 78442,78442
Heart of Frost: 78443,Trái Tim Băng Giá: 78443,78443
Heart of Frost: 78444,Trái Tim Băng Giá: 78444,78444
Glacial Sand: 78450,Băng Đọng Thành Cát: 78450,78450
Glacial Sand: 78451,Băng Đọng Thành Cát: 78451,78451
Glacial Sand: 78452,Băng Đọng Thành Cát: 78452,78452
Glacial Sand: 78453,Băng Đọng Thành Cát: 78453,78453
Glacial Sand: 78454,Băng Đọng Thành Cát: 78454,78454
Goblet of Aquilo: 78510,Ly Bắc Phong: 78510,78510
Goblet of Aquilo: 78511,Ly Bắc Phong: 78511,78511
Goblet of Aquilo: 78512,Ly Bắc Phong: 78512,78512
Goblet of Aquilo: 78513,Ly Bắc Phong: 78513,78513
Goblet of Aquilo: 78514,Ly Bắc Phong: 78514,78514
Plume of Snow: 78520,Lông Vũ Dưới Tuyết: 78520,78520
Plume of Snow: 78521,Lông Vũ Dưới Tuyết: 78521,78521
Plume of Snow: 78522,Lông Vũ Dưới Tuyết: 78522,78522
Plume of Snow: 78523,Lông Vũ Dưới Tuyết: 78523,78523
Plume of Snow: 78524,Lông Vũ Dưới Tuyết: 78524,78524
Crown of Glacier: 78530,Nón Băng Giá: 78530,78530
Crown of Glacier: 78531,Nón Băng Giá: 78531,78531
Crown of Glacier: 78532,Nón Băng Giá: 78532,78532
Crown of Glacier: 78533,Nón Băng Giá: 78533,78533
Crown of Glacier: 78534,Nón Băng Giá: 78534,78534
Heart of Frost: 78540,Trái Tim Băng Giá: 78540,78540
Heart of Frost: 78541,Trái Tim Băng Giá: 78541,78541
Heart of Frost: 78542,Trái Tim Băng Giá: 78542,78542
Heart of Frost: 78543,Trái Tim Băng Giá: 78543,78543
Heart of Frost: 78544,Trái Tim Băng Giá: 78544,78544
Glacial Sand: 78550,Băng Đọng Thành Cát: 78550,78550
Glacial Sand: 78551,Băng Đọng Thành Cát: 78551,78551
Glacial Sand: 78552,Băng Đọng Thành Cát: 78552,78552
Glacial Sand: 78553,Băng Đọng Thành Cát: 78553,78553
Glacial Sand: 78554,Băng Đọng Thành Cát: 78554,78554
Omen of Thunderstorm: 79310,Sấm Sét Hung Ác: 79310,79310
Omen of Thunderstorm: 79311,Sấm Sét Hung Ác: 79311,79311
Omen of Thunderstorm: 79312,Sấm Sét Hung Ác: 79312,79312
Omen of Thunderstorm: 79313,Sấm Sét Hung Ác: 79313,79313
Omen of Thunderstorm: 79314,Sấm Sét Hung Ác: 79314,79314
Survivor of Catastrophe: 79320,Tai Họa Của Sét: 79320,79320
Survivor of Catastrophe: 79321,Tai Họa Của Sét: 79321,79321
Survivor of Catastrophe: 79322,Tai Họa Của Sét: 79322,79322
Survivor of Catastrophe: 79323,Tai Họa Của Sét: 79323,79323
Survivor of Catastrophe: 79324,Tai Họa Của Sét: 79324,79324
Thunder Summoner's Crown: 79330,Vương Miện Gọi Sét: 79330,79330
Thunder Summoner's Crown: 79331,Vương Miện Gọi Sét: 79331,79331
Thunder Summoner's Crown: 79332,Vương Miện Gọi Sét: 79332,79332
Thunder Summoner's Crown: 79333,Vương Miện Gọi Sét: 79333,79333
Thunder Summoner's Crown: 79334,Vương Miện Gọi Sét: 79334,79334
Thunderbird's Mercy: 79340,Sự Thương Hại Của Lôi Điểu: 79340,79340
Thunderbird's Mercy: 79341,Sự Thương Hại Của Lôi Điểu: 79341,79341
Thunderbird's Mercy: 79342,Sự Thương Hại Của Lôi Điểu: 79342,79342
Thunderbird's Mercy: 79343,Sự Thương Hại Của Lôi Điểu: 79343,79343
Thunderbird's Mercy: 79344,Sự Thương Hại Của Lôi Điểu: 79344,79344
Hourglass of Thunder: 79350,Thời Gian Lôi Đình: 79350,79350
Hourglass of Thunder: 79351,Thời Gian Lôi Đình: 79351,79351
Hourglass of Thunder: 79352,Thời Gian Lôi Đình: 79352,79352
Hourglass of Thunder: 79353,Thời Gian Lôi Đình: 79353,79353
Hourglass of Thunder: 79354,Thời Gian Lôi Đình: 79354,79354
Omen of Thunderstorm: 79410,Sấm Sét Hung Ác: 79410,79410
Omen of Thunderstorm: 79411,Sấm Sét Hung Ác: 79411,79411
Omen of Thunderstorm: 79412,Sấm Sét Hung Ác: 79412,79412
Omen of Thunderstorm: 79413,Sấm Sét Hung Ác: 79413,79413
Omen of Thunderstorm: 79414,Sấm Sét Hung Ác: 79414,79414
Survivor of Catastrophe: 79420,Tai Họa Của Sét: 79420,79420
Survivor of Catastrophe: 79421,Tai Họa Của Sét: 79421,79421
Survivor of Catastrophe: 79422,Tai Họa Của Sét: 79422,79422
Survivor of Catastrophe: 79423,Tai Họa Của Sét: 79423,79423
Survivor of Catastrophe: 79424,Tai Họa Của Sét: 79424,79424
Thunder Summoner's Crown: 79430,Vương Miện Gọi Sét: 79430,79430
Thunder Summoner's Crown: 79431,Vương Miện Gọi Sét: 79431,79431
Thunder Summoner's Crown: 79432,Vương Miện Gọi Sét: 79432,79432
Thunder Summoner's Crown: 79433,Vương Miện Gọi Sét: 79433,79433
Thunder Summoner's Crown: 79434,Vương Miện Gọi Sét: 79434,79434
Thunderbird's Mercy: 79440,Sự Thương Hại Của Lôi Điểu: 79440,79440
Thunderbird's Mercy: 79441,Sự Thương Hại Của Lôi Điểu: 79441,79441
Thunderbird's Mercy: 79442,Sự Thương Hại Của Lôi Điểu: 79442,79442
Thunderbird's Mercy: 79443,Sự Thương Hại Của Lôi Điểu: 79443,79443
Thunderbird's Mercy: 79444,Sự Thương Hại Của Lôi Điểu: 79444,79444
Hourglass of Thunder: 79450,Thời Gian Lôi Đình: 79450,79450
Hourglass of Thunder: 79451,Thời Gian Lôi Đình: 79451,79451
Hourglass of Thunder: 79452,Thời Gian Lôi Đình: 79452,79452
Hourglass of Thunder: 79453,Thời Gian Lôi Đình: 79453,79453
Hourglass of Thunder: 79454,Thời Gian Lôi Đình: 79454,79454
Omen of Thunderstorm: 79510,Sấm Sét Hung Ác: 79510,79510
Omen of Thunderstorm: 79511,Sấm Sét Hung Ác: 79511,79511
Omen of Thunderstorm: 79512,Sấm Sét Hung Ác: 79512,79512
Omen of Thunderstorm: 79513,Sấm Sét Hung Ác: 79513,79513
Omen of Thunderstorm: 79514,Sấm Sét Hung Ác: 79514,79514
Survivor of Catastrophe: 79520,Tai Họa Của Sét: 79520,79520
Survivor of Catastrophe: 79521,Tai Họa Của Sét: 79521,79521
Survivor of Catastrophe: 79522,Tai Họa Của Sét: 79522,79522
Survivor of Catastrophe: 79523,Tai Họa Của Sét: 79523,79523
Survivor of Catastrophe: 79524,Tai Họa Của Sét: 79524,79524
Thunder Summoner's Crown: 79530,Vương Miện Gọi Sét: 79530,79530
Thunder Summoner's Crown: 79531,Vương Miện Gọi Sét: 79531,79531
Thunder Summoner's Crown: 79532,Vương Miện Gọi Sét: 79532,79532
Thunder Summoner's Crown: 79533,Vương Miện Gọi Sét: 79533,79533
Thunder Summoner's Crown: 79534,Vương Miện Gọi Sét: 79534,79534
Thunderbird's Mercy: 79540,Sự Thương Hại Của Lôi Điểu: 79540,79540
Thunderbird's Mercy: 79541,Sự Thương Hại Của Lôi Điểu: 79541,79541
Thunderbird's Mercy: 79542,Sự Thương Hại Của Lôi Điểu: 79542,79542
Thunderbird's Mercy: 79543,Sự Thương Hại Của Lôi Điểu: 79543,79543
Thunderbird's Mercy: 79544,Sự Thương Hại Của Lôi Điểu: 79544,79544
Hourglass of Thunder: 79550,Thời Gian Lôi Đình: 79550,79550
Hourglass of Thunder: 79551,Thời Gian Lôi Đình: 79551,79551
Hourglass of Thunder: 79552,Thời Gian Lôi Đình: 79552,79552
Hourglass of Thunder: 79553,Thời Gian Lôi Đình: 79553,79553
Hourglass of Thunder: 79554,Thời Gian Lôi Đình: 79554,79554
Witch's Heart Flames: 80310,Trái Tim Lửa Của Ma Nữ: 80310,80310
Witch's Heart Flames: 80311,Trái Tim Lửa Của Ma Nữ: 80311,80311
Witch's Heart Flames: 80312,Trái Tim Lửa Của Ma Nữ: 80312,80312
Witch's Heart Flames: 80313,Trái Tim Lửa Của Ma Nữ: 80313,80313
Witch's Heart Flames: 80314,Trái Tim Lửa Của Ma Nữ: 80314,80314
Witch's Ever-Burning Plume: 80320,Lông Vũ Thiêu Đốt Của Ma Nữ: 80320,80320
Witch's Ever-Burning Plume: 80321,Lông Vũ Thiêu Đốt Của Ma Nữ: 80321,80321
Witch's Ever-Burning Plume: 80322,Lông Vũ Thiêu Đốt Của Ma Nữ: 80322,80322
Witch's Ever-Burning Plume: 80323,Lông Vũ Thiêu Đốt Của Ma Nữ: 80323,80323
Witch's Ever-Burning Plume: 80324,Lông Vũ Thiêu Đốt Của Ma Nữ: 80324,80324
Witch's Scorching Hat: 80330,Nón Ma Nữ Lo Lắng: 80330,80330
Witch's Scorching Hat: 80331,Nón Ma Nữ Lo Lắng: 80331,80331
Witch's Scorching Hat: 80332,Nón Ma Nữ Lo Lắng: 80332,80332
Witch's Scorching Hat: 80333,Nón Ma Nữ Lo Lắng: 80333,80333
Witch's Scorching Hat: 80334,Nón Ma Nữ Lo Lắng: 80334,80334
Witch's Flower of Blaze: 80340,Hoa Lửa Của Ma Nữ: 80340,80340
Witch's Flower of Blaze: 80341,Hoa Lửa Của Ma Nữ: 80341,80341
Witch's Flower of Blaze: 80342,Hoa Lửa Của Ma Nữ: 80342,80342
Witch's Flower of Blaze: 80343,Hoa Lửa Của Ma Nữ: 80343,80343
Witch's Flower of Blaze: 80344,Hoa Lửa Của Ma Nữ: 80344,80344
Witch's End Time: 80350,Thời Gian Ma Nữ Bùng Nổ: 80350,80350
Witch's End Time: 80351,Thời Gian Ma Nữ Bùng Nổ: 80351,80351
Witch's End Time: 80352,Thời Gian Ma Nữ Bùng Nổ: 80352,80352
Witch's End Time: 80353,Thời Gian Ma Nữ Bùng Nổ: 80353,80353
Witch's End Time: 80354,Thời Gian Ma Nữ Bùng Nổ: 80354,80354
Witch's Heart Flames: 80410,Trái Tim Lửa Của Ma Nữ: 80410,80410
Witch's Heart Flames: 80411,Trái Tim Lửa Của Ma Nữ: 80411,80411
Witch's Heart Flames: 80412,Trái Tim Lửa Của Ma Nữ: 80412,80412
Witch's Heart Flames: 80413,Trái Tim Lửa Của Ma Nữ: 80413,80413
Witch's Heart Flames: 80414,Trái Tim Lửa Của Ma Nữ: 80414,80414
Witch's Ever-Burning Plume: 80420,Lông Vũ Thiêu Đốt Của Ma Nữ: 80420,80420
Witch's Ever-Burning Plume: 80421,Lông Vũ Thiêu Đốt Của Ma Nữ: 80421,80421
Witch's Ever-Burning Plume: 80422,Lông Vũ Thiêu Đốt Của Ma Nữ: 80422,80422
Witch's Ever-Burning Plume: 80423,Lông Vũ Thiêu Đốt Của Ma Nữ: 80423,80423
Witch's Ever-Burning Plume: 80424,Lông Vũ Thiêu Đốt Của Ma Nữ: 80424,80424
Witch's Scorching Hat: 80430,Nón Ma Nữ Lo Lắng: 80430,80430
Witch's Scorching Hat: 80431,Nón Ma Nữ Lo Lắng: 80431,80431
Witch's Scorching Hat: 80432,Nón Ma Nữ Lo Lắng: 80432,80432
Witch's Scorching Hat: 80433,Nón Ma Nữ Lo Lắng: 80433,80433
Witch's Scorching Hat: 80434,Nón Ma Nữ Lo Lắng: 80434,80434
Witch's Flower of Blaze: 80440,Hoa Lửa Của Ma Nữ: 80440,80440
Witch's Flower of Blaze: 80441,Hoa Lửa Của Ma Nữ: 80441,80441
Witch's Flower of Blaze: 80442,Hoa Lửa Của Ma Nữ: 80442,80442
Witch's Flower of Blaze: 80443,Hoa Lửa Của Ma Nữ: 80443,80443
Witch's Flower of Blaze: 80444,Hoa Lửa Của Ma Nữ: 80444,80444
Witch's End Time: 80450,Thời Gian Ma Nữ Bùng Nổ: 80450,80450
Witch's End Time: 80451,Thời Gian Ma Nữ Bùng Nổ: 80451,80451
Witch's End Time: 80452,Thời Gian Ma Nữ Bùng Nổ: 80452,80452
Witch's End Time: 80453,Thời Gian Ma Nữ Bùng Nổ: 80453,80453
Witch's End Time: 80454,Thời Gian Ma Nữ Bùng Nổ: 80454,80454
Witch's Heart Flames: 80510,Trái Tim Lửa Của Ma Nữ: 80510,80510
Witch's Heart Flames: 80511,Trái Tim Lửa Của Ma Nữ: 80511,80511
Witch's Heart Flames: 80512,Trái Tim Lửa Của Ma Nữ: 80512,80512
Witch's Heart Flames: 80513,Trái Tim Lửa Của Ma Nữ: 80513,80513
Witch's Heart Flames: 80514,Trái Tim Lửa Của Ma Nữ: 80514,80514
Witch's Ever-Burning Plume: 80520,Lông Vũ Thiêu Đốt Của Ma Nữ: 80520,80520
Witch's Ever-Burning Plume: 80521,Lông Vũ Thiêu Đốt Của Ma Nữ: 80521,80521
Witch's Ever-Burning Plume: 80522,Lông Vũ Thiêu Đốt Của Ma Nữ: 80522,80522
Witch's Ever-Burning Plume: 80523,Lông Vũ Thiêu Đốt Của Ma Nữ: 80523,80523
Witch's Ever-Burning Plume: 80524,Lông Vũ Thiêu Đốt Của Ma Nữ: 80524,80524
Witch's Scorching Hat: 80530,Nón Ma Nữ Lo Lắng: 80530,80530
Witch's Scorching Hat: 80531,Nón Ma Nữ Lo Lắng: 80531,80531
Witch's Scorching Hat: 80532,Nón Ma Nữ Lo Lắng: 80532,80532
Witch's Scorching Hat: 80533,Nón Ma Nữ Lo Lắng: 80533,80533
Witch's Scorching Hat: 80534,Nón Ma Nữ Lo Lắng: 80534,80534
Witch's Flower of Blaze: 80540,Hoa Lửa Của Ma Nữ: 80540,80540
Witch's Flower of Blaze: 80541,Hoa Lửa Của Ma Nữ: 80541,80541
Witch's Flower of Blaze: 80542,Hoa Lửa Của Ma Nữ: 80542,80542
Witch's Flower of Blaze: 80543,Hoa Lửa Của Ma Nữ: 80543,80543
Witch's Flower of Blaze: 80544,Hoa Lửa Của Ma Nữ: 80544,80544
Witch's End Time: 80550,Thời Gian Ma Nữ Bùng Nổ: 80550,80550
Witch's End Time: 80551,Thời Gian Ma Nữ Bùng Nổ: 80551,80551
Witch's End Time: 80552,Thời Gian Ma Nữ Bùng Nổ: 80552,80552
Witch's End Time: 80553,Thời Gian Ma Nữ Bùng Nổ: 80553,80553
Witch's End Time: 80554,Thời Gian Ma Nữ Bùng Nổ: 80554,80554
Royal Silver Urn: 81310,Bình Bạc Tông Thất: 81310,81310
Royal Silver Urn: 81311,Bình Bạc Tông Thất: 81311,81311
Royal Silver Urn: 81312,Bình Bạc Tông Thất: 81312,81312
Royal Silver Urn: 81313,Bình Bạc Tông Thất: 81313,81313
Royal Silver Urn: 81314,Bình Bạc Tông Thất: 81314,81314
Royal Plume: 81320,Lông Vũ Tông Thất: 81320,81320
Royal Plume: 81321,Lông Vũ Tông Thất: 81321,81321
Royal Plume: 81322,Lông Vũ Tông Thất: 81322,81322
Royal Plume: 81323,Lông Vũ Tông Thất: 81323,81323
Royal Plume: 81324,Lông Vũ Tông Thất: 81324,81324
Royal Masque: 81330,Mặt Nạ Tông Thất: 81330,81330
Royal Masque: 81331,Mặt Nạ Tông Thất: 81331,81331
Royal Masque: 81332,Mặt Nạ Tông Thất: 81332,81332
Royal Masque: 81333,Mặt Nạ Tông Thất: 81333,81333
Royal Masque: 81334,Mặt Nạ Tông Thất: 81334,81334
Royal Flora: 81340,Hoa Tông Thất: 81340,81340
Royal Flora: 81341,Hoa Tông Thất: 81341,81341
Royal Flora: 81342,Hoa Tông Thất: 81342,81342
Royal Flora: 81343,Hoa Tông Thất: 81343,81343
Royal Flora: 81344,Hoa Tông Thất: 81344,81344
Royal Pocket Watch: 81350,Đồng Hồ Tông Thất: 81350,81350
Royal Pocket Watch: 81351,Đồng Hồ Tông Thất: 81351,81351
Royal Pocket Watch: 81352,Đồng Hồ Tông Thất: 81352,81352
Royal Pocket Watch: 81353,Đồng Hồ Tông Thất: 81353,81353
Royal Pocket Watch: 81354,Đồng Hồ Tông Thất: 81354,81354
Royal Silver Urn: 81410,Bình Bạc Tông Thất: 81410,81410
Royal Silver Urn: 81411,Bình Bạc Tông Thất: 81411,81411
Royal Silver Urn: 81412,Bình Bạc Tông Thất: 81412,81412
Royal Silver Urn: 81413,Bình Bạc Tông Thất: 81413,81413
Royal Silver Urn: 81414,Bình Bạc Tông Thất: 81414,81414
Royal Plume: 81420,Lông Vũ Tông Thất: 81420,81420
Royal Plume: 81421,Lông Vũ Tông Thất: 81421,81421
Royal Plume: 81422,Lông Vũ Tông Thất: 81422,81422
Royal Plume: 81423,Lông Vũ Tông Thất: 81423,81423
Royal Plume: 81424,Lông Vũ Tông Thất: 81424,81424
Royal Masque: 81430,Mặt Nạ Tông Thất: 81430,81430
Royal Masque: 81431,Mặt Nạ Tông Thất: 81431,81431
Royal Masque: 81432,Mặt Nạ Tông Thất: 81432,81432
Royal Masque: 81433,Mặt Nạ Tông Thất: 81433,81433
Royal Masque: 81434,Mặt Nạ Tông Thất: 81434,81434
Royal Flora: 81440,Hoa Tông Thất: 81440,81440
Royal Flora: 81441,Hoa Tông Thất: 81441,81441
Royal Flora: 81442,Hoa Tông Thất: 81442,81442
Royal Flora: 81443,Hoa Tông Thất: 81443,81443
Royal Flora: 81444,Hoa Tông Thất: 81444,81444
Royal Pocket Watch: 81450,Đồng Hồ Tông Thất: 81450,81450
Royal Pocket Watch: 81451,Đồng Hồ Tông Thất: 81451,81451
Royal Pocket Watch: 81452,Đồng Hồ Tông Thất: 81452,81452
Royal Pocket Watch: 81453,Đồng Hồ Tông Thất: 81453,81453
Royal Pocket Watch: 81454,Đồng Hồ Tông Thất: 81454,81454
Royal Silver Urn: 81510,Bình Bạc Tông Thất: 81510,81510
Royal Silver Urn: 81511,Bình Bạc Tông Thất: 81511,81511
Royal Silver Urn: 81512,Bình Bạc Tông Thất: 81512,81512
Royal Silver Urn: 81513,Bình Bạc Tông Thất: 81513,81513
Royal Silver Urn: 81514,Bình Bạc Tông Thất: 81514,81514
Royal Plume: 81520,Lông Vũ Tông Thất: 81520,81520
Royal Plume: 81521,Lông Vũ Tông Thất: 81521,81521
Royal Plume: 81522,Lông Vũ Tông Thất: 81522,81522
Royal Plume: 81523,Lông Vũ Tông Thất: 81523,81523
Royal Plume: 81524,Lông Vũ Tông Thất: 81524,81524
Royal Masque: 81530,Mặt Nạ Tông Thất: 81530,81530
Royal Masque: 81531,Mặt Nạ Tông Thất: 81531,81531
Royal Masque: 81532,Mặt Nạ Tông Thất: 81532,81532
Royal Masque: 81533,Mặt Nạ Tông Thất: 81533,81533
Royal Masque: 81534,Mặt Nạ Tông Thất: 81534,81534
Royal Flora: 81540,Hoa Tông Thất: 81540,81540
Royal Flora: 81541,Hoa Tông Thất: 81541,81541
Royal Flora: 81542,Hoa Tông Thất: 81542,81542
Royal Flora: 81543,Hoa Tông Thất: 81543,81543
Royal Flora: 81544,Hoa Tông Thất: 81544,81544
Royal Pocket Watch: 81550,Đồng Hồ Tông Thất: 81550,81550
Royal Pocket Watch: 81551,Đồng Hồ Tông Thất: 81551,81551
Royal Pocket Watch: 81552,Đồng Hồ Tông Thất: 81552,81552
Royal Pocket Watch: 81553,Đồng Hồ Tông Thất: 81553,81553
Royal Pocket Watch: 81554,Đồng Hồ Tông Thất: 81554,81554
Bloodstained Chevalier's Goblet: 82310,Ly Kỵ Sĩ Nhuốm Máu: 82310,82310
Bloodstained Chevalier's Goblet: 82311,Ly Kỵ Sĩ Nhuốm Máu: 82311,82311
Bloodstained Chevalier's Goblet: 82312,Ly Kỵ Sĩ Nhuốm Máu: 82312,82312
Bloodstained Chevalier's Goblet: 82313,Ly Kỵ Sĩ Nhuốm Máu: 82313,82313
Bloodstained Chevalier's Goblet: 82314,Ly Kỵ Sĩ Nhuốm Máu: 82314,82314
Bloodstained Black Plume: 82320,Lông Vũ Đen Nhuốm Máu: 82320,82320
Bloodstained Black Plume: 82321,Lông Vũ Đen Nhuốm Máu: 82321,82321
Bloodstained Black Plume: 82322,Lông Vũ Đen Nhuốm Máu: 82322,82322
Bloodstained Black Plume: 82323,Lông Vũ Đen Nhuốm Máu: 82323,82323
Bloodstained Black Plume: 82324,Lông Vũ Đen Nhuốm Máu: 82324,82324
Bloodstained Iron Mask: 82330,Mặt Nạ Sắt Nhuốm Máu: 82330,82330
Bloodstained Iron Mask: 82331,Mặt Nạ Sắt Nhuốm Máu: 82331,82331
Bloodstained Iron Mask: 82332,Mặt Nạ Sắt Nhuốm Máu: 82332,82332
Bloodstained Iron Mask: 82333,Mặt Nạ Sắt Nhuốm Máu: 82333,82333
Bloodstained Iron Mask: 82334,Mặt Nạ Sắt Nhuốm Máu: 82334,82334
Bloodstained Flower of Iron: 82340,Trái Tim Sắt Nhuốm Máu: 82340,82340
Bloodstained Flower of Iron: 82341,Trái Tim Sắt Nhuốm Máu: 82341,82341
Bloodstained Flower of Iron: 82342,Trái Tim Sắt Nhuốm Máu: 82342,82342
Bloodstained Flower of Iron: 82343,Trái Tim Sắt Nhuốm Máu: 82343,82343
Bloodstained Flower of Iron: 82344,Trái Tim Sắt Nhuốm Máu: 82344,82344
Bloodstained Final Hour: 82350,Đồng Hồ Kỵ Sĩ Nhuốm Máu: 82350,82350
Bloodstained Final Hour: 82351,Đồng Hồ Kỵ Sĩ Nhuốm Máu: 82351,82351
Bloodstained Final Hour: 82352,Đồng Hồ Kỵ Sĩ Nhuốm Máu: 82352,82352
Bloodstained Final Hour: 82353,Đồng Hồ Kỵ Sĩ Nhuốm Máu: 82353,82353
Bloodstained Final Hour: 82354,Đồng Hồ Kỵ Sĩ Nhuốm Máu: 82354,82354
Bloodstained Chevalier's Goblet: 82410,Ly Kỵ Sĩ Nhuốm Máu: 82410,82410
Bloodstained Chevalier's Goblet: 82411,Ly Kỵ Sĩ Nhuốm Máu: 82411,82411
Bloodstained Chevalier's Goblet: 82412,Ly Kỵ Sĩ Nhuốm Máu: 82412,82412
Bloodstained Chevalier's Goblet: 82413,Ly Kỵ Sĩ Nhuốm Máu: 82413,82413
Bloodstained Chevalier's Goblet: 82414,Ly Kỵ Sĩ Nhuốm Máu: 82414,82414
Bloodstained Black Plume: 82420,Lông Vũ Đen Nhuốm Máu: 82420,82420
Bloodstained Black Plume: 82421,Lông Vũ Đen Nhuốm Máu: 82421,82421
Bloodstained Black Plume: 82422,Lông Vũ Đen Nhuốm Máu: 82422,82422
Bloodstained Black Plume: 82423,Lông Vũ Đen Nhuốm Máu: 82423,82423
Bloodstained Black Plume: 82424,Lông Vũ Đen Nhuốm Máu: 82424,82424
Bloodstained Iron Mask: 82430,Mặt Nạ Sắt Nhuốm Máu: 82430,82430
Bloodstained Iron Mask: 82431,Mặt Nạ Sắt Nhuốm Máu: 82431,82431
Bloodstained Iron Mask: 82432,Mặt Nạ Sắt Nhuốm Máu: 82432,82432
Bloodstained Iron Mask: 82433,Mặt Nạ Sắt Nhuốm Máu: 82433,82433
Bloodstained Iron Mask: 82434,Mặt Nạ Sắt Nhuốm Máu: 82434,82434
Bloodstained Flower of Iron: 82440,Trái Tim Sắt Nhuốm Máu: 82440,82440
Bloodstained Flower of Iron: 82441,Trái Tim Sắt Nhuốm Máu: 82441,82441
Bloodstained Flower of Iron: 82442,Trái Tim Sắt Nhuốm Máu: 82442,82442
Bloodstained Flower of Iron: 82443,Trái Tim Sắt Nhuốm Máu: 82443,82443
Bloodstained Flower of Iron: 82444,Trái Tim Sắt Nhuốm Máu: 82444,82444
Bloodstained Final Hour: 82450,Đồng Hồ Kỵ Sĩ Nhuốm Máu: 82450,82450
Bloodstained Final Hour: 82451,Đồng Hồ Kỵ Sĩ Nhuốm Máu: 82451,82451
Bloodstained Final Hour: 82452,Đồng Hồ Kỵ Sĩ Nhuốm Máu: 82452,82452
Bloodstained Final Hour: 82453,Đồng Hồ Kỵ Sĩ Nhuốm Máu: 82453,82453
Bloodstained Final Hour: 82454,Đồng Hồ Kỵ Sĩ Nhuốm Máu: 82454,82454
Bloodstained Chevalier's Goblet: 82510,Ly Kỵ Sĩ Nhuốm Máu: 82510,82510
Bloodstained Chevalier's Goblet: 82511,Ly Kỵ Sĩ Nhuốm Máu: 82511,82511
Bloodstained Chevalier's Goblet: 82512,Ly Kỵ Sĩ Nhuốm Máu: 82512,82512
Bloodstained Chevalier's Goblet: 82513,Ly Kỵ Sĩ Nhuốm Máu: 82513,82513
Bloodstained Chevalier's Goblet: 82514,Ly Kỵ Sĩ Nhuốm Máu: 82514,82514
Bloodstained Black Plume: 82520,Lông Vũ Đen Nhuốm Máu: 82520,82520
Bloodstained Black Plume: 82521,Lông Vũ Đen Nhuốm Máu: 82521,82521
Bloodstained Black Plume: 82522,Lông Vũ Đen Nhuốm Máu: 82522,82522
Bloodstained Black Plume: 82523,Lông Vũ Đen Nhuốm Máu: 82523,82523
Bloodstained Black Plume: 82524,Lông Vũ Đen Nhuốm Máu: 82524,82524
Bloodstained Iron Mask: 82530,Mặt Nạ Sắt Nhuốm Máu: 82530,82530
Bloodstained Iron Mask: 82531,Mặt Nạ Sắt Nhuốm Máu: 82531,82531
Bloodstained Iron Mask: 82532,Mặt Nạ Sắt Nhuốm Máu: 82532,82532
Bloodstained Iron Mask: 82533,Mặt Nạ Sắt Nhuốm Máu: 82533,82533
Bloodstained Iron Mask: 82534,Mặt Nạ Sắt Nhuốm Máu: 82534,82534
Bloodstained Flower of Iron: 82540,Trái Tim Sắt Nhuốm Máu: 82540,82540
Bloodstained Flower of Iron: 82541,Trái Tim Sắt Nhuốm Máu: 82541,82541
Bloodstained Flower of Iron: 82542,Trái Tim Sắt Nhuốm Máu: 82542,82542
Bloodstained Flower of Iron: 82543,Trái Tim Sắt Nhuốm Máu: 82543,82543
Bloodstained Flower of Iron: 82544,Trái Tim Sắt Nhuốm Máu: 82544,82544
Bloodstained Final Hour: 82550,Đồng Hồ Kỵ Sĩ Nhuốm Máu: 82550,82550
Bloodstained Final Hour: 82551,Đồng Hồ Kỵ Sĩ Nhuốm Máu: 82551,82551
Bloodstained Final Hour: 82552,Đồng Hồ Kỵ Sĩ Nhuốm Máu: 82552,82552
Bloodstained Final Hour: 82553,Đồng Hồ Kỵ Sĩ Nhuốm Máu: 82553,82553
Bloodstained Final Hour: 82554,Đồng Hồ Kỵ Sĩ Nhuốm Máu: 82554,82554
Tiara of Flame: 83330,Nón Tế Lửa: 83330,83330
Tiara of Flame: 83331,Nón Tế Lửa: 83331,83331
Tiara of Flame: 83332,Nón Tế Lửa: 83332,83332
Tiara of Flame: 83333,Nón Tế Lửa: 83333,83333
Tiara of Flame: 83334,Nón Tế Lửa: 83334,83334
Tiara of Flame: 83430,Nón Tế Lửa: 83430,83430
Tiara of Flame: 83431,Nón Tế Lửa: 83431,83431
Tiara of Flame: 83432,Nón Tế Lửa: 83432,83432
Tiara of Flame: 83433,Nón Tế Lửa: 83433,83433
Tiara of Flame: 83434,Nón Tế Lửa: 83434,83434
Tiara of Flame: 83530,Nón Tế Lửa: 83530,83530
Tiara of Flame: 83531,Nón Tế Lửa: 83531,83531
Tiara of Flame: 83532,Nón Tế Lửa: 83532,83532
Tiara of Flame: 83533,Nón Tế Lửa: 83533,83533
Tiara of Flame: 83534,Nón Tế Lửa: 83534,83534
Tiara of Torrents: 84330,Nón Tế Thủy: 84330,84330
Tiara of Torrents: 84331,Nón Tế Thủy: 84331,84331
Tiara of Torrents: 84332,Nón Tế Thủy: 84332,84332
Tiara of Torrents: 84333,Nón Tế Thủy: 84333,84333
Tiara of Torrents: 84334,Nón Tế Thủy: 84334,84334
Tiara of Torrents: 84430,Nón Tế Thủy: 84430,84430
Tiara of Torrents: 84431,Nón Tế Thủy: 84431,84431
Tiara of Torrents: 84432,Nón Tế Thủy: 84432,84432
Tiara of Torrents: 84433,Nón Tế Thủy: 84433,84433
Tiara of Torrents: 84434,Nón Tế Thủy: 84434,84434
Tiara of Torrents: 84530,Nón Tế Thủy: 84530,84530
Tiara of Torrents: 84531,Nón Tế Thủy: 84531,84531
Tiara of Torrents: 84532,Nón Tế Thủy: 84532,84532
Tiara of Torrents: 84533,Nón Tế Thủy: 84533,84533
Tiara of Torrents: 84534,Nón Tế Thủy: 84534,84534
Tiara of Thunder: 85330,Nón Tế Lôi: 85330,85330
Tiara of Thunder: 85331,Nón Tế Lôi: 85331,85331
Tiara of Thunder: 85332,Nón Tế Lôi: 85332,85332
Tiara of Thunder: 85333,Nón Tế Lôi: 85333,85333
Tiara of Thunder: 85334,Nón Tế Lôi: 85334,85334
Tiara of Thunder: 85430,Nón Tế Lôi: 85430,85430
Tiara of Thunder: 85431,Nón Tế Lôi: 85431,85431
Tiara of Thunder: 85432,Nón Tế Lôi: 85432,85432
Tiara of Thunder: 85433,Nón Tế Lôi: 85433,85433
Tiara of Thunder: 85434,Nón Tế Lôi: 85434,85434
Tiara of Thunder: 85530,Nón Tế Lôi: 85530,85530
Tiara of Thunder: 85531,Nón Tế Lôi: 85531,85531
Tiara of Thunder: 85532,Nón Tế Lôi: 85532,85532
Tiara of Thunder: 85533,Nón Tế Lôi: 85533,85533
Tiara of Thunder: 85534,Nón Tế Lôi: 85534,85534
Tiara of Gales: 86330,Nón Tế Phong: 86330,86330
Tiara of Gales: 86331,Nón Tế Phong: 86331,86331
Tiara of Gales: 86332,Nón Tế Phong: 86332,86332
Tiara of Gales: 86333,Nón Tế Phong: 86333,86333
Tiara of Gales: 86334,Nón Tế Phong: 86334,86334
Tiara of Gales: 86430,Nón Tế Phong: 86430,86430
Tiara of Gales: 86431,Nón Tế Phong: 86431,86431
Tiara of Gales: 86432,Nón Tế Phong: 86432,86432
Tiara of Gales: 86433,Nón Tế Phong: 86433,86433
Tiara of Gales: 86434,Nón Tế Phong: 86434,86434
Tiara of Gales: 86530,Nón Tế Phong: 86530,86530
Tiara of Gales: 86531,Nón Tế Phong: 86531,86531
Tiara of Gales: 86532,Nón Tế Phong: 86532,86532
Tiara of Gales: 86533,Nón Tế Phong: 86533,86533
Tiara of Gales: 86534,Nón Tế Phong: 86534,86534
Tiara of Frost: 87330,Nón Tế Băng: 87330,87330
Tiara of Frost: 87331,Nón Tế Băng: 87331,87331
Tiara of Frost: 87332,Nón Tế Băng: 87332,87332
Tiara of Frost: 87333,Nón Tế Băng: 87333,87333
Tiara of Frost: 87334,Nón Tế Băng: 87334,87334
Tiara of Frost: 87430,Nón Tế Băng: 87430,87430
Tiara of Frost: 87431,Nón Tế Băng: 87431,87431
Tiara of Frost: 87432,Nón Tế Băng: 87432,87432
Tiara of Frost: 87433,Nón Tế Băng: 87433,87433
Tiara of Frost: 87434,Nón Tế Băng: 87434,87434
Tiara of Frost: 87530,Nón Tế Băng: 87530,87530
Tiara of Frost: 87531,Nón Tế Băng: 87531,87531
Tiara of Frost: 87532,Nón Tế Băng: 87532,87532
Tiara of Frost: 87533,Nón Tế Băng: 87533,87533
Tiara of Frost: 87534,Nón Tế Băng: 87534,87534
Goblet of Chiseled Crag: 88310,Ly Ngọc Bàn Thạch: 88310,88310
Goblet of Chiseled Crag: 88311,Ly Ngọc Bàn Thạch: 88311,88311
Goblet of Chiseled Crag: 88312,Ly Ngọc Bàn Thạch: 88312,88312
Goblet of Chiseled Crag: 88313,Ly Ngọc Bàn Thạch: 88313,88313
Goblet of Chiseled Crag: 88314,Ly Ngọc Bàn Thạch: 88314,88314
Feather of Jagged Peaks: 88320,Cánh Thái Sơn: 88320,88320
Feather of Jagged Peaks: 88321,Cánh Thái Sơn: 88321,88321
Feather of Jagged Peaks: 88322,Cánh Thái Sơn: 88322,88322
Feather of Jagged Peaks: 88323,Cánh Thái Sơn: 88323,88323
Feather of Jagged Peaks: 88324,Cánh Thái Sơn: 88324,88324
Mask of Solitude Basalt: 88330,Mặt Nạ Huyền Thạch: 88330,88330
Mask of Solitude Basalt: 88331,Mặt Nạ Huyền Thạch: 88331,88331
Mask of Solitude Basalt: 88332,Mặt Nạ Huyền Thạch: 88332,88332
Mask of Solitude Basalt: 88333,Mặt Nạ Huyền Thạch: 88333,88333
Mask of Solitude Basalt: 88334,Mặt Nạ Huyền Thạch: 88334,88334
Flower of Creviced Cliff: 88340,Hoa Bàn Đà: 88340,88340
Flower of Creviced Cliff: 88341,Hoa Bàn Đà: 88341,88341
Flower of Creviced Cliff: 88342,Hoa Bàn Đà: 88342,88342
Flower of Creviced Cliff: 88343,Hoa Bàn Đà: 88343,88343
Flower of Creviced Cliff: 88344,Hoa Bàn Đà: 88344,88344
Sundial of Enduring Jade: 88350,Cát Tinh Đà: 88350,88350
Sundial of Enduring Jade: 88351,Cát Tinh Đà: 88351,88351
Sundial of Enduring Jade: 88352,Cát Tinh Đà: 88352,88352
Sundial of Enduring Jade: 88353,Cát Tinh Đà: 88353,88353
Sundial of Enduring Jade: 88354,Cát Tinh Đà: 88354,88354
Goblet of Chiseled Crag: 88410,Ly Ngọc Bàn Thạch: 88410,88410
Goblet of Chiseled Crag: 88411,Ly Ngọc Bàn Thạch: 88411,88411
Goblet of Chiseled Crag: 88412,Ly Ngọc Bàn Thạch: 88412,88412
Goblet of Chiseled Crag: 88413,Ly Ngọc Bàn Thạch: 88413,88413
Goblet of Chiseled Crag: 88414,Ly Ngọc Bàn Thạch: 88414,88414
Feather of Jagged Peaks: 88420,Cánh Thái Sơn: 88420,88420
Feather of Jagged Peaks: 88421,Cánh Thái Sơn: 88421,88421
Feather of Jagged Peaks: 88422,Cánh Thái Sơn: 88422,88422
Feather of Jagged Peaks: 88423,Cánh Thái Sơn: 88423,88423
Feather of Jagged Peaks: 88424,Cánh Thái Sơn: 88424,88424
Mask of Solitude Basalt: 88430,Mặt Nạ Huyền Thạch: 88430,88430
Mask of Solitude Basalt: 88431,Mặt Nạ Huyền Thạch: 88431,88431
Mask of Solitude Basalt: 88432,Mặt Nạ Huyền Thạch: 88432,88432
Mask of Solitude Basalt: 88433,Mặt Nạ Huyền Thạch: 88433,88433
Mask of Solitude Basalt: 88434,Mặt Nạ Huyền Thạch: 88434,88434
Flower of Creviced Cliff: 88440,Hoa Bàn Đà: 88440,88440
Flower of Creviced Cliff: 88441,Hoa Bàn Đà: 88441,88441
Flower of Creviced Cliff: 88442,Hoa Bàn Đà: 88442,88442
Flower of Creviced Cliff: 88443,Hoa Bàn Đà: 88443,88443
Flower of Creviced Cliff: 88444,Hoa Bàn Đà: 88444,88444
Sundial of Enduring Jade: 88450,Cát Tinh Đà: 88450,88450
Sundial of Enduring Jade: 88451,Cát Tinh Đà: 88451,88451
Sundial of Enduring Jade: 88452,Cát Tinh Đà: 88452,88452
Sundial of Enduring Jade: 88453,Cát Tinh Đà: 88453,88453
Sundial of Enduring Jade: 88454,Cát Tinh Đà: 88454,88454
Goblet of Chiseled Crag: 88510,Ly Ngọc Bàn Thạch: 88510,88510
Goblet of Chiseled Crag: 88511,Ly Ngọc Bàn Thạch: 88511,88511
Goblet of Chiseled Crag: 88512,Ly Ngọc Bàn Thạch: 88512,88512
Goblet of Chiseled Crag: 88513,Ly Ngọc Bàn Thạch: 88513,88513
Goblet of Chiseled Crag: 88514,Ly Ngọc Bàn Thạch: 88514,88514
Feather of Jagged Peaks: 88520,Cánh Thái Sơn: 88520,88520
Feather of Jagged Peaks: 88521,Cánh Thái Sơn: 88521,88521
Feather of Jagged Peaks: 88522,Cánh Thái Sơn: 88522,88522
Feather of Jagged Peaks: 88523,Cánh Thái Sơn: 88523,88523
Feather of Jagged Peaks: 88524,Cánh Thái Sơn: 88524,88524
Mask of Solitude Basalt: 88530,Mặt Nạ Huyền Thạch: 88530,88530
Mask of Solitude Basalt: 88531,Mặt Nạ Huyền Thạch: 88531,88531
Mask of Solitude Basalt: 88532,Mặt Nạ Huyền Thạch: 88532,88532
Mask of Solitude Basalt: 88533,Mặt Nạ Huyền Thạch: 88533,88533
Mask of Solitude Basalt: 88534,Mặt Nạ Huyền Thạch: 88534,88534
Flower of Creviced Cliff: 88540,Hoa Bàn Đà: 88540,88540
Flower of Creviced Cliff: 88541,Hoa Bàn Đà: 88541,88541
Flower of Creviced Cliff: 88542,Hoa Bàn Đà: 88542,88542
Flower of Creviced Cliff: 88543,Hoa Bàn Đà: 88543,88543
Flower of Creviced Cliff: 88544,Hoa Bàn Đà: 88544,88544
Sundial of Enduring Jade: 88550,Cát Tinh Đà: 88550,88550
Sundial of Enduring Jade: 88551,Cát Tinh Đà: 88551,88551
Sundial of Enduring Jade: 88552,Cát Tinh Đà: 88552,88552
Sundial of Enduring Jade: 88553,Cát Tinh Đà: 88553,88553
Sundial of Enduring Jade: 88554,Cát Tinh Đà: 88554,88554
Summer Night's Waterballoon: 89310,Ly Ngọc Lễ Tế Mùa Hè: 89310,89310
Summer Night's Waterballoon: 89311,Ly Ngọc Lễ Tế Mùa Hè: 89311,89311
Summer Night's Waterballoon: 89312,Ly Ngọc Lễ Tế Mùa Hè: 89312,89312
Summer Night's Waterballoon: 89313,Ly Ngọc Lễ Tế Mùa Hè: 89313,89313
Summer Night's Waterballoon: 89314,Ly Ngọc Lễ Tế Mùa Hè: 89314,89314
Summer Night's Finale: 89320,Kết Thúc Lễ Tế Mùa Hè: 89320,89320
Summer Night's Finale: 89321,Kết Thúc Lễ Tế Mùa Hè: 89321,89321
Summer Night's Finale: 89322,Kết Thúc Lễ Tế Mùa Hè: 89322,89322
Summer Night's Finale: 89323,Kết Thúc Lễ Tế Mùa Hè: 89323,89323
Summer Night's Finale: 89324,Kết Thúc Lễ Tế Mùa Hè: 89324,89324
Summer Night's Mask: 89330,Mặt Nạ Lễ Tế Mùa Hè: 89330,89330
Summer Night's Mask: 89331,Mặt Nạ Lễ Tế Mùa Hè: 89331,89331
Summer Night's Mask: 89332,Mặt Nạ Lễ Tế Mùa Hè: 89332,89332
Summer Night's Mask: 89333,Mặt Nạ Lễ Tế Mùa Hè: 89333,89333
Summer Night's Mask: 89334,Mặt Nạ Lễ Tế Mùa Hè: 89334,89334
Summer Night's Bloom: 89340,Hoa Lễ Tế Mùa Hè: 89340,89340
Summer Night's Bloom: 89341,Hoa Lễ Tế Mùa Hè: 89341,89341
Summer Night's Bloom: 89342,Hoa Lễ Tế Mùa Hè: 89342,89342
Summer Night's Bloom: 89343,Hoa Lễ Tế Mùa Hè: 89343,89343
Summer Night's Bloom: 89344,Hoa Lễ Tế Mùa Hè: 89344,89344
Summer Night's Moment: 89350,Đồng Hồ Lễ Tế Mùa Hè: 89350,89350
Summer Night's Moment: 89351,Đồng Hồ Lễ Tế Mùa Hè: 89351,89351
Summer Night's Moment: 89352,Đồng Hồ Lễ Tế Mùa Hè: 89352,89352
Summer Night's Moment: 89353,Đồng Hồ Lễ Tế Mùa Hè: 89353,89353
Summer Night's Moment: 89354,Đồng Hồ Lễ Tế Mùa Hè: 89354,89354
Summer Night's Waterballoon: 89410,Ly Ngọc Lễ Tế Mùa Hè: 89410,89410
Summer Night's Waterballoon: 89411,Ly Ngọc Lễ Tế Mùa Hè: 89411,89411
Summer Night's Waterballoon: 89412,Ly Ngọc Lễ Tế Mùa Hè: 89412,89412
Summer Night's Waterballoon: 89413,Ly Ngọc Lễ Tế Mùa Hè: 89413,89413
Summer Night's Waterballoon: 89414,Ly Ngọc Lễ Tế Mùa Hè: 89414,89414
Summer Night's Finale: 89420,Kết Thúc Lễ Tế Mùa Hè: 89420,89420
Summer Night's Finale: 89421,Kết Thúc Lễ Tế Mùa Hè: 89421,89421
Summer Night's Finale: 89422,Kết Thúc Lễ Tế Mùa Hè: 89422,89422
Summer Night's Finale: 89423,Kết Thúc Lễ Tế Mùa Hè: 89423,89423
Summer Night's Finale: 89424,Kết Thúc Lễ Tế Mùa Hè: 89424,89424
Summer Night's Mask: 89430,Mặt Nạ Lễ Tế Mùa Hè: 89430,89430
Summer Night's Mask: 89431,Mặt Nạ Lễ Tế Mùa Hè: 89431,89431
Summer Night's Mask: 89432,Mặt Nạ Lễ Tế Mùa Hè: 89432,89432
Summer Night's Mask: 89433,Mặt Nạ Lễ Tế Mùa Hè: 89433,89433
Summer Night's Mask: 89434,Mặt Nạ Lễ Tế Mùa Hè: 89434,89434
Summer Night's Bloom: 89440,Hoa Lễ Tế Mùa Hè: 89440,89440
Summer Night's Bloom: 89441,Hoa Lễ Tế Mùa Hè: 89441,89441
Summer Night's Bloom: 89442,Hoa Lễ Tế Mùa Hè: 89442,89442
Summer Night's Bloom: 89443,Hoa Lễ Tế Mùa Hè: 89443,89443
Summer Night's Bloom: 89444,Hoa Lễ Tế Mùa Hè: 89444,89444
Summer Night's Moment: 89450,Đồng Hồ Lễ Tế Mùa Hè: 89450,89450
Summer Night's Moment: 89451,Đồng Hồ Lễ Tế Mùa Hè: 89451,89451
Summer Night's Moment: 89452,Đồng Hồ Lễ Tế Mùa Hè: 89452,89452
Summer Night's Moment: 89453,Đồng Hồ Lễ Tế Mùa Hè: 89453,89453
Summer Night's Moment: 89454,Đồng Hồ Lễ Tế Mùa Hè: 89454,89454
Summer Night's Waterballoon: 89510,Ly Ngọc Lễ Tế Mùa Hè: 89510,89510
Summer Night's Waterballoon: 89511,Ly Ngọc Lễ Tế Mùa Hè: 89511,89511
Summer Night's Waterballoon: 89512,Ly Ngọc Lễ Tế Mùa Hè: 89512,89512
Summer Night's Waterballoon: 89513,Ly Ngọc Lễ Tế Mùa Hè: 89513,89513
Summer Night's Waterballoon: 89514,Ly Ngọc Lễ Tế Mùa Hè: 89514,89514
Summer Night's Finale: 89520,Kết Thúc Lễ Tế Mùa Hè: 89520,89520
Summer Night's Finale: 89521,Kết Thúc Lễ Tế Mùa Hè: 89521,89521
Summer Night's Finale: 89522,Kết Thúc Lễ Tế Mùa Hè: 89522,89522
Summer Night's Finale: 89523,Kết Thúc Lễ Tế Mùa Hè: 89523,89523
Summer Night's Finale: 89524,Kết Thúc Lễ Tế Mùa Hè: 89524,89524
Summer Night's Mask: 89530,Mặt Nạ Lễ Tế Mùa Hè: 89530,89530
Summer Night's Mask: 89531,Mặt Nạ Lễ Tế Mùa Hè: 89531,89531
Summer Night's Mask: 89532,Mặt Nạ Lễ Tế Mùa Hè: 89532,89532
Summer Night's Mask: 89533,Mặt Nạ Lễ Tế Mùa Hè: 89533,89533
Summer Night's Mask: 89534,Mặt Nạ Lễ Tế Mùa Hè: 89534,89534
Summer Night's Bloom: 89540,Hoa Lễ Tế Mùa Hè: 89540,89540
Summer Night's Bloom: 89541,Hoa Lễ Tế Mùa Hè: 89541,89541
Summer Night's Bloom: 89542,Hoa Lễ Tế Mùa Hè: 89542,89542
Summer Night's Bloom: 89543,Hoa Lễ Tế Mùa Hè: 89543,89543
Summer Night's Bloom: 89544,Hoa Lễ Tế Mùa Hè: 89544,89544
Summer Night's Moment: 89550,Đồng Hồ Lễ Tế Mùa Hè: 89550,89550
Summer Night's Moment: 89551,Đồng Hồ Lễ Tế Mùa Hè: 89551,89551
Summer Night's Moment: 89552,Đồng Hồ Lễ Tế Mùa Hè: 89552,89552
Summer Night's Moment: 89553,Đồng Hồ Lễ Tế Mùa Hè: 89553,89553
Summer Night's Moment: 89554,Đồng Hồ Lễ Tế Mùa Hè: 89554,89554
Goblet of Thundering Deep: 90310,Ly Gợn Sóng: 90310,90310
Goblet of Thundering Deep: 90311,Ly Gợn Sóng: 90311,90311
Goblet of Thundering Deep: 90312,Ly Gợn Sóng: 90312,90312
Goblet of Thundering Deep: 90313,Ly Gợn Sóng: 90313,90313
Goblet of Thundering Deep: 90314,Ly Gợn Sóng: 90314,90314
Gust of Nostalgia: 90320,Ngọn Gió Hồi Ức: 90320,90320
Gust of Nostalgia: 90321,Ngọn Gió Hồi Ức: 90321,90321
Gust of Nostalgia: 90322,Ngọn Gió Hồi Ức: 90322,90322
Gust of Nostalgia: 90323,Ngọn Gió Hồi Ức: 90323,90323
Gust of Nostalgia: 90324,Ngọn Gió Hồi Ức: 90324,90324
Wine-Stained Tricorne: 90330,Mũ Đượm Rượu: 90330,90330
Wine-Stained Tricorne: 90331,Mũ Đượm Rượu: 90331,90331
Wine-Stained Tricorne: 90332,Mũ Đượm Rượu: 90332,90332
Wine-Stained Tricorne: 90333,Mũ Đượm Rượu: 90333,90333
Wine-Stained Tricorne: 90334,Mũ Đượm Rượu: 90334,90334
Gilded Corsage: 90340,Hoa Cài Vàng: 90340,90340
Gilded Corsage: 90341,Hoa Cài Vàng: 90341,90341
Gilded Corsage: 90342,Hoa Cài Vàng: 90342,90342
Gilded Corsage: 90343,Hoa Cài Vàng: 90343,90343
Gilded Corsage: 90344,Hoa Cài Vàng: 90344,90344
Copper Compass: 90350,La Bàn Đồng: 90350,90350
Copper Compass: 90351,La Bàn Đồng: 90351,90351
Copper Compass: 90352,La Bàn Đồng: 90352,90352
Copper Compass: 90353,La Bàn Đồng: 90353,90353
Copper Compass: 90354,La Bàn Đồng: 90354,90354
Goblet of Thundering Deep: 90410,Ly Gợn Sóng: 90410,90410
Goblet of Thundering Deep: 90411,Ly Gợn Sóng: 90411,90411
Goblet of Thundering Deep: 90412,Ly Gợn Sóng: 90412,90412
Goblet of Thundering Deep: 90413,Ly Gợn Sóng: 90413,90413
Goblet of Thundering Deep: 90414,Ly Gợn Sóng: 90414,90414
Gust of Nostalgia: 90420,Ngọn Gió Hồi Ức: 90420,90420
Gust of Nostalgia: 90421,Ngọn Gió Hồi Ức: 90421,90421
Gust of Nostalgia: 90422,Ngọn Gió Hồi Ức: 90422,90422
Gust of Nostalgia: 90423,Ngọn Gió Hồi Ức: 90423,90423
Gust of Nostalgia: 90424,Ngọn Gió Hồi Ức: 90424,90424
Wine-Stained Tricorne: 90430,Mũ Đượm Rượu: 90430,90430
Wine-Stained Tricorne: 90431,Mũ Đượm Rượu: 90431,90431
Wine-Stained Tricorne: 90432,Mũ Đượm Rượu: 90432,90432
Wine-Stained Tricorne: 90433,Mũ Đượm Rượu: 90433,90433
Wine-Stained Tricorne: 90434,Mũ Đượm Rượu: 90434,90434
Gilded Corsage: 90440,Hoa Cài Vàng: 90440,90440
Gilded Corsage: 90441,Hoa Cài Vàng: 90441,90441
Gilded Corsage: 90442,Hoa Cài Vàng: 90442,90442
Gilded Corsage: 90443,Hoa Cài Vàng: 90443,90443
Gilded Corsage: 90444,Hoa Cài Vàng: 90444,90444
Copper Compass: 90450,La Bàn Đồng: 90450,90450
Copper Compass: 90451,La Bàn Đồng: 90451,90451
Copper Compass: 90452,La Bàn Đồng: 90452,90452
Copper Compass: 90453,La Bàn Đồng: 90453,90453
Copper Compass: 90454,La Bàn Đồng: 90454,90454
Goblet of Thundering Deep: 90510,Ly Gợn Sóng: 90510,90510
Goblet of Thundering Deep: 90511,Ly Gợn Sóng: 90511,90511
Goblet of Thundering Deep: 90512,Ly Gợn Sóng: 90512,90512
Goblet of Thundering Deep: 90513,Ly Gợn Sóng: 90513,90513
Goblet of Thundering Deep: 90514,Ly Gợn Sóng: 90514,90514
Gust of Nostalgia: 90520,Ngọn Gió Hồi Ức: 90520,90520
Gust of Nostalgia: 90521,Ngọn Gió Hồi Ức: 90521,90521
Gust of Nostalgia: 90522,Ngọn Gió Hồi Ức: 90522,90522
Gust of Nostalgia: 90523,Ngọn Gió Hồi Ức: 90523,90523
Gust of Nostalgia: 90524,Ngọn Gió Hồi Ức: 90524,90524
Wine-Stained Tricorne: 90530,Mũ Đượm Rượu: 90530,90530
Wine-Stained Tricorne: 90531,Mũ Đượm Rượu: 90531,90531
Wine-Stained Tricorne: 90532,Mũ Đượm Rượu: 90532,90532
Wine-Stained Tricorne: 90533,Mũ Đượm Rượu: 90533,90533
Wine-Stained Tricorne: 90534,Mũ Đượm Rượu: 90534,90534
Gilded Corsage: 90540,Hoa Cài Vàng: 90540,90540
Gilded Corsage: 90541,Hoa Cài Vàng: 90541,90541
Gilded Corsage: 90542,Hoa Cài Vàng: 90542,90542
Gilded Corsage: 90543,Hoa Cài Vàng: 90543,90543
Gilded Corsage: 90544,Hoa Cài Vàng: 90544,90544
Copper Compass: 90550,La Bàn Đồng: 90550,90550
Copper Compass: 90551,La Bàn Đồng: 90551,90551
Copper Compass: 90552,La Bàn Đồng: 90552,90552
Copper Compass: 90553,La Bàn Đồng: 90553,90553
Copper Compass: 90554,La Bàn Đồng: 90554,90554
Noble's Pledging Vessel: 91310,Minh Thệ Kim Tước: 91310,91310
Noble's Pledging Vessel: 91311,Minh Thệ Kim Tước: 91311,91311
Noble's Pledging Vessel: 91312,Minh Thệ Kim Tước: 91312,91312
Noble's Pledging Vessel: 91313,Minh Thệ Kim Tước: 91313,91313
Noble's Pledging Vessel: 91314,Minh Thệ Kim Tước: 91314,91314
Ceremonial War-Plume: 91320,Chiêu Võ Linh Vũ: 91320,91320
Ceremonial War-Plume: 91321,Chiêu Võ Linh Vũ: 91321,91321
Ceremonial War-Plume: 91322,Chiêu Võ Linh Vũ: 91322,91322
Ceremonial War-Plume: 91323,Chiêu Võ Linh Vũ: 91323,91323
Ceremonial War-Plume: 91324,Chiêu Võ Linh Vũ: 91324,91324
General's Ancient Helm: 91330,Nón Nguyên Soái: 91330,91330
General's Ancient Helm: 91331,Nón Nguyên Soái: 91331,91331
General's Ancient Helm: 91332,Nón Nguyên Soái: 91332,91332
General's Ancient Helm: 91333,Nón Nguyên Soái: 91333,91333
General's Ancient Helm: 91334,Nón Nguyên Soái: 91334,91334
Flower of Accolades: 91340,Hoa Chiến Công: 91340,91340
Flower of Accolades: 91341,Hoa Chiến Công: 91341,91341
Flower of Accolades: 91342,Hoa Chiến Công: 91342,91342
Flower of Accolades: 91343,Hoa Chiến Công: 91343,91343
Flower of Accolades: 91344,Hoa Chiến Công: 91344,91344
Orichalceous Time-Dial: 91350,Đồng Hồ Vàng Đồng: 91350,91350
Orichalceous Time-Dial: 91351,Đồng Hồ Vàng Đồng: 91351,91351
Orichalceous Time-Dial: 91352,Đồng Hồ Vàng Đồng: 91352,91352
Orichalceous Time-Dial: 91353,Đồng Hồ Vàng Đồng: 91353,91353
Orichalceous Time-Dial: 91354,Đồng Hồ Vàng Đồng: 91354,91354
Noble's Pledging Vessel: 91410,Minh Thệ Kim Tước: 91410,91410
Noble's Pledging Vessel: 91411,Minh Thệ Kim Tước: 91411,91411
Noble's Pledging Vessel: 91412,Minh Thệ Kim Tước: 91412,91412
Noble's Pledging Vessel: 91413,Minh Thệ Kim Tước: 91413,91413
Noble's Pledging Vessel: 91414,Minh Thệ Kim Tước: 91414,91414
Ceremonial War-Plume: 91420,Chiêu Võ Linh Vũ: 91420,91420
Ceremonial War-Plume: 91421,Chiêu Võ Linh Vũ: 91421,91421
Ceremonial War-Plume: 91422,Chiêu Võ Linh Vũ: 91422,91422
Ceremonial War-Plume: 91423,Chiêu Võ Linh Vũ: 91423,91423
Ceremonial War-Plume: 91424,Chiêu Võ Linh Vũ: 91424,91424
General's Ancient Helm: 91430,Nón Nguyên Soái: 91430,91430
General's Ancient Helm: 91431,Nón Nguyên Soái: 91431,91431
General's Ancient Helm: 91432,Nón Nguyên Soái: 91432,91432
General's Ancient Helm: 91433,Nón Nguyên Soái: 91433,91433
General's Ancient Helm: 91434,Nón Nguyên Soái: 91434,91434
Flower of Accolades: 91440,Hoa Chiến Công: 91440,91440
Flower of Accolades: 91441,Hoa Chiến Công: 91441,91441
Flower of Accolades: 91442,Hoa Chiến Công: 91442,91442
Flower of Accolades: 91443,Hoa Chiến Công: 91443,91443
Flower of Accolades: 91444,Hoa Chiến Công: 91444,91444
Orichalceous Time-Dial: 91450,Đồng Hồ Vàng Đồng: 91450,91450
Orichalceous Time-Dial: 91451,Đồng Hồ Vàng Đồng: 91451,91451
Orichalceous Time-Dial: 91452,Đồng Hồ Vàng Đồng: 91452,91452
Orichalceous Time-Dial: 91453,Đồng Hồ Vàng Đồng: 91453,91453
Orichalceous Time-Dial: 91454,Đồng Hồ Vàng Đồng: 91454,91454
Noble's Pledging Vessel: 91510,Minh Thệ Kim Tước: 91510,91510
Noble's Pledging Vessel: 91511,Minh Thệ Kim Tước: 91511,91511
Noble's Pledging Vessel: 91512,Minh Thệ Kim Tước: 91512,91512
Noble's Pledging Vessel: 91513,Minh Thệ Kim Tước: 91513,91513
Noble's Pledging Vessel: 91514,Minh Thệ Kim Tước: 91514,91514
Ceremonial War-Plume: 91520,Chiêu Võ Linh Vũ: 91520,91520
Ceremonial War-Plume: 91521,Chiêu Võ Linh Vũ: 91521,91521
Ceremonial War-Plume: 91522,Chiêu Võ Linh Vũ: 91522,91522
Ceremonial War-Plume: 91523,Chiêu Võ Linh Vũ: 91523,91523
Ceremonial War-Plume: 91524,Chiêu Võ Linh Vũ: 91524,91524
General's Ancient Helm: 91530,Nón Nguyên Soái: 91530,91530
General's Ancient Helm: 91531,Nón Nguyên Soái: 91531,91531
General's Ancient Helm: 91532,Nón Nguyên Soái: 91532,91532
General's Ancient Helm: 91533,Nón Nguyên Soái: 91533,91533
General's Ancient Helm: 91534,Nón Nguyên Soái: 91534,91534
Flower of Accolades: 91540,Hoa Chiến Công: 91540,91540
Flower of Accolades: 91541,Hoa Chiến Công: 91541,91541
Flower of Accolades: 91542,Hoa Chiến Công: 91542,91542
Flower of Accolades: 91543,Hoa Chiến Công: 91543,91543
Flower of Accolades: 91544,Hoa Chiến Công: 91544,91544
Orichalceous Time-Dial: 91550,Đồng Hồ Vàng Đồng: 91550,91550
Orichalceous Time-Dial: 91551,Đồng Hồ Vàng Đồng: 91551,91551
Orichalceous Time-Dial: 91552,Đồng Hồ Vàng Đồng: 91552,91552
Orichalceous Time-Dial: 91553,Đồng Hồ Vàng Đồng: 91553,91553
Orichalceous Time-Dial: 91554,Đồng Hồ Vàng Đồng: 91554,91554
Surpassing Cup: 92310,Ly Siêu Việt: 92310,92310
Surpassing Cup: 92311,Ly Siêu Việt: 92311,92311
Surpassing Cup: 92312,Ly Siêu Việt: 92312,92312
Surpassing Cup: 92313,Ly Siêu Việt: 92313,92313
Surpassing Cup: 92314,Ly Siêu Việt: 92314,92314
Wise Doctor's Pinion: 92320,Lông Vũ Hiền Y: 92320,92320
Wise Doctor's Pinion: 92321,Lông Vũ Hiền Y: 92321,92321
Wise Doctor's Pinion: 92322,Lông Vũ Hiền Y: 92322,92322
Wise Doctor's Pinion: 92323,Lông Vũ Hiền Y: 92323,92323
Wise Doctor's Pinion: 92324,Lông Vũ Hiền Y: 92324,92324
Mocking Mask: 92330,Mặt Nạ Chế Nhạo: 92330,92330
Mocking Mask: 92331,Mặt Nạ Chế Nhạo: 92331,92331
Mocking Mask: 92332,Mặt Nạ Chế Nhạo: 92332,92332
Mocking Mask: 92333,Mặt Nạ Chế Nhạo: 92333,92333
Mocking Mask: 92334,Mặt Nạ Chế Nhạo: 92334,92334
Stainless Bloom: 92340,Hoa Hoàn Mỹ: 92340,92340
Stainless Bloom: 92341,Hoa Hoàn Mỹ: 92341,92341
Stainless Bloom: 92342,Hoa Hoàn Mỹ: 92342,92342
Stainless Bloom: 92343,Hoa Hoàn Mỹ: 92343,92343
Stainless Bloom: 92344,Hoa Hoàn Mỹ: 92344,92344
Moment of Cessation: 92350,Đồng Hồ Ngưng Đọng: 92350,92350
Moment of Cessation: 92351,Đồng Hồ Ngưng Đọng: 92351,92351
Moment of Cessation: 92352,Đồng Hồ Ngưng Đọng: 92352,92352
Moment of Cessation: 92353,Đồng Hồ Ngưng Đọng: 92353,92353
Moment of Cessation: 92354,Đồng Hồ Ngưng Đọng: 92354,92354
Surpassing Cup: 92410,Ly Siêu Việt: 92410,92410
Surpassing Cup: 92411,Ly Siêu Việt: 92411,92411
Surpassing Cup: 92412,Ly Siêu Việt: 92412,92412
Surpassing Cup: 92413,Ly Siêu Việt: 92413,92413
Surpassing Cup: 92414,Ly Siêu Việt: 92414,92414
Wise Doctor's Pinion: 92420,Lông Vũ Hiền Y: 92420,92420
Wise Doctor's Pinion: 92421,Lông Vũ Hiền Y: 92421,92421
Wise Doctor's Pinion: 92422,Lông Vũ Hiền Y: 92422,92422
Wise Doctor's Pinion: 92423,Lông Vũ Hiền Y: 92423,92423
Wise Doctor's Pinion: 92424,Lông Vũ Hiền Y: 92424,92424
Mocking Mask: 92430,Mặt Nạ Chế Nhạo: 92430,92430
Mocking Mask: 92431,Mặt Nạ Chế Nhạo: 92431,92431
Mocking Mask: 92432,Mặt Nạ Chế Nhạo: 92432,92432
Mocking Mask: 92433,Mặt Nạ Chế Nhạo: 92433,92433
Mocking Mask: 92434,Mặt Nạ Chế Nhạo: 92434,92434
Stainless Bloom: 92440,Hoa Hoàn Mỹ: 92440,92440
Stainless Bloom: 92441,Hoa Hoàn Mỹ: 92441,92441
Stainless Bloom: 92442,Hoa Hoàn Mỹ: 92442,92442
Stainless Bloom: 92443,Hoa Hoàn Mỹ: 92443,92443
Stainless Bloom: 92444,Hoa Hoàn Mỹ: 92444,92444
Moment of Cessation: 92450,Đồng Hồ Ngưng Đọng: 92450,92450
Moment of Cessation: 92451,Đồng Hồ Ngưng Đọng: 92451,92451
Moment of Cessation: 92452,Đồng Hồ Ngưng Đọng: 92452,92452
Moment of Cessation: 92453,Đồng Hồ Ngưng Đọng: 92453,92453
Moment of Cessation: 92454,Đồng Hồ Ngưng Đọng: 92454,92454
Surpassing Cup: 92510,Ly Siêu Việt: 92510,92510
Surpassing Cup: 92511,Ly Siêu Việt: 92511,92511
Surpassing Cup: 92512,Ly Siêu Việt: 92512,92512
Surpassing Cup: 92513,Ly Siêu Việt: 92513,92513
Surpassing Cup: 92514,Ly Siêu Việt: 92514,92514
Wise Doctor's Pinion: 92520,Lông Vũ Hiền Y: 92520,92520
Wise Doctor's Pinion: 92521,Lông Vũ Hiền Y: 92521,92521
Wise Doctor's Pinion: 92522,Lông Vũ Hiền Y: 92522,92522
Wise Doctor's Pinion: 92523,Lông Vũ Hiền Y: 92523,92523
Wise Doctor's Pinion: 92524,Lông Vũ Hiền Y: 92524,92524
Mocking Mask: 92530,Mặt Nạ Chế Nhạo: 92530,92530
Mocking Mask: 92531,Mặt Nạ Chế Nhạo: 92531,92531
Mocking Mask: 92532,Mặt Nạ Chế Nhạo: 92532,92532
Mocking Mask: 92533,Mặt Nạ Chế Nhạo: 92533,92533
Mocking Mask: 92534,Mặt Nạ Chế Nhạo: 92534,92534
Stainless Bloom: 92540,Hoa Hoàn Mỹ: 92540,92540
Stainless Bloom: 92541,Hoa Hoàn Mỹ: 92541,92541
Stainless Bloom: 92542,Hoa Hoàn Mỹ: 92542,92542
Stainless Bloom: 92543,Hoa Hoàn Mỹ: 92543,92543
Stainless Bloom: 92544,Hoa Hoàn Mỹ: 92544,92544
Moment of Cessation: 92550,Đồng Hồ Ngưng Đọng: 92550,92550
Moment of Cessation: 92551,Đồng Hồ Ngưng Đọng: 92551,92551
Moment of Cessation: 92552,Đồng Hồ Ngưng Đọng: 92552,92552
Moment of Cessation: 92553,Đồng Hồ Ngưng Đọng: 92553,92553
Moment of Cessation: 92554,Đồng Hồ Ngưng Đọng: 92554,92554
Hopeful Heart: 93412,Trái Tim Cầu Nguyện: 93412,93412
Hopeful Heart: 93413,Trái Tim Cầu Nguyện: 93413,93413
Shaft of Remembrance: 93422,Mũi Tên Tưởng Nhớ: 93422,93422
Shaft of Remembrance: 93423,Mũi Tên Tưởng Nhớ: 93423,93423
Capricious Visage: 93432,Mặt Nạ Vô Thường: 93432,93432
Capricious Visage: 93433,Mặt Nạ Vô Thường: 93433,93433
Entangling Bloom: 93442,Hoa Vương Vấn: 93442,93442
Entangling Bloom: 93443,Hoa Vương Vấn: 93443,93443
Morning Dew's Moment: 93452,Khoảnh Khắc Sương Sớm: 93452,93452
Morning Dew's Moment: 93453,Khoảnh Khắc Sương Sớm: 93453,93453
Hopeful Heart: 93513,Trái Tim Cầu Nguyện: 93513,93513
Hopeful Heart: 93514,Trái Tim Cầu Nguyện: 93514,93514
Shaft of Remembrance: 93523,Mũi Tên Tưởng Nhớ: 93523,93523
Shaft of Remembrance: 93524,Mũi Tên Tưởng Nhớ: 93524,93524
Capricious Visage: 93533,Mặt Nạ Vô Thường: 93533,93533
Capricious Visage: 93534,Mặt Nạ Vô Thường: 93534,93534
Entangling Bloom: 93543,Hoa Vương Vấn: 93543,93543
Entangling Bloom: 93544,Hoa Vương Vấn: 93544,93544
Morning Dew's Moment: 93553,Khoảnh Khắc Sương Sớm: 93553,93553
Morning Dew's Moment: 93554,Khoảnh Khắc Sương Sớm: 93554,93554
Scarlet Vessel: 94412,Bình Hoa Đào: 94412,94412
Scarlet Vessel: 94413,Bình Hoa Đào: 94413,94413
Sundered Feather: 94422,Lông Vũ Rơi Rụng: 94422,94422
Sundered Feather: 94423,Lông Vũ Rơi Rụng: 94423,94423
Ornate Kabuto: 94432,Nón Hoa Mỹ: 94432,94432
Ornate Kabuto: 94433,Nón Hoa Mỹ: 94433,94433
Magnificent Tsuba: 94442,Kiếm Cách Uy Vũ: 94442,94442
Magnificent Tsuba: 94443,Kiếm Cách Uy Vũ: 94443,94443
Storm Cage: 94452,Hộp Lôi Vân: 94452,94452
Storm Cage: 94453,Hộp Lôi Vân: 94453,94453
Scarlet Vessel: 94513,Bình Hoa Đào: 94513,94513
Scarlet Vessel: 94514,Bình Hoa Đào: 94514,94514
Sundered Feather: 94523,Lông Vũ Rơi Rụng: 94523,94523
Sundered Feather: 94524,Lông Vũ Rơi Rụng: 94524,94524
Ornate Kabuto: 94533,Nón Hoa Mỹ: 94533,94533
Ornate Kabuto: 94534,Nón Hoa Mỹ: 94534,94534
Magnificent Tsuba: 94543,Kiếm Cách Uy Vũ: 94543,94543
Magnificent Tsuba: 94544,Kiếm Cách Uy Vũ: 94544,94544
Storm Cage: 94553,Hộp Lôi Vân: 94553,94553
Storm Cage: 94554,Hộp Lôi Vân: 94554,94554
Calabash of Awakening: 95412,Hồ Lô Tỉnh Mộng: 95412,95412
Calabash of Awakening: 95413,Hồ Lô Tỉnh Mộng: 95413,95413
Plume of Luxury: 95422,Lông Vũ Phù Hoa: 95422,95422
Plume of Luxury: 95423,Lông Vũ Phù Hoa: 95423,95423
Skeletal Hat: 95432,Nón Hình Hài: 95432,95432
Skeletal Hat: 95433,Nón Hình Hài: 95433,95433
Bloom Times: 95442,Thời Khắc Nở Rộ: 95442,95442
Bloom Times: 95443,Thời Khắc Nở Rộ: 95443,95443
Song of Life: 95452,Khúc Ca Chúng Sinh: 95452,95452
Song of Life: 95453,Khúc Ca Chúng Sinh: 95453,95453
Calabash of Awakening: 95513,Hồ Lô Tỉnh Mộng: 95513,95513
Calabash of Awakening: 95514,Hồ Lô Tỉnh Mộng: 95514,95514
Plume of Luxury: 95523,Lông Vũ Phù Hoa: 95523,95523
Plume of Luxury: 95524,Lông Vũ Phù Hoa: 95524,95524
Skeletal Hat: 95533,Nón Hình Hài: 95533,95533
Skeletal Hat: 95534,Nón Hình Hài: 95534,95534
Bloom Times: 95543,Thời Khắc Nở Rộ: 95543,95543
Bloom Times: 95544,Thời Khắc Nở Rộ: 95544,95544
Song of Life: 95553,Khúc Ca Chúng Sinh: 95553,95553
Song of Life: 95554,Khúc Ca Chúng Sinh: 95554,95554
Pearl Cage: 96412,Lồng Trân Châu: 96412,96412
Pearl Cage: 96413,Lồng Trân Châu: 96413,96413
Deep Palace's Plume: 96422,Lông Vũ Thủy Cung: 96422,96422
Deep Palace's Plume: 96423,Lông Vũ Thủy Cung: 96423,96423
Crown of Watatsumi: 96432,Vương Miện Watatsumi: 96432,96432
Crown of Watatsumi: 96433,Vương Miện Watatsumi: 96433,96433
Sea-Dyed Blossom: 96442,Hoa Đại Dương: 96442,96442
Sea-Dyed Blossom: 96443,Hoa Đại Dương: 96443,96443
Cowry of Parting: 96452,Vỏ Sò Ly Biệt: 96452,96452
Cowry of Parting: 96453,Vỏ Sò Ly Biệt: 96453,96453
Pearl Cage: 96513,Lồng Trân Châu: 96513,96513
Pearl Cage: 96514,Lồng Trân Châu: 96514,96514
Deep Palace's Plume: 96523,Lông Vũ Thủy Cung: 96523,96523
Deep Palace's Plume: 96524,Lông Vũ Thủy Cung: 96524,96524
Crown of Watatsumi: 96533,Vương Miện Watatsumi: 96533,96533
Crown of Watatsumi: 96534,Vương Miện Watatsumi: 96534,96534
Sea-Dyed Blossom: 96543,Hoa Đại Dương: 96543,96543
Sea-Dyed Blossom: 96544,Hoa Đại Dương: 96544,96544
Cowry of Parting: 96553,Vỏ Sò Ly Biệt: 96553,96553
Cowry of Parting: 96554,Vỏ Sò Ly Biệt: 96554,96554
Moment of the Pact: 97412,Thời Khắc Giao Ước: 97412,97412
Moment of the Pact: 97413,Thời Khắc Giao Ước: 97413,97413
Feather of Nascent Light: 97422,Lông Vũ Lấp Lánh: 97422,97422
Feather of Nascent Light: 97423,Lông Vũ Lấp Lánh: 97423,97423
Thundering Poise: 97432,Diện Mạo Sấm Sét: 97432,97432
Thundering Poise: 97433,Diện Mạo Sấm Sét: 97433,97433
Tinh Hoa Sinh Linh: 97442,Tinh Hoa Sinh Linh: 97442,97442
Tinh Hoa Sinh Linh: 97443,Tinh Hoa Sinh Linh: 97443,97443
Solar Relic: 97452,Di Vật Mặt Trời: 97452,97452
Solar Relic: 97453,Di Vật Mặt Trời: 97453,97453
Moment of the Pact: 97513,Thời Khắc Giao Ước: 97513,97513
Moment of the Pact: 97514,Thời Khắc Giao Ước: 97514,97514
Feather of Nascent Light: 97523,Lông Vũ Lấp Lánh: 97523,97523
Feather of Nascent Light: 97524,Lông Vũ Lấp Lánh: 97524,97524
Thundering Poise: 97533,Diện Mạo Sấm Sét: 97533,97533
Thundering Poise: 97534,Diện Mạo Sấm Sét: 97534,97534
Tinh Hoa Sinh Linh: 97543,Tinh Hoa Sinh Linh: 97543,97543
Tinh Hoa Sinh Linh: 97544,Tinh Hoa Sinh Linh: 97544,97544
Solar Relic: 97553,Di Vật Mặt Trời: 97553,97553
Solar Relic: 97554,Di Vật Mặt Trời: 97554,97554
Chalice of the Font: 98412,Chén Nước Thánh: 98412,98412
Chalice of the Font: 98413,Chén Nước Thánh: 98413,98413
Jade Leaf: 98422,Lá Bích Ngọc: 98422,98422
Jade Leaf: 98423,Lá Bích Ngọc: 98423,98423
Flowing Rings: 98432,Khuyên Tai Trôi Nổi: 98432,98432
Flowing Rings: 98433,Khuyên Tai Trôi Nổi: 98433,98433
Soulscent Bloom: 98442,Hoa Hương Hồn: 98442,98442
Soulscent Bloom: 98443,Hoa Hương Hồn: 98443,98443
Symbol of Felicitation: 98452,Chứng Nhận Tán Dương: 98452,98452
Symbol of Felicitation: 98453,Chứng Nhận Tán Dương: 98453,98453
Chalice of the Font: 98513,Chén Nước Thánh: 98513,98513
Chalice of the Font: 98514,Chén Nước Thánh: 98514,98514
Jade Leaf: 98523,Lá Bích Ngọc: 98523,98523
Jade Leaf: 98524,Lá Bích Ngọc: 98524,98524
Flowing Rings: 98533,Khuyên Tai Trôi Nổi: 98533,98533
Flowing Rings: 98534,Khuyên Tai Trôi Nổi: 98534,98534
Soulscent Bloom: 98543,Hoa Hương Hồn: 98543,98543
Soulscent Bloom: 98544,Hoa Hương Hồn: 98544,98544
Symbol of Felicitation: 98553,Chứng Nhận Tán Dương: 98553,98553
Symbol of Felicitation: 98554,Chứng Nhận Tán Dương: 98554,98554
Lord of Wind over Firmament's Cup: 99310,Ly Ngọn Gió Trời Cao: 99310,99310
Lord of Wind over Firmament's Cup: 99311,Ly Ngọn Gió Trời Cao: 99311,99311
Lord of Wind over Firmament's Cup: 99312,Ly Ngọn Gió Trời Cao: 99312,99312
Lord of Wind over Firmament's Cup: 99313,Ly Ngọn Gió Trời Cao: 99313,99313
Lord of Wind over Firmament's Cup: 99314,Ly Ngọn Gió Trời Cao: 99314,99314
Lord of Wind over Firmament's Feather: 99320,Lông Vũ Ngọn Gió Trời Cao: 99320,99320
Lord of Wind over Firmament's Feather: 99321,Lông Vũ Ngọn Gió Trời Cao: 99321,99321
Lord of Wind over Firmament's Feather: 99322,Lông Vũ Ngọn Gió Trời Cao: 99322,99322
Lord of Wind over Firmament's Feather: 99323,Lông Vũ Ngọn Gió Trời Cao: 99323,99323
Lord of Wind over Firmament's Feather: 99324,Lông Vũ Ngọn Gió Trời Cao: 99324,99324
Lord of Wind over Firmament's Crown: 99330,Nón Ngọn Gió Trời Cao: 99330,99330
Lord of Wind over Firmament's Crown: 99331,Nón Ngọn Gió Trời Cao: 99331,99331
Lord of Wind over Firmament's Crown: 99332,Nón Ngọn Gió Trời Cao: 99332,99332
Lord of Wind over Firmament's Crown: 99333,Nón Ngọn Gió Trời Cao: 99333,99333
Lord of Wind over Firmament's Crown: 99334,Nón Ngọn Gió Trời Cao: 99334,99334
Lord of Wind over Firmament's Flower: 99340,Hoa Ngọn Gió Trời Cao: 99340,99340
Lord of Wind over Firmament's Flower: 99341,Hoa Ngọn Gió Trời Cao: 99341,99341
Lord of Wind over Firmament's Flower: 99342,Hoa Ngọn Gió Trời Cao: 99342,99342
Lord of Wind over Firmament's Flower: 99343,Hoa Ngọn Gió Trời Cao: 99343,99343
Lord of Wind over Firmament's Flower: 99344,Hoa Ngọn Gió Trời Cao: 99344,99344
Lord of Wind over Firmament's Hourglass: 99350,Cát Ngọn Gió Trời Cao: 99350,99350
Lord of Wind over Firmament's Hourglass: 99351,Cát Ngọn Gió Trời Cao: 99351,99351
Lord of Wind over Firmament's Hourglass: 99352,Cát Ngọn Gió Trời Cao: 99352,99352
Lord of Wind over Firmament's Hourglass: 99353,Cát Ngọn Gió Trời Cao: 99353,99353
Lord of Wind over Firmament's Hourglass: 99354,Cát Ngọn Gió Trời Cao: 99354,99354
Lord of Wind over Firmament's Cup: 99410,Ly Ngọn Gió Trời Cao: 99410,99410
Lord of Wind over Firmament's Cup: 99411,Ly Ngọn Gió Trời Cao: 99411,99411
Lord of Wind over Firmament's Cup: 99412,Ly Ngọn Gió Trời Cao: 99412,99412
Lord of Wind over Firmament's Cup: 99413,Ly Ngọn Gió Trời Cao: 99413,99413
Lord of Wind over Firmament's Cup: 99414,Ly Ngọn Gió Trời Cao: 99414,99414
Lord of Wind over Firmament's Feather: 99420,Lông Vũ Ngọn Gió Trời Cao: 99420,99420
Lord of Wind over Firmament's Feather: 99421,Lông Vũ Ngọn Gió Trời Cao: 99421,99421
Lord of Wind over Firmament's Feather: 99422,Lông Vũ Ngọn Gió Trời Cao: 99422,99422
Lord of Wind over Firmament's Feather: 99423,Lông Vũ Ngọn Gió Trời Cao: 99423,99423
Lord of Wind over Firmament's Feather: 99424,Lông Vũ Ngọn Gió Trời Cao: 99424,99424
Lord of Wind over Firmament's Crown: 99430,Nón Ngọn Gió Trời Cao: 99430,99430
Lord of Wind over Firmament's Crown: 99431,Nón Ngọn Gió Trời Cao: 99431,99431
Lord of Wind over Firmament's Crown: 99432,Nón Ngọn Gió Trời Cao: 99432,99432
Lord of Wind over Firmament's Crown: 99433,Nón Ngọn Gió Trời Cao: 99433,99433
Lord of Wind over Firmament's Crown: 99434,Nón Ngọn Gió Trời Cao: 99434,99434
Lord of Wind over Firmament's Flower: 99440,Hoa Ngọn Gió Trời Cao: 99440,99440
Lord of Wind over Firmament's Flower: 99441,Hoa Ngọn Gió Trời Cao: 99441,99441
Lord of Wind over Firmament's Flower: 99442,Hoa Ngọn Gió Trời Cao: 99442,99442
Lord of Wind over Firmament's Flower: 99443,Hoa Ngọn Gió Trời Cao: 99443,99443
Lord of Wind over Firmament's Flower: 99444,Hoa Ngọn Gió Trời Cao: 99444,99444
Lord of Wind over Firmament's Hourglass: 99450,Cát Ngọn Gió Trời Cao: 99450,99450
Lord of Wind over Firmament's Hourglass: 99451,Cát Ngọn Gió Trời Cao: 99451,99451
Lord of Wind over Firmament's Hourglass: 99452,Cát Ngọn Gió Trời Cao: 99452,99452
Lord of Wind over Firmament's Hourglass: 99453,Cát Ngọn Gió Trời Cao: 99453,99453
Lord of Wind over Firmament's Hourglass: 99454,Cát Ngọn Gió Trời Cao: 99454,99454
Lord of Wind over Firmament's Cup: 99510,Ly Ngọn Gió Trời Cao: 99510,99510
Lord of Wind over Firmament's Cup: 99511,Ly Ngọn Gió Trời Cao: 99511,99511
Lord of Wind over Firmament's Cup: 99512,Ly Ngọn Gió Trời Cao: 99512,99512
Lord of Wind over Firmament's Cup: 99513,Ly Ngọn Gió Trời Cao: 99513,99513
Lord of Wind over Firmament's Cup: 99514,Ly Ngọn Gió Trời Cao: 99514,99514
Lord of Wind over Firmament's Feather: 99520,Lông Vũ Ngọn Gió Trời Cao: 99520,99520
Lord of Wind over Firmament's Feather: 99521,Lông Vũ Ngọn Gió Trời Cao: 99521,99521
Lord of Wind over Firmament's Feather: 99522,Lông Vũ Ngọn Gió Trời Cao: 99522,99522
Lord of Wind over Firmament's Feather: 99523,Lông Vũ Ngọn Gió Trời Cao: 99523,99523
Lord of Wind over Firmament's Feather: 99524,Lông Vũ Ngọn Gió Trời Cao: 99524,99524
Lord of Wind over Firmament's Crown: 99530,Nón Ngọn Gió Trời Cao: 99530,99530
Lord of Wind over Firmament's Crown: 99531,Nón Ngọn Gió Trời Cao: 99531,99531
Lord of Wind over Firmament's Crown: 99532,Nón Ngọn Gió Trời Cao: 99532,99532
Lord of Wind over Firmament's Crown: 99533,Nón Ngọn Gió Trời Cao: 99533,99533
Lord of Wind over Firmament's Crown: 99534,Nón Ngọn Gió Trời Cao: 99534,99534
Lord of Wind over Firmament's Flower: 99540,Hoa Ngọn Gió Trời Cao: 99540,99540
Lord of Wind over Firmament's Flower: 99541,Hoa Ngọn Gió Trời Cao: 99541,99541
Lord of Wind over Firmament's Flower: 99542,Hoa Ngọn Gió Trời Cao: 99542,99542
Lord of Wind over Firmament's Flower: 99543,Hoa Ngọn Gió Trời Cao: 99543,99543
Lord of Wind over Firmament's Flower: 99544,Hoa Ngọn Gió Trời Cao: 99544,99544
Lord of Wind over Firmament's Hourglass: 99550,Cát Ngọn Gió Trời Cao: 99550,99550
Lord of Wind over Firmament's Hourglass: 99551,Cát Ngọn Gió Trời Cao: 99551,99551
Lord of Wind over Firmament's Hourglass: 99552,Cát Ngọn Gió Trời Cao: 99552,99552
Lord of Wind over Firmament's Hourglass: 99553,Cát Ngọn Gió Trời Cao: 99553,99553
Lord of Wind over Firmament's Hourglass: 99554,Cát Ngọn Gió Trời Cao: 99554,99554
Apple: 100001,Táo: 100001,100001
Sunsettia: 100002,Quả Nhật Lạc: 100002,100002
A Piece of Paper: 100003,Mảnh Giấy: 100003,100003
Stolen Items: 100004,Vật Tranh Đoạt: 100004,100004
Hilichurl Antidote: 100006,Thuốc giải của Hilichurl: 100006,100006
Climbing Finish Line Garland: 100007,Vòng Hoa Leo Núi: 100007,100007
Gliding Finish Line Garland: 100008,Vòng Hoa Bay Lượn: 100008,100008
Gliding Finish Line Garland: 100009,Vòng Hoa Bay Lượn: 100009,100009
Gliding Champion Cup: 100010,Cúp quán quân bay lượn: 100010,100010
Mushroom: 100011,Nấm Rơm: 100011,100011
Sweet Flower: 100012,Hoa Ngọt: 100012,100012
Carrot: 100013,Cà Rốt: 100013,100013
Radish: 100014,Củ Cải Trắng: 100014,100014
Snapdragon: 100015,Cỏ Kim Ngư: 100015,100015
Mint: 100016,Bạc Hà: 100016,100016
Wheat: 100017,Tiểu Mạch: 100017,100017
Cabbage: 100018,Bắp Cải Cuộn: 100018,100018
Silver Lotus: 100019,Cúc Họa Mi: 100019,100019
Pinecone: 100020,Quả Thông: 100020,100020
Wolfhook: 100021,Quả Móc Câu: 100021,100021
Valberry: 100022,Quả Dâu Đỏ: 100022,100022
Hoa Cecilia: 100023,Hoa Cecilia: 100023,100023
Windwheel Aster: 100024,Cúc Cánh Quạt: 100024,100024
Philanemo Mushroom: 100025,Nấm Rơm Gió: 100025,100025
Lotus Head: 100026,Đài Sen: 100026,100026
Jueyun Chili: 100027,Ớt Tuyệt Vân: 100027,100027
Noctilucous Jade: 100028,Dạ Phách Thạch: 100028,100028
Silk Flower: 100029,Hoa Nghê Thường: 100029,100029
Glaze Lily: 100030,Bách Hợp Lưu Ly: 100030,100030
Qingxin: 100031,Thanh Tâm: 100031,100031
Horsetail: 100032,Đuôi Ngựa: 100032,100032
Ốc Sao: 100033,Ốc Sao: 100033,100033
Violetgrass: 100034,Túi Lưu Ly: 100034,100034
Berry: 100051,Quả Mâm Xôi: 100051,100051
Mist Flower Corolla: 100052,Đóa Băng Vụ Hoa: 100052,100052
Flaming Flower Stamen: 100053,Nhụy Hoa Liệt Hỏa: 100053,100053
Electro Crystal: 100054,Pha Lê Điện: 100054,100054
Small Lamp Grass: 100055,Tiểu Đăng Thảo: 100055,100055
Hoa Calla Lily: 100056,Hoa Calla Lily: 100056,100056
Dandelion Seed: 100057,Hạt Bồ Công Anh: 100057,100057
Cor Lapis: 100058,Thạch Phách: 100058,100058
Raw Meat: 100061,Thịt Rừng: 100061,100061
Bird Egg: 100062,Trứng Chim: 100062,100062
Matsutake: 100063,Nhung Tùng: 100063,100063
Fowl: 100064,Thịt Gia Cầm: 100064,100064
Butterfly Wings: 100072,Cánh Bướm: 100072,100072
Cua: 100073,Cua: 100073,100073
Crab Roe: 100074,Gạch Cua: 100074,100074
Salt: 100075,Muối: 100075,100075
Onion: 100076,Hành Tây: 100076,100076
Pepper: 100077,Tiêu: 100077,100077
Milk: 100078,Sữa: 100078,100078
Tomato: 100079,Cà Chua: 100079,100079
Potato: 100080,Khoai Tây: 100080,100080
Ếch Xanh: 100081,Ếch Xanh: 100081,100081
Luminescent Spine: 100082,Tủy Phát Sáng: 100082,100082
Lizard Tail: 100083,Đuôi Rồng Đất: 100083,100083
Fish: 100084,Thịt Cá: 100084,100084
Crystal Core: 100085,Tinh Hạt Nhân: 100085,100085
Raw Meat (S): 100086,Thịt Rừng Nhỏ: 100086,100086
Fowl (S): 100087,Miếng Thịt Nhỏ: 100087,100087
Tofu: 100088,Đậu hũ: 100088,100088
Almond: 100089,Hạnh Nhân: 100089,100089
Loach Pearl: 100090,Bảo ngọc cá chạch: 100090,100090
Bamboo Shoot: 100091,Măng Trúc: 100091,100091
Rice: 100092,Lúa Nước: 100092,100092
Shrimp Meat: 100093,Tôm Bóc Nõn: 100093,100093
Chilled Meat: 100094,Thịt Tươi Lạnh: 100094,100094
Eel Meat: 100095,Thịt Lươn: 100095,100095
Glabrous Beans: 100096,Đậu Bóng: 100096,100096
Mysterious Meat: 100097,Thịt Thần Bí: 100097,100097
Jean's Document Package: 100101,Tài liệu của Jean: 100101,100101
Extreme Escape: 100102,[Trốn Thoát Cực Hạn]: 100102,100102
Incomplete Score (Part 1): 100103,Mảnh nhạc phổ (nửa chương đầu): 100103,100103
Incomplete Score (Part 2): 100104,Mảnh nhạc phổ (nửa chương sau): 100104,100104
Private Letter from Lisa to Jean: 100105,Ủy thác gửi đàn của Lisa: 100105,100105
Autumn Night: 100106,[Đêm Thu]: 100106,100106
Tasty-Looking Potion: 100107,Nhìn rất ngon: 100107,100107
Potion: 100108,Thuốc: 100108,100108
Barbara's Treatment: 100109,Trị liệu của Barbara: 100109,100109
Incomplete Poem (Part 1): 100110,Đoạn thơ (I): 100110,100110
Incomplete Poem (Part 2): 100111,Đoạn thơ (II): 100111,100111
Incomplete Poem (Part 3): 100112,Đoạn thơ (III): 100112,100112
Inscription Rubbing: 100113,Mở ra: 100113,100113
Form Restoration Potion: 100114,Thuốc khôi phục hình người: 100114,100114
Holy Lyre der Himmel: 100115,Đàn Thiên Không: 100115,100115
Cricket Hair: 100120,Râu Dế Mèn: 100120,100120
Cricket (White): 100121,Dế Mèn (Trắng): 100121,100121
Cricket (Blue): 100122,Dế Mèn (Lam): 100122,100122
Cricket (Purple): 100123,Dế Mèn (Tím): 100123,100123
Cricket (Gold): 100124,Dế Mèn (Kim): 100124,100124
Hydro Amber: 100125,Thủy Hổ Phách: 100125,100125
Anemo Amber: 100126,Phong Hổ Phách: 100126,100126
Random Loot (A): 100131,Vật Ngẫu Nhiên (A): 100131,100131
Random Loot (B): 100132,Vật Ngẫu Nhiên (B): 100132,100132
Random Loot (A): 100133,Vật Ngẫu Nhiên (A): 100133,100133
Random Loot (B): 100134,Vật Ngẫu Nhiên (B): 100134,100134
Crimson Crystal: 100135,Kết Tinh Màu Đỏ: 100135,100135
Seal Clue 101: 100136,Manh Mối Phong Ấn 101: 100136,100136
Seal Clue 102: 100137,Manh Mối Phong Ấn 102: 100137,100137
Seal Clue 103: 100138,Manh Mối Phong Ấn 103: 100138,100138
Seal Clue 201: 100139,Manh Mối Phong Ấn 201: 100139,100139
Seal Clue 202: 100140,Manh Mối Phong Ấn 202: 100140,100140
Seal Clue 203: 100141,Manh Mối Phong Ấn 203: 100141,100141
Seal Clue 301: 100142,Manh Mối Phong Ấn 301: 100142,100142
Seal Clue 302: 100143,Manh Mối Phong Ấn 302: 100143,100143
Seal Clue 303: 100144,Manh Mối Phong Ấn 303: 100144,100144
Break Seal 1: 100145,Giải Phong Ấn 1: 100145,100145
Break Seal 2: 100146,Giải Phong Ấn 2: 100146,100146
Break Seal 3: 100147,Giải Phong Ấn 3: 100147,100147
Investigate the Seal of Stormterror's Lair: 100148,Điều tra phong ấn sào huyệt Phong Ma Long: 100148,100148
Break the seal of Stormterror's Lair: 100149,Giải phong ấn sào huyệt Phong Ma Long: 100149,100149
Fragmented Memory (Wind): 100151,Mảnh Ký Ức (Phong): 100151,100151
Sword Cemetery Seal 1: 100152,Phong Ấn Đồi Kiếm 1: 100152,100152
Sword Cemetery Seal 2: 100153,Phong Ấn Đồi Kiếm 2: 100153,100153
Sword Cemetery Seal 3: 100154,Phong Ấn Đồi Kiếm 3: 100154,100154
Teardrop Crystal: 100158,Giọt Nước Mắt Kết Tinh: 100158,100158
Teardrop Crystal: 100159,Giọt Nước Mắt Kết Tinh: 100159,100159
Teardrop Crystal: 100160,Giọt Nước Mắt Kết Tinh: 100160,100160
Holy Lyre der Himmel: 100161,Đàn Thiên Không: 100161,100161
Partially Repaired Holy Lyre der Himmel: 100162,Sửa Đàn Thiên Không: 100162,100162
Completely Repaired Holy Lyre der Himmel: 100163,Hoàn Toàn Khôi Phục Đàn Thiên Không: 100163,100163
Clear Dvalin Tear: 100164,Nước mắt Phong Long Tinh Khiết: 100164,100164
Damaged Holy Lyre der Himmel: 100165,Đàn Thiên Không bị làm hỏng: 100165,100165
Treasure Clue (I): 100171,Manh Mối Kho Báu (I): 100171,100171
Treasure Clue (II): 100172,Manh Mối Kho Báu (II): 100172,100172
Treasure Map: 100173,Bản Đồ Kho Báu: 100173,100173
Universal Temporary Interaction: 100174,Tương tác vạn năng tạm thời: 100174,100174
Hidden Key: 100175,Chìa Khóa Kho Báu: 100175,100175
Black Key: 100176,Chìa Khóa Đen: 100176,100176
Scene Interaction: 100177,Tương Tác Khu Vực: 100177,100177
Vera's Melancholy (I): 100178,Vera Sầu Muộn (I): 100178,100178
Vera's Melancholy (II): 100179,Vera Sầu Muộn (II): 100179,100179
Vera's Melancholy (III): 100180,Vera Sầu Muộn (III): 100180,100180
Along with Divinity: 100181,Đồng Hành Với Thần (Mở Đầu): 100181,100181
The Legend of Vennessa (I): 100182,Truyền Thuyết Về Vennessa (I): 100182,100182
The Legend of Vennessa (II): 100183,Truyền Thuyết Về Vennessa (II): 100183,100183
Poster: 100184,Áp Phích: 100184,100184
Poster: 100185,Áp Phích: 100185,100185
Mondstadt General Goods Order Board: 100186,Bảng Đặt Hàng Bách Hóa Mondstadt: 100186,100186
Cat's Tail Tavern Message Board: 100187,Bảng Nhắn Tin Quán Rượu Đuôi Mèo: 100187,100187
The Fox in the Dandelion Sea (I): 100188,Hồ Ly Biển Bồ Công Anh (I): 100188,100188
The Fox in the Dandelion Sea (II): 100189,Hồ Ly Biển Bồ Công Anh (II): 100189,100189
The Fox in the Dandelion Sea (III): 100190,Hồ Ly Biển Bồ Công Anh (III): 100190,100190
The Fox in the Dandelion Sea (V): 100191,Hồ Ly Biển Bồ Công Anh (V): 100191,100191
The Fox in the Dandelion Sea (VI): 100192,Hồ Ly Biển Bồ Công Anh (VI): 100192,100192
The Fox in the Dandelion Sea (VII): 100193,Hồ Ly Biển Bồ Công Anh (VII): 100193,100193
The Fox in the Dandelion Sea (X): 100194,Hồ Ly Biển Bồ Công Anh (X): 100194,100194
The Fox in the Dandelion Sea (XI): 100195,Hồ Ly Biển Bồ Công Anh (XI): 100195,100195
Thi Ca Hilichurl (I): 100196,Thi Ca Hilichurl (I): 100196,100196
Thi Ca Hilichurl (II): 100197,Thi Ca Hilichurl (II): 100197,100197
Vera's Melancholy (V): 100198,Vera Sầu Muộn (V): 100198,100198
Vera's Melancholy (IX): 100199,Vera Sầu Muộn (IX): 100199,100199
Vera's Melancholy (X): 100200,Vera Sầu Muộn (X): 100200,100200
Breeze Amidst the Forest - Ballad Selection Excerpt: 100201,Khu Rừng Gió - Sự Tích Nổi Tiếng: 100201,100201
The Boar Princess (I): 100202,Công Chúa Heo Rừng (I): 100202,100202
The Boar Princess (II): 100203,Công Chúa Heo Rừng (II): 100203,100203
The Boar Princess (III): 100204,Công Chúa Heo Rừng (III): 100204,100204
The Boar Princess (IV): 100205,Công Chúa Heo Rừng (IV): 100205,100205
The Boar Princess (V): 100206,Công Chúa Heo Rừng (V): 100206,100206
The Boar Princess (VII): 100207,Công Chúa Heo Rừng (VII): 100207,100207
The Mondstadt Tower (I): 100208,Tháp Mondstadt (I): 100208,100208
Elemental Mark: 100210,Dấu Vết Nguyên Tố: 100210,100210
Broken-off Branch: 100211,Cành Cây Bị Gãy: 100211,100211
Fabric Piece: 100212,Mảnh Vải Bị Rách: 100212,100212
Breeze Amidst the Forest Supplement: 100213,Giữa Khu Rừng Gió - Thư Của Rồng: 100213,100213
Letter from the Abyss Order: 100214,Thư Đến Từ Giáo Đoàn Vực Sâu: 100214,100214
The Pale Princess and the Six Pygmies (I): 100215,Công Chúa Bạch Chi và 6 Chú Lùn (I): 100215,100215
The Pale Princess and the Six Pygmies (II): 100216,Công Chúa Bạch Chi và 6 Chú Lùn (II): 100216,100216
The Pale Princess and the Six Pygmies (III): 100217,Công Chúa Bạch Chi và 6 Chú Lùn (III): 100217,100217
The Pale Princess and the Six Pygmies (IV): 100218,Công Chúa Bạch Chi và 6 Chú Lùn (IV): 100218,100218
The Pale Princess and the Six Pygmies (V): 100219,Công Chúa Bạch Chi và 6 Chú Lùn (V): 100219,100219
The Pale Princess and the Six Pygmies (VI): 100220,Công Chúa Bạch Chi và 6 Chú Lùn (VI): 100220,100220
The Pale Princess and the Six Pygmies (VII): 100221,Công Chúa Bạch Chi và 6 Chú Lùn (VII): 100221,100221
1000 Years of Loneliness: 100222,Cô Đơn Ngàn Năm: 100222,100222
Teyvat Travel Guide - Mondstadt: 100223,Hướng Dẫn Du Ngoạn Teyvat - Chương Mondstadt: 100223,100223
"Wind, Courage, and Wings: 100224","Gió, Đôi Cánh Và Dũng Khí: 100224",100224
Hunting Trap: 100225,Bẫy Săn Bắt: 100225,100225
Diary of Roald the Adventurer: 100226,Nhật Ký Nhà Mạo Hiểm Roald - Khinh Sách Sơn Trang: 100226,100226
Diary of Roald the Adventurer: 100227,Nhật Ký Nhà Mạo Hiểm Roald - Lục Hoa Trì: 100227,100227
Diary of Roald the Adventurer: 100228,Nhật Ký Nhà Mạo Hiểm Roald - Dao Quang Đàm: 100228,100228
Letter for Dongdong: 100229,Thư gửi cho Dongdong: 100229,100229
Someone's Diary I: 100230,Nhật ký của ai 1 - Dao Quang Đàm: 100230,100230
Scattered Page: 100231,Trang Sách Bị Mất: 100231,100231
Intact Tome: 100232,Quyển Sách Hoàn Chỉnh: 100232,100232
Hearty Mushrooms: 100233,Nấm Rơm Mỡ Màng: 100233,100233
Crunchy Carrots: 100234,Cà Rốt Tươi Tốt: 100234,100234
A Plump Cabbage: 100235,Bắp Cải Cuộn Chắc Mẩy: 100235,100235
Gliding Instruction Manual: 100236,Hướng Dẫn Bay: 100236,100236
Azurite: 100237,Lam Sinh Thạch: 100237,100237
Vermillionite: 100238,Hà Sinh Thạch: 100238,100238
Someone's Diary II: 100239,Nhật ký của ai 2 - Quy Li Nguyên: 100239,100239
Someone's Diary III: 100240,Nhật ký của ai 3 - Tuyệt Vân Gián: 100240,100240
Someone's Diary IV: 100241,Nhật ký của ai 4 - Cảng Liyue: 100241,100241
Letter to the Treasure Hoarders: 100242,Bức thư gửi Đạo Bảo Đoàn: 100242,100242
Nephrite Ring: 100243,Nhẫn ngọc: 100243,100243
Delicious Golden Crab: 100244,Cua Hoàng Kim Ngon: 100244,100244
"""Of Mountains and Seas"": 100245",Cuốn Sơn Hải: 100245,100245
"Draft Manuscript of ""Hyakunin Ikki: 100246","Bản Thảo ""Hyakunin Ikki: 100246",100246
Wyatt's Red Key: 100301,Chìa Khóa Đỏ Của Wyatt: 100301,100301
Wyatt's Black Key: 100302,Chìa Khóa Đen Của Wyatt: 100302,100302
Coin Pouch: 100303,Túi Tiền: 100303,100303
Meal Fee Pouch: 100304,Túi Tiền Đựng Tiền Ăn: 100304,100304
Delicious Sticky Honey Roast: 100305,Thịt Nướng Mật Ong Ngon: 100305,100305
Sturdy Plank: 100306,Ván Gỗ Chắc Chắn: 100306,100306
Fragile Wooden Plank: 100307,Ván Gỗ Giòn Yếu: 100307,100307
A Bundle of Ropes: 100308,Một Bó Dây: 100308,100308
Meal Fee Pouch: 100309,Túi Tiền Đựng Tiền Ăn: 100309,100309
Lost Coin Pouch: 100310,Túi Tiền Bị Mất: 100310,100310
Meal Fee Pouch: 100311,Túi Tiền Đựng Tiền Ăn: 100311,100311
Delicious Fried Radish Balls: 100312,Củ Cải Viên Chiên Ngon: 100312,100312
Delicious Calla Lily Seafood Soup: 100313,Súp Hải Sản Hoa Calla Lily Ngon: 100313,100313
Bag of Goods: 100314,Một túi hàng: 100314,100314
Processed Noctilucous Jade: 100315,Dạ Phách Thạch Sau Khi Gia Công: 100315,100315
"""Mondstadt Sunset"": 100316",[Nhật Lạc Mondstadt]: 100316,100316
[Margaret]: 100317,[Margaret]: 100317,100317
"""Charged Attack"": 100318",[Trọng Kích]: 100318,100318
"""Pearl"": 100319",[Minh Châu]: 100319,100319
"Messy ""Mondstadt Sunset"": 100320",[Nhật Lạc Mondstadt] có màu sắc hỗn loạn: 100320,100320
"Unusual ""Margaret"": 100321",[Margaret] mùi vị kỳ quái: 100321,100321
"Bizarre ""Charged Attack"": 100322",[Trọng Kích] mùi vị hỗn tạp: 100322,100322
"Unusual ""Pearl"": 100323",[Minh Châu] mùi vị kỳ quái: 100323,100323
Odd Cocktail: 100324,Rượu có vị sai sai: 100324,100324
Messy Cocktail: 100325,Rượu mùi vị không đúng: 100325,100325
Bizarre Cocktail: 100326,Rượu mùi vị hỗn tạp: 100326,100326
Unusual Beer: 100327,Bia có vị kỳ quái: 100327,100327
Barely Drinkable Cocktail: 100328,Thứ miễn cưỡng được gọi là rượu: 100328,100328
Unknown Cocktail: 100329,Rượu chưa từng nhìn thấy...: 100329,100329
Plain Liquor: 100330,Rượu trông rất bình thường: 100330,100330
(TEST) Cocktail 16: 100331,(TEST)Rượu 16: 100331,100331
(TEST) Cocktail 17: 100332,(TEST)Rượu 17: 100332,100332
(TEST) Cocktail 18: 100333,(TEST)Rượu 18: 100333,100333
(TEST) Cocktail 19: 100334,(TEST)Rượu 19: 100334,100334
(TEST) Cocktail 20: 100335,(TEST)Rượu 20: 100335,100335
(TEST) Cocktail 21: 100336,(TEST)Rượu 21: 100336,100336
(TEST) Cocktail 22: 100337,(TEST)Rượu 22: 100337,100337
(TEST) Cocktail 23: 100338,(TEST)Rượu 23: 100338,100338
(TEST) Cocktail 24: 100339,(TEST)Rượu 24: 100339,100339
(TEST) Cocktail 25: 100340,(TEST)Rượu 25: 100340,100340
(TEST) Cocktail 26: 100341,(TEST)Rượu 26: 100341,100341
(TEST) Cocktail 27: 100342,(TEST)Rượu 27: 100342,100342
(TEST) Cocktail 28: 100343,(TEST)Rượu 28: 100343,100343
(TEST) Cocktail 29: 100344,(TEST)Rượu 29: 100344,100344
(TEST) Cocktail 30: 100345,(TEST)Rượu 30: 100345,100345
(TEST) Cocktail 31: 100346,(TEST)Rượu 31: 100346,100346
(TEST) Cocktail 32: 100347,(TEST)Rượu 32: 100347,100347
Godwin's Letter: 100348,Thư Của Godwin: 100348,100348
Someone's Drifting Bottle: 100349,Bình trôi của ai đó: 100349,100349
[EN] - (TEST) Klee's Notebook: 100350,[EN] - (TEST) Klee's Notebook: 100350,100350
Tunner's Cough Syrup: 100351,Thuốc ho cho ngài Tunner: 100351,100351
Draff's Letter: 100352,Thư Của Draff: 100352,100352
Materials for Training Dummy: 100353,Nguyên liệu cọc gỗ: 100353,100353
Sara's Letter: 100354,Thư Của Sara: 100354,100354
Clean Radish: 100355,Củ Cải Trắng Rửa Sạch: 100355,100355
Guy's Letter: 100356,Thư Của Guy: 100356,100356
Quinn's Special: 100357,Rượu Đặc Chế Của Quinn: 100357,100357
Margaret's Special: 100358,Rượu Đặc Chế Của Margaret: 100358,100358
Jack's Special: 100359,Rượu Đặc Chế Của Jack: 100359,100359
Draff's Special: 100360,Rượu Đặc Chế Của Draff: 100360,100360
Teyvat Travel Guide - Liyue: 100361,Hướng Dẫn Du Ngoạn Teyvat - Chương Liyue: 100361,100361
Letter: 100362,Thư: 100362,100362
A Huge Bag of Mora: 100363,1 túi Mora lớn: 100363,100363
Legend of the Shattered Halberd (VI): 100364,Thần Tiêu Trảm Kích Lục (VI): 100364,100364
Intact Training Dummy: 100365,Cọc gỗ hoàn chỉnh: 100365,100365
Legend of the Geo Archon: 100366,Truyền thuyết Nham Thần: 100366,100366
Legend of the Geo Archon: 100367,Truyền thuyết Nham Thần: 100367,100367
Legend of the Geo Archon: 100368,Truyền thuyết Nham Thần: 100368,100368
Legend of the Geo Archon: 100369,Truyền thuyết Nham Thần: 100369,100369
The Wrath of Haishan: 100370,[Hải Sơn Lục Vân Ký]: 100370,100370
[CHS] - (test)神州折戟录的回忆二: 100371,[CHS] - (test)神州折戟录的回忆二: 100371,100371
[CHS] - (test)神州折戟录的回忆三: 100372,[CHS] - (test)神州折戟录的回忆三: 100372,100372
Ring of Raining Blades (I): 100373,[Tài Vũ Thanh - 1]: 100373,100373
Ring of Raining Blades (II): 100374,[Tài Vũ Thanh - 2]: 100374,100374
[CHS] - (test)千里寻父录的回忆三: 100375,[CHS] - (test)千里寻父录的回忆三: 100375,100375
Meal Box by Smiley Yanxiao for Jiangxue: 100376,Cơm Yanxiao làm cho Jiangxue: 100376,100376
A log of ships coming in and out by Little Lulu: 100377,Ghi chú của Lulu về thuyền ra vào: 100377,100377
A log of ships coming in and out by Little Lulu: 100378,Ghi chú của Lulu về thuyền ra vào: 100378,100378
A log of ships coming in and out by Little Lulu: 100379,Ghi chú của Lulu về thuyền ra vào: 100379,100379
A log of ships coming in and out by Little Fei: 100380,Ghi chú Fei về thuyền ra vào: 100380,100380
A log of ships coming in and out by Little Fei: 100381,Ghi chú Fei về thuyền ra vào: 100381,100381
A log of ships coming in and out by Little Fei: 100382,Ghi chú Fei về thuyền ra vào: 100382,100382
A log of ships coming in and out by Little Meng: 100383,Ghi chú Meng về thuyền ra vào: 100383,100383
A log of ships coming in and out by Little Meng: 100384,Ghi chú Meng về thuyền ra vào: 100384,100384
A log of ships coming in and out by Little Meng: 100385,Ghi chú Meng về thuyền ra vào: 100385,100385
Sealed Package: 100386,Tài liệu được dán kín: 100386,100386
First Apprentice of Guhua: 100387,Đại Sư Huynh Phái Cổ Hoa: 100387,100387
Diary of Roald the Adventurer: 100388,Nhật Ký Nhà Mạo Hiểm Roald - Cô Vân Các: 100388,100388
Diary of Roald the Adventurer: 100389,Nhật Ký Nhà Mạo Hiểm Roald - Vùng Đất Muối: 100389,100389
Diary of Roald the Adventurer: 100390,Nhật Ký Nhà Mạo Hiểm Roald - Tuyệt Vân Gián - Khánh Vân Đỉnh: 100390,100390
Diary of Roald the Adventurer: 100391,Nhật Ký Nhà Mạo Hiểm Roald - Tuyệt Vân Gián - Âu Tàng Thiên Trì: 100391,100391
Treasure Map of Lone Gorge: 100392,Bản Đồ Kho Báu Ở Hẻm Núi: 100392,100392
Treasure Map of Lone Gorge: 100393,Bản Đồ Kho Báu Ở Hẻm Núi: 100393,100393
Treasure Map of Lone Gorge: 100394,Bản Đồ Kho Báu Ở Hẻm Núi: 100394,100394
Poorly-Sealed Box: 100395,Gói đồ được bọc không cẩn thận: 100395,100395
Tightly-Sealed Box: 100396,Gói đồ được bọc cẩn thận: 100396,100396
[CHS] - (test)海盗的传说: 100397,[CHS] - (test)海盗的传说: 100397,100397
Katheryne's Letter: 100398,Thư của Katheryne: 100398,100398
Records of Jueyun: 100399,Ký Sự Tuyệt Vân - Thạch Thú: 100399,100399
Records of Jueyun: 100400,Ký Sự Tuyệt Vân - Hải Thần Cung: 100400,100400
Verses of Equilibrium: 100401,Hoành Nghi Kinh: 100401,100401
Records of the Gallant: 100402,Hiệp Khách Ký - Người Giấu Mặt: 100402,100402
Customs of Liyue: 100403,Liyue Phong Thổ Chí - Tú Cầu: 100403,100403
Stone Tablet Compilations: 100404,Thạch Thư Tập Lục (I): 100404,100404
Humor From Tianheng: 100405,Thiên Hoành Tuyệt Đảo Tập: 100405,100405
Hilichurl Cultural Customs (I): 100406,Khảo sát tập quán Hilichurl (I): 100406,100406
Hilichurl Cultural Customs (II): 100407,Khảo sát tập quán Hilichurl (II): 100407,100407
Hilichurl Cultural Customs (IV): 100408,Khảo sát tập quán Hilichurl (IV): 100408,100408
History of Kings and Clans: 100409,Lịch Sử Vua Chúa và Tông Thất - Lời Tựa: 100409,100409
Biography of Gunnhildr: 100410,Mẩu Chuyện Nhỏ Về Gunnhildr: 100410,100410
Ballads of the Squire (I): 100411,Bài Ca Về Kỵ Sĩ (I): 100411,100411
Ballads of the Squire (II): 100412,Bài Ca Về Kỵ Sĩ (II): 100412,100412
Teyvat Wilderness Survivalist's Recipes: 100413,Công Thức Nấu Ăn Vùng Dã Ngoại Teyvat: 100413,100413
Treasure Map of Giant's Steps: 100414,Bản Đồ Kho Báu Cao Cấp: 100414,100414
Treasure Map of Giant's Steps: 100415,Bản Đồ Kho Báu Cao Cấp: 100415,100415
Treasure Map of Giant's Steps: 100416,Bản Đồ Kho Báu Cao Cấp: 100416,100416
Treasure Map of The Vast Blue: 100417,Bản Đồ Kho Báu Uông Dương: 100417,100417
Treasure Map of The Vast Blue: 100418,Bản Đồ Kho Báu Uông Dương: 100418,100418
Treasure Map of The Vast Blue: 100419,Bản Đồ Kho Báu Uông Dương: 100419,100419
[CHS] - (test)畅畅的日记2: 100420,[CHS] - (test)畅畅的日记2: 100420,100420
[CHS] - (test)旅行家的日记2: 100421,[CHS] - (test)旅行家的日记2: 100421,100421
[CHS] - (test)海盗的传说2: 100422,[CHS] - (test)海盗的传说2: 100422,100422
[CHS] - (test)畅畅的日记3: 100423,[CHS] - (test)畅畅的日记3: 100423,100423
[CHS] - (test)旅行家的日记3: 100424,[CHS] - (test)旅行家的日记3: 100424,100424
[CHS] - (test)海盗的传说3: 100425,[CHS] - (test)海盗的传说3: 100425,100425
Yakshas: 100426,Hộ Pháp Tiên Chúng Dạ Xoa: 100426,100426
Witness Sigil: 100427,Ấn Hàng Ma: 100427,100427
Special Almond Tofu: 100428,Đậu Hũ Hạnh Nhân Đặc Biệt: 100428,100428
Dropped Package: 100429,Gói hàng bỏ quên: 100429,100429
Sigil of Permission: 100430,Bách Vô Cấm Kỵ Lục: 100430,100430
Klee's Wooden Sign: 100431,Biển gỗ của Klee: 100431,100431
Legend of the Shattered Halberd (I): 100432,Thần Tiêu Trảm Kích Lục (I): 100432,100432
Legend of the Shattered Halberd (II): 100433,Thần Tiêu Trảm Kích Lục (II): 100433,100433
Legend of the Shattered Halberd (III): 100434,Thần Tiêu Trảm Kích Lục (III): 100434,100434
Legend of the Shattered Halberd (IV): 100435,Thần Tiêu Trảm Kích Lục (IV): 100435,100435
Legend of the Shattered Halberd (V): 100436,Thần Tiêu Trảm Kích Lục (V): 100436,100436
Heart's Desire: 100437,Giấc Mơ Tan Vỡ - Ánh Trăng: 100437,100437
Heart's Desire: 100438,Giấc Mơ Tan Vỡ - Lưu Ly: 100438,100438
Heart's Desire: 100439,Giấc Mơ Tan Vỡ - Lam Bảo Thạch: 100439,100439
Heart's Desire: 100440,Giấc Mơ Tan Vỡ - Thạch Tâm: 100440,100440
Diary of Roald the Adventurer: 100441,Nhật Ký Nhà Mạo Hiểm Roald - Cửa Biển Thanh Hư: 100441,100441
Traveler's Notes: 100442,Bút Ký Của Nhà Lữ Hành: 100442,100442
Traveler's Notes: 100443,Bút Ký Của Nhà Lữ Hành: 100443,100443
Traveler's Notes: 100444,Bút Ký Của Nhà Lữ Hành: 100444,100444
Traveler's Notes: 100445,Bút Ký Của Nhà Lữ Hành: 100445,100445
Censer: 100450,Lư hương: 100450,100450
Seven-Star Lamp: 100451,Đèn Thất Tinh: 100451,100451
Letter from Starsnatcher: 100452,Bức Thư Của Tinh Nguyệt Thiên Quân: 100452,100452
Special Mondstadt Hash Brown: 100453,Bánh khoai tây Mondstadt đặc biệt: 100453,100453
Dendro-Processed Berry: 100454,Quả mâm xôi bị Slime Thảo ăn: 100454,100454
Thick Hydro Slime Condensate: 100455,Dịch cô đặc của Slime Thủy: 100455,100455
Wind-Caressed Aster: 100456,Cúc cánh quạt bị Slime Phong thổi bay: 100456,100456
Collected Fragment: 100457,Mảnh ghép tìm được: 100457,100457
Collected Fragment: 100458,Mảnh ghép tìm được: 100458,100458
Collected Fragment: 100459,Mảnh ghép tìm được: 100459,100459
Transcription from a stone tablet: 100460,Văn Tự Sao Chép Từ Bia Đá: 100460,100460
Transcription from a stone tablet: 100461,Văn Tự Sao Chép Từ Bia Đá: 100461,100461
Transcription from a stone tablet: 100462,Văn Tự Sao Chép Từ Bia Đá: 100462,100462
Transcription from a stone tablet: 100463,Văn Tự Sao Chép Từ Bia Đá: 100463,100463
Transcription from a stone tablet: 100464,Văn Tự Sao Chép Từ Bia Đá: 100464,100464
Transcription from a ruin: 100465,Văn Tự Sao Chép Từ Di Tích: 100465,100465
Transcription from a ruin: 100466,Văn Tự Sao Chép Từ Di Tích: 100466,100466
Hidden Treasure of Qingce: 100467,Kho Báu Khinh Sách: 100467,100467
[CHS] - (test)盗宝团情报笔记: 100468,[CHS] - (test)盗宝团情报笔记: 100468,100468
Draft Lines of Hilichurlian Poetry: 100469,Câu Thơ Hilichurl Khó Hiểu: 100469,100469
[CHS] - (test)艾拉·马斯克的诗歌翻译: 100470,[CHS] - (test)艾拉·马斯克的诗歌翻译: 100470,100470
[CHS] - (test)优美的丘丘语抒情诗: 100471,[CHS] - (test)优美的丘丘语抒情诗: 100471,100471
A Letter by Timmie: 100472,Bức thư do Timmie viết: 100472,100472
Marjorie's Recommended Gift: 100473,"""Món quà"" do Marjorie giới thiệu: 100473",100473
A Gift from Quinn: 100474,"""Món quà"" của Quinn: 100474",100474
Sara's Special Dish: 100475,Món ăn đặc biệt từ tiểu thư Sara: 100475,100475
Traveling Merchant's Package: 100476,Chiếc túi của khách: 100476,100476
Box of Goods Invoices: 100477,Hộp đựng đơn hàng: 100477,100477
Box of Goods Invoices: 100478,Hộp đựng đơn hàng: 100478,100478
Box of Goods Invoices: 100479,Hộp đựng đơn hàng: 100479,100479
Heart of Clear Springs (I): 100480,Trái Tim Thanh Tuyền (I): 100480,100480
Heart of Clear Springs (II): 100481,Trái Tim Thanh Truyền (II): 100481,100481
Heart of Clear Springs (III): 100482,Trái Tim Thanh Truyền (III): 100482,100482
Heart of Clear Springs (IV): 100483,Trái Tim Thanh Truyền (IV): 100483,100483
Linling's Anthology of Selected Poetry: 100484,Tuyển Tập Thơ Linling: 100484,100484
Goods Invoice: 100485,Hóa đơn hàng: 100485,100485
Invoice of Goods Quantities: 100486,Xác nhận số lượng hàng theo hóa đơn: 100486,100486
Golden House Maiden: 100487,"""Kim Ốc Tàng Kiều"": 100487",100487
Valley Weaver: 100488,"""Sơn Âm Cẩm Thốc"": 100488",100488
Fate's Yearning: 100489,"""Phiêu Miểu Tiên Duyên"": 100489",100489
Golden House Maiden Essential Oil: 100490,"Tinh dầu ""Kim Ốc Tàng Kiều"": 100490",100490
Valley Weaver Essential Oil: 100491,"Tinh dầu ""Sơn Âm Cẩm Thốc"": 100491",100491
Fate's Yearning Essential Oil: 100492,"Tinh dầu ""Phiêu Miểu Tiên Duyên"": 100492",100492
Bao'er's Empty Box: 100493,Chiếc hộp trống của Bao'er: 100493,100493
Heavy Box: 100494,Chiếc hộp nặng: 100494,100494
Sopping Wet Page: 100495,Trang sách bị ướt: 100495,100495
A Huge Bag of Mora: 100496,1 túi Mora lớn: 100496,100496
Golden House Maiden Perfume: 100497,"Sáp thơm ""Kim Ốc Tàng Kiều"": 100497",100497
Valley Weaver Perfume: 100498,"Sáp thơm ""Sơn Âm Cẩm Thốc"": 100498",100498
Fate's Yearning Perfume: 100499,"Sáp thơm ""Phiêu Miểu Tiên Duyên"": 100499",100499
A Box of Gadgets: 100500,"Chiếc hộp đựng ""món đồ nhỏ"": 100500",100500
Cleansing Bell: 100501,Chuông Tẩy Trần: 100501,100501
Guizhong Ballista Maintenance Material: 100502,Nguyên liệu sửa máy Guizhong: 100502,100502
A Record of Qiming and Zhihua's Conversation: 100503,Ghi chép về cuộc đối thoại giữa Zhihua và Qiming: 100503,100503
A Record of Sisi and Chaoxi's Conversation: 100504,Ghi chép về cuộc đối thoại giữa Sisi với Chaoxi: 100504,100504
"A Record of Little Meng, Little Fei, and Little Lulu's Conversation: 100505","Ghi chép về cuộc đối thoại giữa A Meng, A Fei và Lulu: 100505",100505
Norma's Order: 100506,Món ăn Norma đặt: 100506,100506
Hilichurl Ballad: 100507,Mẫu Thơ Ca Hilichurl - Ngâm Thơ: 100507,100507
Hilichurl Ballad: 100508,Mẫu Thơ Ca Hilichurl - Thơ Tự Sự: 100508,100508
Hilichurl Ballad: 100509,Mẫu Thơ Ca Hilichurl - Thơ Trữ Tình: 100509,100509
Vile's Gift: 100510,"""Món quà"" của Vile: 100510",100510
Stolen Relic: 100511,Văn vật bị cướp: 100511,100511
Madame Ping's Box: 100512,Chiếc hộp của Bình Lão Lão: 100512,100512
A Torn Out Page: 100513,Trang sách bị xé: 100513,100513
Page of Scribbled Writing: 100514,Trang sách vẽ bậy: 100514,100514
Noctilucous Jade Sample: 100515,Mẫu Dạ Phách Thạch: 100515,100515
A Bag of Mora: 100516,1 túi Mora: 100516,100516
Mitachurl Loot: 100517,Chiến lợi phẩm từ bạo đồ Hilichurl: 100517,100517
Treasure Hoarder Loot: 100518,Chiến lợi phẩm từ Đạo Bảo Đoàn: 100518,100518
Ruin Guard Loot: 100519,Chiến lợi phẩm từ Thủ Vệ Di Tích: 100519,100519
Noctilucous Jade Sample: 100520,Mẫu Dạ Phách Thạch: 100520,100520
Noctilucous Jade Sample: 100521,Mẫu Dạ Phách Thạch: 100521,100521
Everlasting Incense: 100522,Hương Bất Tử: 100522,100522
Guizhong Ballista Maintenance Material: 100523,Nguyên liệu sửa máy Guizhong: 100523,100523
Sturdy Wooden Plank: 100524,Ván Gỗ Kiên Cố: 100524,100524
Box of Leaves: 100525,Cái Hộp Có Đựng Lá Cây: 100525,100525
[CHS] - （test）琉璃百合的种子: 100526,[CHS] - （test）琉璃百合的种子: 100526,100526
[CHS] - （test）水史莱姆的精华液: 100527,[CHS] - （test）水史莱姆的精华液: 100527,100527
Treasure Hoarder's Key: 100528,Chìa Khóa Của Đạo Bảo Đoàn: 100528,100528
Alrani's Note: 100529,Giấy nhớ của Alrani: 100529,100529
Nameless Treasure: 100530,Kho báu vô danh: 100530,100530
Nameless Treasure: 100531,Kho báu vô danh: 100531,100531
Nameless Treasure: 100532,Kho báu vô danh: 100532,100532
Stone of Remembrance: 100533,Đá Kể Chuyện: 100533,100533
Dull Ring: 100534,Nhẫn Đen: 100534,100534
Vermeer's Paintbrushes: 100535,Tranh của Vermeer: 100535,100535
Vermeer's Paints: 100536,Màu vẽ của Vermeer: 100536,100536
Black and White Sketch: 100537,Bản Vẽ Trắng Đen: 100537,100537
Color Sketch: 100538,Bản Vẽ Màu: 100538,100538
Nameless Sketch: 100539,Bản Vẽ Không Tên: 100539,100539
Strange Stone: 100540,Cục Đá Kỳ Lạ: 100540,100540
Fresh Qingxin: 100541,Thanh Tâm Tươi Ngon: 100541,100541
Good Hunter's Specialty Dish: 100542,"""Đặc sản"" của quán Người Săn Hươu: 100542",100542
Flora's Bookmark: 100543,Giấy nhớ của Flora: 100543,100543
Special Beverage from Angel's Share: 100544,Đồ uống đặc sắc của quán Quà Tặng Của Thiên Sứ: 100544,100544
Special Perfume: 100545,Sáp Thơm Đặc Chế: 100545,100545
Mint Essential Oil: 100546,Tinh Dầu Bạc Hà: 100546,100546
Tasty Slime Condensate: 100547,Dịch Slime Tươi Ngon: 100547,100547
Extra-Sweet Sweet Flower: 100548,Hoa Ngọt cực kỳ ngọt: 100548,100548
Fresh Sweet Flower: 100549,Hoa Ngọt Tươi Ngon: 100549,100549
Fresh Cecilia: 100550,Hoa Cecilia Tươi Ngon: 100550,100550
Fresh Windwheel Aster: 100551,Cúc Cánh Quạt Tươi Ngon: 100551,100551
Fresh Small Lamp Grass: 100552,Tiểu Đăng Thảo Tươi Ngon: 100552,100552
Strange Cocktail Ingredient: 100553,Nguyên liệu pha chế rượu kỳ quái: 100553,100553
Teucer's Mora Pouch: 100554,Túi Mora của Teucer: 100554,100554
Childe and Teucer's Mora Pouch: 100555,Túi Mora của Teucer và Childe: 100555,100555
Plump Sunsettia: 100556,Quả Nhật Lạc Căng Tròn: 100556,100556
Merchant Poster: 100557,Áp Phích Của Tiệm: 100557,100557
Merchant Poster: 100558,Áp Phích Của Tiệm: 100558,100558
Merchant Poster: 100559,Áp Phích Của Tiệm: 100559,100559
Jiayi's Gifts: 100560,Quà của Jiayi: 100560,100560
Treasure Hoarder's Map: 100561,Bản đồ Thành Viên Đạo Bảo Đoàn mang theo: 100561,100561
Ragged Notebook: 100562,Nhật Ký Rách Nát: 100562,100562
Strange Stone: 100563,Cục Đá Kỳ Lạ: 100563,100563
Knights of Favonius Handbook - 5th Edition: 100564,Sổ tay hướng dẫn Đội Kỵ Sĩ - Bản 5: 100564,100564
Tales From the Waves: 100565,Nhật Ký Sóng Vỗ - Thủy Triều Lên: 100565,100565
Tales From the Waves: 100566,Nhật Ký Sóng Vỗ - Sóng Cuốn: 100566,100566
Tales From the Waves: 100567,Nhật Ký Sóng Vỗ - Sóng Lặng: 100567,100567
Hex & Hound (I): 100568,Mật Ngữ Của Khuyển I: 100568,100568
Hex & Hound (II): 100569,Mật Ngữ Của Khuyển II: 100569,100569
Hex & Hound (III): 100570,Mật Ngữ Của Khuyển III: 100570,100570
Hex & Hound (IV): 100571,Mật Ngữ Của Khuyển IV: 100571,100571
Hex & Hound (V): 100572,Mật Ngữ Của Khuyển V: 100572,100572
Moonlit Bamboo Forest (I): 100573,Đêm Trăng Rừng Trúc I: 100573,100573
Moonlit Bamboo Forest (II): 100574,Đêm Trăng Rừng Trúc II: 100574,100574
Moonlit Bamboo Forest (III): 100575,Đêm Trăng Rừng Trúc III: 100575,100575
Moonlit Bamboo Forest (IV): 100576,Đêm Trăng Rừng Trúc IV: 100576,100576
A Drunkard's Tale (I): 100577,Chuyện Kẻ Say I: 100577,100577
A Drunkard's Tale (II): 100578,Chuyện Kẻ Say II: 100578,100578
A Drunkard's Tale (III): 100579,Chuyện Kẻ Say III: 100579,100579
A Drunkard's Tale (IV): 100580,Chuyện Kẻ Say IV: 100580,100580
[CHS] - (test)礼物盒: 100581,[CHS] - (test)礼物盒: 100581,100581
[CHS] - (test)布娃娃: 100582,[CHS] - (test)布娃娃: 100582,100582
"""Dwelling in the Clouds"" Bluelogger.infos: 100583",Bản vẽ Vân Trung Tiên Cư: 100583,100583
Tainted Blood: 100584,Máu Đen: 100584,100584
Monolith Fragment: 100585,Mảnh Trấn Thạch: 100585,100585
Rex Incognito (I): 100586,Đế Quân Vi Hành I: 100586,100586
Rex Incognito (II): 100587,Đế Quân Vi Hành II: 100587,100587
Rex Incognito (III): 100588,Đế Quân Vi Hành III: 100588,100588
Rex Incognito (IV): 100589,Đế Quân Vi Hành IV: 100589,100589
Legend of the Lone Sword (I): 100590,Hoang Sơn Cô Kiếm Lục I: 100590,100590
Legend of the Lone Sword (II): 100591,Hoang Sơn Cô Kiếm Lục II: 100591,100591
Legend of the Lone Sword (III): 100592,Hoang Sơn Cô Kiếm Lục III: 100592,100592
Legend of the Lone Sword (IV): 100593,Hoang Sơn Cô Kiếm Lục IV: 100593,100593
Little Liu's Gifts: 100594,Quà Của Bé Liu: 100594,100594
Chaoxi's Reply to Cui'er: 100595,Thử trả lời của Chaoxi gửi cho Cui'er: 100595,100595
Little Yue's Gift: 100596,Quà của Yue: 100596,100596
Yinxing's Letter to Bolai: 100597,Thư Yinxing viết cho Bolai: 100597,100597
Clerk Zhao's Invoice for Jiangzhou: 100598,Hóa đơn Zhao viết cho Jiangzhou: 100598,100598
Clerk Zhao's Invoice for Nervous An: 100599,Hóa đơn Zhao viết cho Tiểu An: 100599,100599
Cui'er's Letter to Chaoxi: 100600,Thư Cui'er viết cho Chaoxi: 100600,100600
Thick Notebook: 100601,Cuốn Nhật Ký Dày: 100601,100601
Jack's Map: 100602,Bản đồ của Jack: 100602,100602
Jack's Adventurer Handbook: 100603,Bằng Chứng Mạo Hiểm của Jack: 100603,100603
Cage Key: 100604,Chìa Khóa Nhà Giam: 100604,100604
Sugar-Frosted Slime: 100605,Slime Phủ Đường: 100605,100605
Wild Glaze Lily: 100606,Bách Hợp Lưu Ly Dại: 100606,100606
The Fox in the Dandelion Sea (IV): 100607,Hồ Ly Biển Bồ Công Anh (IV): 100607,100607
The Fox in the Dandelion Sea (VIII): 100608,Hồ Ly Biển Bồ Công Anh (VIII): 100608,100608
The Fox in the Dandelion Sea (IX): 100609,Hồ Ly Biển Bồ Công Anh (IX): 100609,100609
The Boar Princess (VI): 100610,Công Chúa Heo Rừng (VI): 100610,100610
Vera's Melancholy (IV): 100611,Vera Sầu Muộn (IV): 100611,100611
Vera's Melancholy (VI): 100612,Vera Sầu Muộn (VI): 100612,100612
Vera's Melancholy (VII): 100613,Vera Sầu Muộn (VII): 100613,100613
Vera's Melancholy (VIII): 100614,Vera Sầu Muộn (VIII): 100614,100614
Hilichurl Cultural Customs (III): 100615,Khảo sát tập quán Hilichurl (III): 100615,100615
[CHS] - （test）百货名鉴纵览: 100616,[CHS] - （test）百货名鉴纵览: 100616,100616
"""Of Mountains and Seas"": 100617",Cuốn Sơn Hải: 100617,100617
Strange Tooth: 100618,"""Chiếc Răng"" Kỳ Lạ: 100618",100618
Vitalized Dragontooth: 100619,Nanh Rồng có sinh mệnh: 100619,100619
Princess' Box: 100620,Chiếc Hộp Của Công Chúa: 100620,100620
Priest's Box: 100621,Chiếc Hộp Của Tư Tế: 100621,100621
Scribe's Box: 100622,Chiếc Hộp Của Ký Giả: 100622,100622
Very Ordinary-Looking Sweet Flower: 100623,Hoa Ngọt Tầm Thường: 100623,100623
Customs of Liyue: 100624,Liyue Phong Thổ Chí - Đón Thần: 100624,100624
Mr. Cyclops Action Figure: 100625,"Đồ Chơi ""Tiểu Bảo Một Mắt"": 100625",100625
Little Liu's Letter: 100626,Thư Của Bé Liu: 100626,100626
Used Training Dummy: 100627,Cọc Gỗ Đã Dùng: 100627,100627
Crude Sack: 100628,Túi Đựng Thô Ráp: 100628,100628
Mysterious Stone Tablet: 100629,Phiến Đá Thần Bí: 100629,100629
Treasure Hoarder Scouting Report: 100630,"""Tin Tình Báo Trinh Sát"" Của Đạo Bảo Đoàn: 100630",100630
Viktor's Lost Box: 100631,Chiếc Hộp Viktor Làm Mất: 100631,100631
Notice Paper: 100632,Tờ Giấy Ghi Nội Dung Thông Báo: 100632,100632
Old Business Permit: 100633,Giấy Phép Kinh Doanh Cũ: 100633,100633
Business Premises and Safety Certificates: 100634,Giấy Phép Cơ Sở Kinh Doanh Và Giấy Cam Kết Kinh Doanh An Toàn: 100634,100634
Approved Exit Permit: 100635,Bản Sao Giấy Xin Ra Khơi: 100635,100635
Great Snowboar King Meat: 100636,"Thịt của ""Vua Heo Tuyết"": 100636",100636
Records of Jueyun: 100637,Ký Sự Tuyệt Vân - Vô Vọng: 100637,100637
Records of Jueyun: 100638,Ký Sự Tuyệt Vân - Sơn Linh: 100638,100638
Meadow of Gems: 100639,Quặng Châu Báu: 100639,100639
Customs of Liyue: 100640,Liyue Phong Thổ Chí - Hoa Nghê Thường: 100640,100640
Customs of Liyue: 100641,Liyue Phong Thổ Chí - Bách Hợp Lưu Ly: 100641,100641
String of Pearls (I): 100642,Liên Tâm Châu (I): 100642,100642
String of Pearls (II): 100643,Liên Tâm Châu (II): 100643,100643
String of Pearls (III): 100644,Liên Tâm Châu (III): 100644,100644
Ancient Investigation Journal: 100645,Nhật Ký Khảo Sát Cũ (I): 100645,100645
Special Mondstadt Hash Brown: 100646,Bánh Khoai Tây Mondstadt Đặc Biệt: 100646,100646
Special Almond Tofu: 100647,Đậu Hũ Hạnh Nhân Đặc Biệt: 100647,100647
Special Jewelry Soup: 100648,Canh Trân Châu Phỉ Thúy Bạch Ngọc Đặc Biệt: 100648,100648
Special Sweet Madame: 100649,Gà Nấu Hoa Ngọt Đặc Biệt: 100649,100649
Special Matsutake Meat Rolls: 100650,Nhung Tùng Ủ Thịt Cuộn Đặc Biệt: 100650,100650
Special Jade Parcels: 100651,Túi Thập Cẩm Phỉ Ngọc Đặc Biệt: 100651,100651
Special Flaming Red Bolognese: 100652,Mỳ Sốt Thịt Đặc Biệt: 100652,100652
Special Black-Back Perch Stew: 100653,Cá Chép Đen Hấp Đặc Biệt: 100653,100653
Special Mora Meat: 100654,Thịt Mora Đặc Biệt: 100654,100654
Special Tea Break Pancake: 100655,Bánh Xốp Đặc Biệt: 100655,100655
Special Come and Get It: 100656,Món Nào Nào Đặc Chế: 100656,100656
Special Jueyun Chili Chicken: 100657,Gà Cay Thơm Mềm Đặc Biệt: 100657,100657
Special Mondstadt Hash Brown: 100658,Bánh Khoai Tây Mondstadt Đặc Biệt: 100658,100658
Special Black-Back Perch Stew: 100659,Cá Chép Đen Hấp Đặc Biệt: 100659,100659
Special Come and Get It: 100660,Món Nào Nào Đặc Chế: 100660,100660
Special Mondstadt Grilled Fish: 100661,Cá Nướng Mondstadt Đặc Biệt: 100661,100661
Special Stir-Fried Filet: 100662,Thịt Xào Ớt Tuyệt Vân Đặc Biệt: 100662,100662
Special Lotus Seed and Bird Egg Soup: 100663,Canh Trứng Hạt Sen Đặc Biệt: 100663,100663
Special Fisherman's Toast: 100664,Bánh Người Cá Đặc Biệt: 100664,100664
Special Almond Tofu: 100665,Đậu Hũ Hạnh Nhân Đặc Biệt: 100665,100665
Special Jewelry Soup: 100666,Canh Trân Châu Phỉ Thúy Bạch Ngọc Đặc Biệt: 100666,100666
Orders: 100667,Sách Mệnh Lệnh: 100667,100667
[CHS] - (test)搜集而来的碎片1: 100668,[CHS] - (test)搜集而来的碎片1: 100668,100668
[CHS] - (test)搜集而来的碎片2: 100669,[CHS] - (test)搜集而来的碎片2: 100669,100669
[CHS] - (test)搜集而来的碎片3: 100670,[CHS] - (test)搜集而来的碎片3: 100670,100670
[CHS] - (test)低温教学承接用物件: 100671,[CHS] - (test)低温教学承接用物件: 100671,100671
[CHS] - (test)古代文献一残页: 100672,[CHS] - (test)古代文献一残页: 100672,100672
[CHS] - (test)古代文献二残页: 100673,[CHS] - (test)古代文献二残页: 100673,100673
[CHS] - (test)古代文献三残页: 100674,[CHS] - (test)古代文献三残页: 100674,100674
[CHS] - (test)古代文献四残页: 100675,[CHS] - (test)古代文献四残页: 100675,100675
[CHS] - (test)古代文献五残页: 100676,[CHS] - (test)古代文献五残页: 100676,100676
[CHS] - (test)古代文献六残页: 100677,[CHS] - (test)古代文献六残页: 100677,100677
[CHS] - (test)古代文献·天空的记忆: 100678,[CHS] - (test)古代文献·天空的记忆: 100678,100678
[CHS] - (test)古代文献·大地的记忆: 100679,[CHS] - (test)古代文献·大地的记忆: 100679,100679
[CHS] - (test)古代文献·王国的记忆: 100680,[CHS] - (test)古代文献·王国的记忆: 100680,100680
Jiayi's Letter: 100681,Thư Của Jiayi: 100681,100681
Nostalgic Jueyun Chili Chicken: 100682,Gà Cay Thơm Mềm hương vị tuổi thơ: 100682,100682
Luxurious Toybox: 100683,Hộp Đồ Chơi Hiếm: 100683,100683
Congzi's Plaustrite Shards: 100684,Mảnh Phù Sinh Thạch Congzi Đặt: 100684,100684
Custom-Made Xiao Lantern: 100685,Đèn Tiêu đặc biệt: 100685,100685
Glory's Dandelion Seeds: 100686,Hạt Bồ Công Anh Của Glory: 100686,100686
Letter to Cyrus: 100687,Thư gửi cho Cyrus: 100687,100687
Qingzhou's Signature: 100688,Chữ Ký Qingzhou: 100688,100688
Package of Fresh Flowers: 100689,Chiếc túi có chứa hoa tươi: 100689,100689
Package of Fresh Flowers: 100690,Chiếc túi có chứa hoa tươi: 100690,100690
Rex Incognito (IV): 100691,Đế Quân Vi Hành IV: 100691,100691
Ancient Investigation Journal: 100692,Nhật Ký Khảo Sát Cũ (II): 100692,100692
Ancient Investigation Journal: 100693,Nhật Ký Khảo Sát Cũ (III): 100693,100693
[CHS] - （test）好友筹集的摩拉袋: 100694,[CHS] - （test）好友筹集的摩拉袋: 100694,100694
[CHS] - （test）给戴因的特调酒: 100695,[CHS] - （test）给戴因的特调酒: 100695,100695
[CHS] - （test）深渊教团的残破图卷·上: 100696,[CHS] - （test）深渊教团的残破图卷·上: 100696,100696
[CHS] - （test）深渊教团的残破图卷·下: 100697,[CHS] - （test）深渊教团的残破图卷·下: 100697,100697
[CHS] - （test）深渊教团的残破图卷·全: 100698,[CHS] - （test）深渊教团的残破图卷·全: 100698,100698
Invoice From Second Life: 100699,Sổ sách đặt hàng của Cửa Hàng Vinh Phát: 100699,100699
Package of Fresh Flowers: 100700,Chiếc túi có chứa hoa tươi: 100700,100700
Package of Fresh Flowers: 100701,Chiếc túi có chứa hoa tươi: 100701,100701
Package of Fresh Flowers: 100702,Chiếc túi có chứa hoa tươi: 100702,100702
Thank-You Letter: 100703,Thư Cảm Ơn: 100703,100703
Experimental Potion: 100704,Thuốc Thực Nghiệm: 100704,100704
Chilled Meat: 100705,Thịt Tươi Lạnh: 100705,100705
Diary of Roald the Adventurer: 100706,Nhật Ký Nhà Mạo Hiểm Roald - Long Tích Tuyết Sơn: 100706,100706
Kamera Picture: 100707,Hình in từ Máy Ảnh: 100707,100707
Kamera Picture: 100708,Hình in từ Máy Ảnh: 100708,100708
Sigil of Permission: 100709,Bách Vô Cấm Kỵ Lục: 100709,100709
Harris' Special Cream Stew: 100710,Rau Củ Hầm Kem của Harris đặc chế: 100710,100710
Treasure Map: 100711,Bản Đồ Kho Báu: 100711,100711
Strange Note: 100712,Mảnh giấy kỳ lạ: 100712,100712
A Bag of Mora: 100713,1 túi Mora: 100713,100713
Water-Logged Box: 100714,Chiếc hộp bị ngấm nước: 100714,100714
Meadow of Gems: 100715,Quặng Châu Báu: 100715,100715
Starsilver Catalyst: 100716,Chất Xúc Tác Quặng Tinh Ngân: 100716,100716
Starsilver Catalyst: 100717,Chất Xúc Tác Quặng Tinh Ngân: 100717,100717
Starsilver Catalyst: 100718,Chất Xúc Tác Quặng Tinh Ngân: 100718,100718
Starsilver Catalyst: 100719,Chất Xúc Tác Quặng Tinh Ngân: 100719,100719
Starsilver Catalyst: 100720,Chất Xúc Tác Quặng Tinh Ngân: 100720,100720
[CHS] - （test）灯纸纤维待重命名: 100721,[CHS] - （test）灯纸纤维待重命名: 100721,100721
[CHS] - （test）灯芯绒材待重命名: 100722,[CHS] - （test）灯芯绒材待重命名: 100722,100722
Dummy's Xiao Lantern: 100723,Đèn Tiêu Dummy làm: 100723,100723
Unnamed Mingxiao Lantern: 100724,Đèn Minh Tiêu chưa ký tên: 100724,100724
[CHS] - (test)通用相片道具: 100725,[CHS] - (test)通用相片道具: 100725,100725
Herbalist Gui's Medicine: 100726,Thuốc của Gui: 100726,100726
Starsilver Catalyst: 100727,Chất Xúc Tác Quặng Tinh Ngân: 100727,100727
Dandelion Seed: 100728,Hạt Bồ Công Anh: 100728,100728
Siyu's Xiao Lantern: 100729,Đèn Tiêu Của Siyu: 100729,100729
Records of Jueyun: 100730,Ký Sự Tuyệt Vân - Kỳ Lân: 100730,100730
Records of Jueyun: 100731,Ký Sự Tuyệt Vân - Ngọc: 100731,100731
Records of the Gallant: 100732,Hiệp Khách Ký - Hắc Báo: 100732,100732
Records of the Gallant: 100733,Hiệp Khách Ký - Lưu Trần: 100733,100733
Hex & Hound (VI): 100734,Mật Ngữ Của Khuyển VI: 100734,100734
Hex & Hound (VII): 100735,Mật Ngữ Của Khuyển VII: 100735,100735
Hex & Hound (VIII): 100736,Mật Ngữ Của Khuyển VIII: 100736,100736
Aunt Qiao's Almond Tofu: 100737,Đậu Hũ Hạnh Nhân cho Dì Qiao: 100737,100737
Zhuyu's Golden Shrimp Balls: 100738,Tôm Viên Tơ Vàng cho Zhuyu: 100738,100738
Ominous Dish: 100739,Tỏa Ra Mùi Vị Của Sự Bất Hạnh: 100739,100739
Lost Adventure Notebook: 100740,Bút Ký Thất Lạc: 100740,100740
Broken Xiao Lantern Lampshade: 100741,Bao đèn Minh Tiêu bị hỏng: 100741,100741
Hard Iron Chunk: 100742,Mảnh Sắt Cứng Cáp: 100742,100742
Hard Crystal Chunk: 100743,Mảnh Pha Lê Cứng Cáp: 100743,100743
Red Wolfhook: 100744,Quả Móc Câu Đỏ: 100744,100744
Fresh Jueyun Chili: 100745,Ớt Tuyệt Vân Tươi: 100745,100745
Handpicked Gift: 100746,Quà Tâm Đắc: 100746,100746
Lantern Rite Gift: 100747,Lễ phẩm Tết Hải Đăng: 100747,100747
Pyro Whopperflower Nectar: 100748,Mật Hoa Lừa Dối Rực Lửa: 100748,100748
Wanmin Restaurant Take-Away: 100749,Món giao hàng của Vạn Dân Đường: 100749,100749
Strange Box: 100750,Chiếc Hộp Kỳ Lạ: 100750,100750
Inscribed Xiao Lantern: 100751,Đèn Tiêu có đề thơ: 100751,100751
Soil Sample: 100752,Mẫu Đất: 100752,100752
Fresh Qingxin: 100753,Thanh Tâm Tươi Ngon: 100753,100753
Slime-Swallowed Calla Lily: 100754,Hoa Calla Lily bị Slime ăn: 100754,100754
Fresh Lotus Head: 100755,Đài Sen Tươi: 100755,100755
Plank: 100756,Ván Gỗ: 100756,100756
Fresh Raw Meat: 100757,Thịt Rừng Tươi: 100757,100757
High-Quality Chilled Meat: 100758,Thịt Tươi Lạnh Hảo Hạng: 100758,100758
Picture of Windblume Festival: 100759,Hình Ảnh Về Lễ Hội Hoa Gió: 100759,100759
Picture of Windblume Festival: 100760,Hình Ảnh Về Lễ Hội Hoa Gió: 100760,100760
Picture of Windblume Festival: 100761,Hình Ảnh Về Lễ Hội Hoa Gió: 100761,100761
Wondrous Lovely Flower: 100762,Hoa Đẹp Kỳ Lạ: 100762,100762
Watch Out!: 100763,Cẩn thận!: 100763,100763
Fresh Valberry: 100764,Quả Dâu Đỏ Tươi: 100764,100764
Pyro Slime Condensate: 100765,Dịch Slime Hỏa: 100765,100765
Special Bottle: 100766,Bình Nước Đặc Biệt: 100766,100766
Notes of Some Kind: 100767,Hình như là bút ký?: 100767,100767
Ward: 100768,"""Vật Trấn Giữ"": 100768",100768
Ward: 100769,"""Vật Trấn Giữ"": 100769",100769
Ioroi's Ward: 100770,"""Vật Trấn Giữ"" mà Ioroi giao cho bạn: 100770",100770
Scroll-Shaped Ward: 100771,"""Vật Trấn Giữ"" Cuộn Tròn: 100771",100771
Key-Shaped Ward: 100772,"""Vật Trấn Giữ"" Hình Chìa Khóa: 100772",100772
[CHS] - （test）灵异的透镜: 100773,[CHS] - （test）灵异的透镜: 100773,100773
Old Key: 100774,Chìa Khóa Cũ: 100774,100774
Old Stone Slate: 100775,Phiến Đá Cổ Xưa: 100775,100775
Old Stone Slate: 100776,Phiến Đá Cổ Xưa: 100776,100776
Old Stone Slate: 100777,Phiến Đá Cổ Xưa: 100777,100777
Old Stone Slate: 100778,Phiến Đá Cổ Xưa: 100778,100778
Rather Fine Dandelion Seeds: 100779,Hạt Bồ Công Anh Chất Lượng Tốt: 100779,100779
Rather Fine Windwheel Aster: 100780,Cúc Cánh Quạt Chất Lượng Tốt: 100780,100780
Special Beverage: 100781,Đồ Uống Đặc Chế: 100781,100781
Special Beverage: 100782,Đồ Uống Đặc Chế: 100782,100782
Hex & Hound (IX): 100783,Mật Ngữ Của Khuyển IX: 100783,100783
Hex & Hound (X): 100784,Mật Ngữ Của Khuyển X: 100784,100784
Hex & Hound (XI): 100785,Mật Ngữ Của Khuyển XI: 100785,100785
String of Pearls (IV): 100786,Liên Tâm Châu (IV): 100786,100786
String of Pearls (V): 100787,Liên Tâm Châu (V): 100787,100787
Handy Handbook of Hilichurlian: 100788,Sổ Tay Tra Cứu Tiếng Hilichurl: 100788,100788
Bamboo Slip: 100789,Thẻ Trúc: 100789,100789
Bamboo Slip: 100790,Thẻ Trúc: 100790,100790
Bamboo Slip: 100791,Thẻ Trúc: 100791,100791
Bamboo Slip: 100792,Thẻ Trúc: 100792,100792
Bamboo Slip: 100793,Thẻ Trúc: 100793,100793
Bamboo Slip: 100794,Thẻ Trúc: 100794,100794
Bamboo Slip: 100795,Thẻ Trúc: 100795,100795
Bamboo Slip: 100796,Thẻ Trúc: 100796,100796
Bamboo Slip: 100797,Thẻ Trúc: 100797,100797
Fortune Slip: 100798,"""Thẻ Ngự Thần"": 100798",100798
Fortune Slip: 100799,"""Thẻ Ngự Thần"": 100799",100799
Fortune Slip: 100800,"""Thẻ Ngự Thần"": 100800",100800
Fortune Slip: 100801,"""Thẻ Ngự Thần"": 100801",100801
Fortune Slip: 100802,"""Thẻ Ngự Thần"": 100802",100802
Fortune Slip: 100803,"""Thẻ Ngự Thần"": 100803",100803
Fortune Slip: 100804,"""Thẻ Ngự Thần"": 100804",100804
Fortune Slip: 100805,"""Thẻ Ngự Thần"": 100805",100805
Fortune Slip: 100806,"""Thẻ Ngự Thần"": 100806",100806
Strange Fortune Slip: 100807,"""Thẻ Ngự Thần"" Kỳ Lạ: 100807",100807
Strange Fortune Slip: 100808,"""Thẻ Ngự Thần"" Kỳ Lạ: 100808",100808
Strange Fortune Slip: 100809,"""Thẻ Ngự Thần"" Kỳ Lạ: 100809",100809
Strange Fortune Slip: 100810,"""Thẻ Ngự Thần"" Kỳ Lạ: 100810",100810
Picture of Cape Oath: 100811,Ảnh chụp phong cảnh Đỉnh Lời Thề: 100811,100811
Picture of Starsnatch Cliff: 100812,Ảnh chụp phong cảnh Vực Hái Sao: 100812,100812
Picture of Windrise: 100813,Ảnh chụp phong cảnh Phong Khởi Địa: 100813,100813
Cyrus' Letter to Iris: 100814,Lá thư Cyrus viết cho Iris: 100814,100814
Picture of Dragonspine: 100815,Ảnh chụp phong cảnh Tuyết Sơn: 100815,100815
The Crux Clash Champion Medal: 100816,"Huy Chương Vô Địch ""Hội Đấu Võ Nam Thập Tự"": 100816",100816
Well-Packaged Gebratenes Fleisch mit Sauerkraut: 100817,"""Thịt Rang Dưa Muối"" Đóng Gói: 100817",100817
Tea Break Pancake Cooked by Lily: 100818,Bánh Xốp chính tay Lily nướng: 100818,100818
Mysterious Mechanical Part: 100819,Linh Kiện Cơ Quan Thần Bí: 100819,100819
Pale Yellow Crystal: 100820,Pha Lê Màu Vàng Nhạt: 100820,100820
Pale Red Crystal: 100821,Pha Lê Đỏ Nhạt: 100821,100821
Pale Blue Crystal: 100822,Pha Lê Màu Lam Nhạt: 100822,100822
Pale Yellow Scale: 100823,Vảy Cá Màu Vàng Nhạt: 100823,100823
Pale Blue Scale: 100824,Vảy Cá Màu Lam Nhạt: 100824,100824
Pale Red Scale: 100825,Vảy Cá Màu Đỏ Nhạt: 100825,100825
Cat Food: 100826,Thức Ăn Cho Mèo: 100826,100826
Cat Toy: 100827,Đồ Chơi Cho Mèo: 100827,100827
Fresh Fish Scales: 100828,Vảy Cá Tươi: 100828,100828
Some Strange... Drink?: 100829,Thức Uống...Kỳ Lạ?: 100829,100829
Purse by the Dried-Up Well: 100830,Túi tiền tìm thấy bên cạnh giếng khô: 100830,100830
Archaic Stone: 100831,Lão Thạch: 100831,100831
Slightly Damaged Wooden Plank: 100832,Ván Gỗ Cũ Nát: 100832,100832
Somewhat Rotten Wooden Plank: 100833,Ván Gỗ Mục: 100833,100833
[CHS] - (test)雷樱大祓要略: 100834,[CHS] - (test)雷樱大祓要略: 100834,100834
Smaragdus Jadeite: 100835,Thúy Ngọc Nham: 100835,100835
Smaragdus Nephrite Fragment: 100836,Mảnh Thúy Hàm Nham: 100836,100836
The Jade Mystery's Affidavit: 100837,"Giấy Chứng Nhận Từ ""Giải Thuý Hàng"": 100837",100837
Ministry of Civil Affairs' Affidavit: 100838,Hồ Sơ Tổng Vụ: 100838,100838
Bubu Pharmacy's Affidavit: 100839,Băng Chứng Của Nhà Thuốc Bubu: 100839,100839
Fresh Slime Condensate: 100840,Dịch Slime Tươi Ngon: 100840,100840
Minacious Isle Mural: 100841,Bích Họa Đảo Nguy Nan: 100841,100841
Broken Isle Mural: 100842,Bích Họa Đảo Vỡ Vụn: 100842,100842
Nameless Island Mural: 100843,Bích Họa Đảo Không Tên: 100843,100843
Twinning Isle Mural: 100844,Bích Họa Đảo Song Sinh: 100844,100844
Illegible Notes: 100845,Ghi Chép Đã Phai: 100845,100845
Fresh Fish: 100846,Thịt Cá Tươi Ngon: 100846,100846
[CHS] - (test)残破的笔记上: 100847,[CHS] - (test)残破的笔记上: 100847,100847
[CHS] - (test)残破的笔记下: 100848,[CHS] - (test)残破的笔记下: 100848,100848
Ragged List of Goods: 100849,Danh Sách Hàng Hóa Bị Hỏng: 100849,100849
Cargo Bag Fished Out From Water: 100850,Túi Hàng Tìm Thấy Trong Nước: 100850,100850
Nameless Islet Mural: 100851,Bích Họa Đảo Vô Danh: 100851,100851
Clear Image: 100852,Hình Ảnh Rõ Ràng: 100852,100852
Somewhat Clear Image: 100853,Hình Ảnh Cũng Xem Như Rõ Ràng: 100853,100853
Rather Foggy Image: 100854,Hình Ảnh Hơi Mờ: 100854,100854
A Discarded Blade: 100855,Thanh Đao Bị Vứt Bỏ: 100855,100855
A Jug of Wine: 100856,Một Bình Rượu: 100856,100856
A Masterless Blade: 100857,Thanh Đao Vô Chủ: 100857,100857
Bag of Flower Seeds: 100858,Một Túi Hạt Giống Hoa: 100858,100858
Mysterious Conch: 100859,Ốc Biển Kỳ Lạ: 100859,100859
[CHS] - （test）寻人启事: 100860,[CHS] - （test）寻人启事: 100860,100860
The Sage Aetolia Will Die Tomorrow: 100861,Hiền Giả Aetolia Sẽ Mất Vào Ngày Mai: 100861,100861
The Honest Cat's Little Lie: 100862,Lời Nói Dối Của Mèo Thành Thật: 100862,100862
Literature Club: 100863,Hội Văn Học: 100863,100863
Rust-Worn Key: 100864,Chìa Khóa Gỉ Sét: 100864,100864
Mask of Memories: 100865,Mặt Nạ Đầy Ký Ức: 100865,100865
The Violet Oni's Blade: 100866,"Thanh Đao ""Tử Quỷ"": 100866",100866
The Crimson Oni's Blade: 100867,"Thanh Đao ""Xích Quỷ"": 100867",100867
Fortune Slip: 100868,"""Thẻ Ngự Thần"": 100868",100868
Fortune Slip: 100869,"""Thẻ Ngự Thần"": 100869",100869
Fortune Slip: 100870,"""Thẻ Ngự Thần"": 100870",100870
Fortune Slip: 100871,"""Thẻ Ngự Thần"": 100871",100871
Fortune Slip: 100872,"""Thẻ Ngự Thần"": 100872",100872
Fortune Slip: 100873,"""Thẻ Ngự Thần"": 100873",100873
Fortune Slip: 100874,"""Thẻ Ngự Thần"": 100874",100874
Chang the Ninth's Gift: 100875,Quà Cho Thường Cửu Gia: 100875,100875
Zhenyu's Gift: 100876,Quà Cho Zhenyu: 100876,100876
Cage Key: 100880,Chìa Khóa Nhà Giam: 100880,100880
Metal Key: 100881,Chìa Khoá Kim Loại: 100881,100881
Atsuko's Letter: 100882,Thư Nhà Của Atsuko: 100882,100882
Illegible Fortune Slip: 100883,Thẻ Phai Mờ: 100883,100883
Damaged Note: 100884,Mẫu Giấy Vụn: 100884,100884
Luxurious Silk Cloth: 100885,Tơ Lụa Hoa Lệ: 100885,100885
Special Recipe: 100886,Công Thức Đặc Biệt: 100886,100886
[CHS] - （test）打包好的烤蘑菇披萨: 100887,[CHS] - （test）打包好的烤蘑菇披萨: 100887,100887
[CHS] - （test）华丽的着物: 100888,[CHS] - （test）华丽的着物: 100888,100888
Chef Mao's Special Jueyun Chili Chicken: 100889,Gà Cay Nồng Đặc Biệt: 100889,100889
Xiangling's Handwritten Notes: 100890,Sổ Tay Của Xiangling: 100890,100890
Yellowed Letter: 100891,Phong Thư Ngả Vàng: 100891,100891
Vahid's Kneaded Onigiri: 100892,Cơm Nắm Vahid: 100892,100892
Naganohara Fireworks Note: 100893,"Mẫu Giấy Của ""Tiệm Pháo Hoa Naganohara"": 100893",100893
Spirit Pearl: 100894,Ngự Linh Châu: 100894,100894
Key of the Moon-Bathed Deep: 100895,Chìa Khóa Vực Tắm Trăng: 100895,100895
Strange Bottle: 100896,Bình Nước Kỳ Lạ: 100896,100896
"Water Welling With ""Wishes"": 100897",Nước Ước Nguyện: 100897,100897
Spiritherb Water: 100898,Nước Cần Cho Linh Thảo: 100898,100898
Rinzou's Letter: 100899,Thư Của Rinzou: 100899,100899
Rinzou's Signet: 100900,Phù Hiệu Của Rinzou: 100900,100900
Hidden Ledger: 100901,Sổ Sách Nặc Danh: 100901,100901
Komore Teahouse Invitation Letter: 100902,"Thư Mời Của ""Phòng Trà Komore"": 100902",100902
A Love Letter(?): 100903,Như Là Bức Thư Tình: 100903,100903
Cooked Meat: 100904,Thịt Nấu Chín: 100904,100904
"""The Seventh Samurai"" Script: 100905","Kịch Bản ""Vị Samurai Thứ 7"": 100905",100905
[CHS] - (test)带信封的信: 100906,[CHS] - (test)带信封的信: 100906,100906
A Note Left by Someone: 100907,Mẫu Giấy Của Ai Đó: 100907,100907
Bamboo Slip: 100908,Thẻ Trúc: 100908,100908
Bamboo Slip: 100909,Thẻ Trúc: 100909,100909
Bamboo Slip: 100910,Thẻ Trúc: 100910,100910
Bamboo Slip: 100911,Thẻ Trúc: 100911,100911
Bamboo Slip: 100912,Thẻ Trúc: 100912,100912
Bamboo Slip: 100913,Thẻ Trúc: 100913,100913
Bamboo Slip: 100914,Thẻ Trúc: 100914,100914
[CHS] - (test)破破烂烂的纸片: 100915,[CHS] - (test)破破烂烂的纸片: 100915,100915
Lightly-Perfumed Letter: 100916,Thư Mang Mùi Thơm: 100916,100916
Travel Permit: 100917,Giấy Thông Hành: 100917,100917
Kujou Kamaji's Letter: 100918,Thư Của Kujou Kamaji: 100918,100918
Snack Box: 100919,Hộp Điểm Tâm: 100919,100919
Dull Golden Bridle: 100920,Dây Cương Ảm Đạm: 100920,100920
Golden Bridle: 100921,Dây Cương: 100921,100921
Reins of Revival Fragment (The Narrows): 100922,Mảnh Dây Cương Hồi Sinh Lối Mòn Khe Núi: 100922,100922
Reins of Revival Fragment (Temple): 100923,Mảnh Dây Cương Hồi Sinh Trước Đền: 100923,100923
Reins of Revival Fragment (Serpent's Heart): 100924,Mảnh Dây Cương Hồi Sinh Trái Tim Mãng Xà: 100924,100924
Reins of Revival: 100925,Dây Cương Hồi Sinh: 100925,100925
Offerings of The Narrows: 100926,Cống Phẩm Trong Lối Mòn Khe Núi: 100926,100926
Offerings of the Temple: 100927,Cống Phẩm Trước Đền: 100927,100927
Offerings of the Serpent's Heart: 100928,Cống Phẩm Trái Tim Mãng Xà: 100928,100928
The Serpent and Drakes of Tokoyokoku: 100929,Truyền Thuyết Long Xà Của Vương Quốc Tokoyo: 100929,100929
Bathysmal Vishap Experimental Records: 100930,Ghi Chép Thí Nghiệm Rồng Biển Sâu: 100930,100930
Before Sun and Moon: 100931,Nhật Nguyệt Tiền Truyện: 100931,100931
Hydrological Studies in Byakuyakoku: 100932,Địa Lý Thủy Văn Học Vương Quốc Đêm Trắng: 100932,100932
"In the Light, Beneath the Shadow: 100933","Trong Ánh Sáng, Dưới Bóng Tối: 100933",100933
Key Sigil: 100934,Ấn Khóa: 100934,100934
Key Sigil: 100935,Ấn Khóa: 100935,100935
Key Sigil: 100936,Ấn Khóa: 100936,100936
Key Sigil: 100937,Ấn Khóa: 100937,100937
Key Sigil: 100938,Ấn Khóa: 100938,100938
Bloodbranch Coral: 100939,San Hô Máu: 100939,100939
Divine Bridle: 100940,Dây Cương Thánh Thần: 100940,100940
Date's Medal of Recognition: 100941,Chứng Nhận Của Date: 100941,100941
Date's Medal of Recognition: 100942,Chứng Nhận Của Date: 100942,100942
Secret Room Key: 100943,Chìa Khóa Mật Thất: 100943,100943
Waters of Lethe: 100944,Nước Vong Xuyên: 100944,100944
Dragonbone Orb: 100945,Ngọc Long Cốt: 100945,100945
Key to Some Place: 100946,Chìa Khóa Đến Một Nơi Nào Đó: 100946,100946
Key to Some Place: 100947,Chìa Khóa Đến Một Nơi Nào Đó: 100947,100947
Key to Some Place: 100948,Chìa Khóa Đến Một Nơi Nào Đó: 100948,100948
Sun-Dried Sweet Flower: 100949,Hoa Ngọt Phơi Khô: 100949,100949
Peculiar Pinion: 100950,Chiếc Lông Kỳ Lạ: 100950,100950
Maushiro: 100951,Maushiro: 100951,100951
Maushiro: 100952,Maushiro: 100952,100952
[CHS] - （test）雷鸟破损羽毛: 100953,[CHS] - （test）雷鸟破损羽毛: 100953,100953
[CHS] - （test）雷鸟羽毛小道具: 100954,[CHS] - （test）雷鸟羽毛小道具: 100954,100954
An Onikabuto Affected by Tatarigami: 100955,Onikabuto Bị Ảnh Hưởng Bởi Họa Thần: 100955,100955
Missing Component(s): 100956,Linh Kiện Thất Lạc: 100956,100956
Funerary Mask: 100957,Mặt Nạ Chết Chóc: 100957,100957
Musoujin Gorge: 100958,Hẻm Núi Musoujin - Ngọc Khảm Trụ: 100958,100958
Musoujin Gorge: 100959,Hẻm Núi Musoujin - Trấn Thạch: 100959,100959
Serpent's Head: 100960,Đầu Thần Rắn - Ngọc Khảm Trụ: 100960,100960
Serpent's Head: 100961,Đầu Thần Rắn - Trấn Thạch: 100961,100961
Jakotsu Mine: 100962,Hầm Mỏ Jakotsu - Ngọc Khảm Trụ: 100962,100962
Jakotsu Mine: 100963,Hầm Mỏ Jakotsu - Trấn Thạch: 100963,100963
Fort Mumei: 100964,Đồn Mumei - Ngọc Khảm Trụ: 100964,100964
Fort Mumei: 100965,Đồn Mumei - Trấn Thạch: 100965,100965
Naku Weed Seed: 100966,Hạt Giống Cỏ Naku: 100966,100966
High-Quality Chilled Meat: 100967,Thịt Tươi Lạnh Hảo Hạng: 100967,100967
Piping-Hot Braised Meat: 100968,Thịt Rừng Kho Tàu Nóng Hổi: 100968,100968
Family Letter: 100969,Một Bức Thư Nhà: 100969,100969
Tattered Letter: 100970,Giấy Viết Thư Rách Nát: 100970,100970
Pharmacist's Notebook (I): 100971,Nhật Ký Dược Sư I: 100971,100971
Pharmacist's Notebook (II): 100972,Nhật Ký Dược Sư II: 100972,100972
Pharmacist's Notebook (III): 100973,Nhật Ký Dược Sư III: 100973,100973
Unsealed Letter: 100974,Bức Thư Mở: 100974,100974
Inaba Tousaburou Kyuuzou's Final Words: 100975,Tuyệt Bút Inaba Tousaburou Kyuuzou: 100975,100975
Star-Shaped Gem: 100976,Châu Báu Ánh Sao: 100976,100976
Stone Slate: 100977,Phiến Đá: 100977,100977
Kamuijima Cannon Map: 100978,Bản Đồ Pháo Kamuijima: 100978,100978
Secret Notes: 100979,Nhật Ký Bí Mật: 100979,100979
High-Quality Rice: 100980,Lúa Nước Hảo Hạng: 100980,100980
Fragrant Rice Pudding: 100981,Pudding Gạo Thơm Lừng: 100981,100981
Anemo Slime-Swallowed Bamboo Shoots: 100982,Măng Từng Bị Slime Phong Nuốt: 100982,100982
Piping-Hot Oncidium Tofu: 100983,Đậu Hũ Tâm Ý Nóng Hổi: 100983,100983
Fossil Bag: 100984,Túi Đựng Hóa Thạch: 100984,100984
"""Treasury"" Key: 100985","Chìa Khóa ""Bảo Khố"": 100985",100985
Incomplete Notes: 100986,Nhật Ký Không Nguyên Vẹn: 100986,100986
Tattered Paper: 100987,Mẩu Giấy Rách: 100987,100987
Picture Commemorating Seirai Island: 100988,Bức Tranh Đảo Seirai: 100988,100988
Picture Commemorating Seirai Island (II): 100989,Bức Tranh Đảo Seirai II: 100989,100989
Picture Commemorating Seirai Island (III): 100990,Bức Tranh Đảo Seirai III: 100990,100990
Picture Commemorating Seirai Island (IV): 100991,Bức Tranh Đảo Seirai IV: 100991,100991
Fujiwara Toshiko's Treasure Map: 100992,Bản Đồ Của Fujiwara Toshiko: 100992,100992
A Bag of Beans: 100993,Một Túi Đậu: 100993,100993
[CHS] - （test）弱小的鬼兜虫: 100994,[CHS] - （test）弱小的鬼兜虫: 100994,100994
Right-Side Photo: 100995,Ảnh Chụp Bên Phải: 100995,100995
Left-Side Photo: 100996,Ảnh Chụp Bên Trái: 100996,100996
Inferior Starsilver: 100997,Quặng Tinh Ngân Chất Lượng Thấp: 100997,100997
Quality Starsilver: 100998,Quặng Tinh Ngân Chất Lượng Tốt: 100998,100998
Key: 100999,Chìa Khóa: 100999,100999
Box of Clothes: 101000,Hộp Trang Phục: 101000,101000
Iron Chunk: 101001,Mảnh Sắt: 101001,101001
White Iron Chunk: 101002,Mảnh Sắt Trắng: 101002,101002
Crystal Chunk: 101003,Mảnh Pha Lê: 101003,101003
Magical Crystal Chunk: 101004,Mảnh Ma Tinh: 101004,101004
Scarlet Quartz: 101005,Thạch Anh Đỏ: 101005,101005
Starsilver: 101006,Quặng Tinh Ngân: 101006,101006
Scarlet Quartz: 101007,Thạch Anh Đỏ: 101007,101007
Amethyst Lump: 101008,Miếng Tử Tinh: 101008,101008
Northlander Sword Billet: 101101,Phôi Kiếm Đơn Bắc Lục: 101101,101101
Northlander Bow Billet: 101102,Phôi Cung Bắc Lục: 101102,101102
Northlander Claymore Billet: 101103,Phôi Trọng Kiếm Bắc Lục: 101103,101103
Northlander Catalyst Billet: 101104,Phôi Pháp Khí Bắc Lục: 101104,101104
Northlander Polearm Billet: 101105,Phôi Vũ Khí Cán Dài Bắc Lục: 101105,101105
Northlander Sword: 101106,Kiếm Đơn Bắc Lục: 101106,101106
Northlander Bow: 101107,Cung Bắc Lục: 101107,101107
Northlander Claymore: 101108,Trọng Kiếm Bắc Lục: 101108,101108
Northlander Catalyst: 101109,Pháp Khí Bắc Lục: 101109,101109
Northlander Polearm: 101110,Vũ Khí Cán Dài Bắc Lục: 101110,101110
Midlander Sword Billet: 101111,Phôi Kiếm Đơn Trung Địa: 101111,101111
Midlander Bow Billet: 101112,Phôi Cung Trung Địa: 101112,101112
Midlander Claymore Billet: 101113,Phôi Trọng Kiếm Trung Địa: 101113,101113
Midlander Catalyst Billet: 101114,Phôi Pháp Khí Trung Địa: 101114,101114
Midlander Polearm Billet: 101115,Phôi Vũ Khí Cán Dài Trung Địa: 101115,101115
Onikabuto: 101201,Onikabuto: 101201,101201
Sakura Bloom: 101202,Tú Cầu Anh Đào: 101202,101202
Crystal Marrow: 101203,Tủy Pha Lê: 101203,101203
Dendrobium: 101204,Hoa Lan Máu: 101204,101204
Naku Weed: 101205,Cỏ Naku: 101205,101205
Sea Ganoderma: 101206,Hải Linh Chi: 101206,101206
Sango Pearl: 101207,Trân Châu San Hô: 101207,101207
Amakumo Fruit: 101208,Quả Amakumo: 101208,101208
Fluorescent Fungus: 101209,Nấm U Ám: 101209,101209
Seagrass: 101210,Rong Biển: 101210,101210
Lavender Melon: 101211,Dưa Tím: 101211,101211
Starshroom: 101212,Nấm Sao: 101212,101212
Rukkhashava Mushrooms: 101213,Nấm Thánh Rukkhashava: 101213,101213
Padisarah: 101214,Padisarah: 101214,101214
Sen Nilotpala: 101215,Sen Nilotpala: 101215,101215
Harra Fruit: 101216,Quả Harra: 101216,101216
Sen Kalpalata: 101217,Sen Kalpalata: 101217,101217
Zaytun Peach: 101218,Đào Zaytun: 101218,101218
Sumeru Rose: 101219,Tường Vi Sumeru: 101219,101219
Henna Berry: 101220,Quả Xích Niệm: 101220,101220
Ajilenakh Nut: 101221,Quả Ajilenakh: 101221,101221
Sand Grease Pupa: 101222,Nhộng Cát: 101222,101222
Scarab: 101225,Bọ Thánh Kim: 101225,101225
Activated Starshroom: 101226,Nấm Sao Bung Nở: 101226,101226
Scorched Starshroom: 101227,Nấm Sao Cháy Khô: 101227,101227
Viparyas: 101228,Viparyas: 101228,101228
Birch Wood: 101301,Gỗ Hoa: 101301,101301
Cuihua Wood: 101302,Gỗ Tụy Hoa: 101302,101302
Pine Wood: 101303,Gỗ Thông: 101303,101303
Sandbearer Wood: 101304,Gỗ Khước Sa: 101304,101304
Bamboo Segment: 101305,Đốt Trúc: 101305,101305
[CHS] - （test）能量木材: 101306,[CHS] - （test）能量木材: 101306,101306
Fragrant Cedar Wood: 101307,Gỗ Thùy Hương: 101307,101307
Fir Wood: 101308,Gỗ Sam: 101308,101308
Yumemiru Wood: 101309,Gỗ Mơ Mộng: 101309,101309
Maple Wood: 101310,Gỗ Phong: 101310,101310
Aralia Wood: 101311,Gỗ Khổng Tước: 101311,101311
Otogi Wood: 101312,Gỗ Otogi: 101312,101312
Brightwood: 101313,Gỗ Sáng: 101313,101313
Karmaphala Wood: 101314,Gỗ Karmaphala: 101314,101314
Adhigama Wood: 101315,Gỗ Adhigama: 101315,101315
Mountain Date Wood: 101316,Gỗ Chà Là: 101316,101316
Athel Wood: 101317,Gỗ Sanh: 101317,101317
Fabric: 101401,Vải Vóc: 101401,101401
Red Dye: 101402,Thuốc Nhuộm Đỏ: 101402,101402
Yellow Dye: 101403,Thuốc Nhuộm Vàng: 101403,101403
Blue Dye: 101404,Thuốc Nhuộm Lam: 101404,101404
Torn Page: 101501,"Mảnh ""Câu Chuyện Hẻm Ibis - Mở Đầu"": 101501",101501
Torn Page: 101502,"Mảnh ""Câu Chuyện Hẻm Ibis 1"": 101502",101502
Torn Page: 101503,"Mảnh ""Câu Chuyện Hẻm Ibis 2"": 101503",101503
Torn Page: 101504,"Mảnh ""Câu Chuyện Hẻm Ibis 3"": 101504",101504
Torn Page: 101505,"Mảnh ""Câu Chuyện Hẻm Ibis 4"": 101505",101505
Torn Page: 101506,"Mảnh ""Câu Chuyện Hẻm Ibis 5"": 101506",101506
Toki Alley Tales (Prologue): 101507,Câu Chuyện Hẻm Ibis - Mở Đầu: 101507,101507
Toki Alley Tales (I): 101508,Câu Chuyện Hẻm Ibis 1: 101508,101508
Toki Alley Tales (II): 101509,Câu Chuyện Hẻm Ibis 2: 101509,101509
Toki Alley Tales (III): 101510,Câu Chuyện Hẻm Ibis 3: 101510,101510
Toki Alley Tales (IV): 101511,Câu Chuyện Hẻm Ibis 4: 101511,101511
Toki Alley Tales (V): 101512,Câu Chuyện Hẻm Ibis 5: 101512,101512
Pass Permit: 101513,Giấy Chứng Nhận Thông Hành: 101513,101513
Dango Milk: 101514,Sữa Dango: 101514,101514
Realm Dispatch: 101515,Giấy Phép Động Tiên: 101515,101515
[CHS] - （test）暂借的留影机: 101516,(test) Máy Ảnh Mượn Tạm: 101516,101516
Special Sakura Bloom: 101517,Tú Cầu Anh Đào Đặc Biệt: 101517,101517
Thunder Sakura Crab: 101518,Cua Lôi Anh Đào: 101518,101518
Fresh Seagrass: 101519,Rong Biển Tươi: 101519,101519
Fresh Sakura Bloom: 101520,Tú Cầu Anh Đào Tươi: 101520,101520
Fresh Snapdragon: 101521,Cỏ Kim Ngư Tươi: 101521,101521
Fresh Bird Egg: 101522,Trứng Chim Tươi: 101522,101522
New Chronicles of the Six Kitsune: 101523,Tân Lục Hồ Truyện - Mở Đầu: 101523,101523
New Chronicles of the Six Kitsune (I): 101524,Tân Lục Hồ Truyện I: 101524,101524
New Chronicles of the Six Kitsune (II): 101525,Tân Lục Hồ Truyện II: 101525,101525
New Chronicles of the Six Kitsune (III): 101526,Tân Lục Hồ Truyện III: 101526,101526
New Chronicles of the Six Kitsune (IV): 101527,Tân Lục Hồ Truyện IV: 101527,101527
Sangonomiya Chronicles: 101528,Ký Sự Sangonomiya: 101528,101528
The Saga of Hamavaran (Preface): 101529,Chiến Ký Hamavaran - Lời Mở Đầu: 101529,101529
The Saga of Hamavaran (I): 101530,Chiến Ký Hamavaran I: 101530,101530
The Saga of Hamavaran (II): 101531,Chiến Ký Hamavaran II: 101531,101531
A Legend of Sword (I): 101532,Trầm Thu Thập Kiếm Lục I: 101532,101532
A Legend of Sword (II): 101533,Trầm Thu Thập Kiếm Lục II: 101533,101533
A Legend of Sword (III): 101534,Trầm Thu Thập Kiếm Lục III: 101534,101534
A Legend of Sword (IV): 101535,Trầm Thu Thập Kiếm Lục IV: 101535,101535
A Legend of Sword (V): 101536,Trầm Thu Thập Kiếm Lục V: 101536,101536
Sacred Sakura Cleansing Summary: 101537,Yếu Lược Tế Lễ Thần Anh Đào: 101537,101537
Fresh Mushroom: 101538,Nấm Rơm Tươi: 101538,101538
Crab Bait: 101539,Mồi Nhử Cua: 101539,101539
Someone's Diary V: 101540,Nhật ký của ai 5 - Đảo Jinren: 101540,101540
Diary of Roald the Adventurer: 101541,Nhật Ký Nhà Mạo Hiểm Roald - Ritou: 101541,101541
Grand Narukami Shrine Omamori: 101542,Bùa Hộ Mệnh Đền Narukami: 101542,101542
Official Tenryou Commission Document: 101543,Công Văn Hiệp Hội Tenryou: 101543,101543
Tenryou Commission Secret Letter: 101544,Mật Thư Của Hiệp Hội Tenryou: 101544,101544
Supersized Firework: 101545,Pháo Hoa Khổng Lồ: 101545,101545
Special Magical Crystal Ore: 101546,Mỏ Ma Tinh Đặc Biệt: 101546,101546
Ore Slag: 101547,Xỉ Khoáng: 101547,101547
Princess Mina of the Fallen Nation (I): 101548,Mina - Vong Quốc Công Chúa I: 101548,101548
Princess Mina of the Fallen Nation (II): 101549,Mina - Vong Quốc Công Chúa II: 101549,101549
Princess Mina of the Fallen Nation (III): 101550,Mina - Vong Quốc Công Chúa III: 101550,101550
Princess Mina of the Fallen Nation (IV): 101551,Mina - Vong Quốc Công Chúa IV: 101551,101551
Princess Mina of the Fallen Nation (V): 101552,Mina - Vong Quốc Công Chúa V: 101552,101552
Princess Mina of the Fallen Nation (VI): 101553,Mina - Vong Quốc Công Chúa VI: 101553,101553
Flowers for Princess Fischl (0): 101554,Cổ Tích Về Công Chúa Fischl-Ngoại Truyện: 101554,101554
[N/A] 3374608748: 101555,[N/A] 3374608748: 101555,101555
[N/A] 2030365732: 101556,[N/A] 2030365732: 101556,101556
[N/A] 683330092: 101557,[N/A] 683330092: 101557,101557
Teyvat Travel Guide - Inazuma: 101558,Hướng Dẫn Du Ngoạn Teyvat - Chương Inazuma: 101558,101558
Drifting Bottle With Letter: 101559,Bình Trôi Đựng Thư: 101559,101559
Onibudou: 101560,Quỷ Võ Đạo: 101560,101560
Grand Narukami Shrine Omamori: 101561,Bùa Hộ Mệnh Đền Narukami: 101561,101561
Lucky Omamori: 101570,Bùa May Mắn: 101570,101570
Box of Nails: 101571,Hộp Đinh: 101571,101571
Planks: 101572,Ván Gỗ: 101572,101572
Rope: 101573,Dây Thừng: 101573,101573
[CHS] - （test）奶奶的花: 101574,[CHS] - （test）奶奶的花: 101574,101574
Kito's Sachet: 101575,Túi Thơm Của Kito: 101575,101575
Treasure Map Fragment: 101576,"Mảnh ""Bản Đồ Kho Báu"": 101576",101576
Treasure Map Fragment: 101577,"Mảnh ""Bản Đồ Kho Báu"": 101577",101577
Treasure Map Fragment: 101578,"Mảnh ""Bản Đồ Kho Báu"": 101578",101578
Treasure Map Fragment: 101579,"Mảnh ""Bản Đồ Kho Báu"": 101579",101579
A Treasure Map Left for Shitoki: 101580,Bản Đồ Kho Báu để lại cho Shitoki: 101580,101580
Makiri's Charm: 101581,Bùa Hộ Mệnh Của Makiri: 101581,101581
General Purpose Directional Conduction Component: 101582,Linh Kiện Dẫn Hướng Thông Dụng: 101582,101582
Rust-Worn Key: 101583,Chìa Khóa Gỉ Sét: 101583,101583
Heavy Key: 101584,Chìa Khóa Nặng Nề: 101584,101584
Intact Key: 101585,Chìa Khóa Hoàn Chỉnh: 101585,101585
Sumida's Letter: 101586,Thư của Sumida: 101586,101586
New Firework Model: 101587,Pháo Hoa Mới: 101587,101587
New Chronicles of the Six Kitsune (V): 101588,Tân Lục Hồ Truyện V: 101588,101588
Northland Bank Check: 101589,Ngân Phiếu Ngân Hàng Bắc Quốc: 101589,101589
Scrawled Treasure Map: 101590,Bản Đồ Kho Báu Cẩu Thả: 101590,101590
Kiminami Anna's Invigorating Kitty Meal: 101591,"""Cơm Mèo Năng Động"" của Kiminami Anna: 101591",101591
Autake Slate: 101592,Đá Autake: 101592,101592
General Purpose Directional Conduction Component: 101593,Linh Kiện Dẫn Hướng Thông Dụng: 101593,101593
General Purpose Directional Conduction Component: 101594,Linh Kiện Dẫn Hướng Thông Dụng: 101594,101594
General Purpose Directional Conduction Component: 101595,Linh Kiện Dẫn Hướng Thông Dụng: 101595,101595
A Preliminary Study of Sangonomiya Folk Belief: 101596,Nghiên Cứu Tín Ngưỡng Dân Gian Sangonomiya: 101596,101596
The Life of Mouun the Shrine Maiden: 101597,Chuyện Về Pháp Sư Mouun: 101597,101597
"Debates on the ""Viceroy of the East"": 101598","Biên Sử ""Đông Vương"": 101598",101598
Treasured Tales of the Chouken Shinkageuchi (I): 101599,Giả Thuyết Kỳ Lạ Về Chouken Shinkageuchi I: 101599,101599
Mysterious Stone: 101600,Tảng Đá Thần Bí: 101600,101600
Diary of Roald the Adventurer: 101601,Nhật Ký Nhà Mạo Hiểm Roald - Đảo Tsurumi: 101601,101601
Fresh Meat: 101602,Thịt Gia Cầm Tươi: 101602,101602
Fresh Fish: 101603,Thịt Cá Tươi Ngon: 101603,101603
Bag of Retrieved Items: 101604,Túi Đồ Thu Hồi: 101604,101604
Repaired Comb: 101605,Chiếc Lược Đã Sửa: 101605,101605
Mysterious Flyer: 101606,Truyền Đơn Huyền Bí: 101606,101606
Rigorous Schedule: 101607,Thời Gian Biểu Dày Đặc: 101607,101607
Simple Schedule: 101608,Thời Gian Biểu Đơn Giản: 101608,101608
Starsplinter Iron: 101609,Quặng Sắt Sao Vỡ: 101609,101609
Subrosium: 101610,Bí Hoa Thạch: 101610,101610
Wonder Core: 101611,Lõi Thần Kỳ: 101611,101611
Adepti Sigil: 101612,Bùa Chú Tiên Gia: 101612,101612
Records of a Changing Village: 101613,Ghi Chép Của Thôn Làng: 101613,101613
Ragged Notebook: 101614,Nhật Ký Rách Nát: 101614,101614
Mountainous Miscellany: 101615,Chuyện Về Sơn Thạch: 101615,101615
Neatly-Written Note: 101616,Thư Tay Nắn Nót: 101616,101616
Little Meng's Drifting Bottle: 101617,Bình Trôi Của A Meng: 101617,101617
Lumenstone: 101618,Lưu Minh Thạch: 101618,101618
Muning's Note: 101619,Mảnh Giấy Của Muning: 101619,101619
Treasure Map Fragment: 101620,Mảnh Bản Đồ Kho Báu: 101620,101620
Treasure Hoarders' Treasure Map: 101621,Bản Đồ Kho Báu Đạo Bảo Đoàn: 101621,101621
Storehouse Security Key No. 1: 101622,Chìa Khóa An Toàn Nhà Kho 1: 101622,101622
Storehouse Security Key No. 2: 101623,Chìa Khóa An Toàn Nhà Kho 2: 101623,101623
A Set of Cannonballs: 101624,Một Bộ Đạn Pháo: 101624,101624
Special Unmoving Essential Oil: 101625,Tinh Dầu Bàn Thạch Đặc Biệt: 101625,101625
Key to a Stony Hall: 101626,Chìa Khóa Căn Phòng Đá: 101626,101626
Photo of a Strange Rock: 101627,Ảnh Nham Thạch Kỳ Lạ: 101627,101627
Akademiya Recommendation Letter: 101628,Thư Tiến Cử Của Giáo Viện: 101628,101628
Orb of the Blue Depths: 101629,Ngọc Xanh Vực Sâu: 101629,101629
Metal Key: 101630,Chìa Khóa Sắt: 101630,101630
Miner's Key: 101631,Chìa Khóa Của Thợ Mỏ: 101631,101631
Blessings of Wisdom: 101632,"""Chúc Phúc Của Tài Năng Và Trí Tuệ"": 101632",101632
Mountainator Cannonball (Fuse Attached): 101633,Đạn Pháo Phá Núi Có Đầu Dẫn: 101633,101633
Toy Doll: 101634,Búp Bê Đồ Chơi: 101634,101634
Flower of Farsight: 101635,Hoa Trông Rộng: 101635,101635
Skyfeather: 101636,Lông Vũ Bay Cao: 101636,101636
Sundial of Ages: 101637,Đồng Hồ Thời Gian: 101637,101637
Cup of Commons: 101638,Ly Ăn Mừng: 101638,101638
Helm of Warding: 101639,Nón Phù Hộ: 101639,101639
Warrior's Spear: 101640,Thương Chiến Binh: 101640,101640
Brass Ring: 101641,Chiếc Nhẫn Đồng: 101641,101641
Archaic Stone: 101642,Lão Thạch: 101642,101642
Shriveled Seed: 101643,Hạt Giống Khô: 101643,101643
Lumenstone Ore: 101644,Quặng Lưu Minh: 101644,101644
Yue Chuan's Drifting Bottle: 101645,Bình Trôi Của Yue Chuan: 101645,101645
Hiraizumi's Goods: 101648,Hàng Hóa Của Hiraizumi: 101648,101648
Cell Key: 101649,Chìa Khóa Phòng Giam: 101649,101649
Freshly-Picked Calla Lily: 101650,Hoa Calla Lily Vừa Hái: 101650,101650
Freshly-Picked Small Lamp Grass: 101651,Tiểu Đăng Thảo Vừa Hái: 101651,101651
Freshly-Picked Cecilia: 101652,Hoa Cecilia Vừa Hái: 101652,101652
Ruin Machine Core: 101654,Lõi Cơ Quan Di Tích: 101654,101654
Date's Key: 101655,Chìa Khóa Của Date: 101655,101655
Pile of Lavender Melons: 101656,Đống Dưa Tím: 101656,101656
Fine Incense: 101657,Hương Cao Cấp: 101657,101657
[CHS] - (test)黑夜植物: 101658,[CHS] - (test)黑夜植物: 101658,101658
Curious Cube: 101659,Rubic Kỳ Lạ: 101659,101659
A Note Someone Stuffed You: 101660,Mẩu Giấy Bị Nhét Vào Người: 101660,101660
Special Bamboo Slip: 101661,"""Thẻ Trúc"" Đặc Biệt: 101661",101661
"""Final Instructions"": 101662","""Mệnh Lệnh Cuối Cùng"": 101662",101662
Bag of Clothes: 101663,Túi Đựng Trang Phục: 101663,101663
Special Fortune Slip: 101664,"""Thẻ Ngự Thần"" Đặc Biệt: 101664",101664
Strange Object: 101665,Vật Kỳ Lạ: 101665,101665
Bedrock Key Location Diagram: 101666,Bản Đồ Vị Trí Thạch Ấn: 101666,101666
Light Mora Purse: 101667,Túi Mora Nhẹ Tênh: 101667,101667
Full Mora Purse: 101668,Túi Mora Đầy Tràn: 101668,101668
Plump Fish: 101669,Thịt Cá Tươi: 101669,101669
Beautifully-Written Note: 101670,Lời Nhắn Với Nét Chữ Đẹp: 101670,101670
Yun Jin's Personal Letter: 101671,Thư Tay Của Yun Jin: 101671,101671
Lyudochka's Letter: 101672,Thư Của Lyudochka: 101672,101672
Lyudochka's Mora Purse: 101673,Túi Mora Của Lyudochka: 101673,101673
Fatui Code Sheet: 101674,"""Bảng Ám Ngữ Fatui"": 101674",101674
Light Purse: 101675,Túi Tiền Nhẹ Tênh: 101675,101675
Marjorie's Gift: 101676,Món Quà Của Marjorie: 101676,101676
Viktor's Gift: 101677,Món Quà Của Viktor: 101677,101677
Fresh Wolfhooks: 101678,Quả Móc Câu Tươi: 101678,101678
Lyudochka's Fortune Slip: 101679,Giấy Giải Quẻ Lyudochka: 101679,101679
The Serpent and Drakes of Tokoyokoku: 101680,Truyền Thuyết Long Xà Của Vương Quốc Tokoyo: 101680,101680
Before Sun and Moon: 101681,Nhật Nguyệt Tiền Truyện: 101681,101681
Hydrological Studies in Byakuyakoku: 101682,Địa Lý Thủy Văn Học Vương Quốc Đêm Trắng: 101682,101682
Bathysmal Vishap Experimental Records: 101683,Ghi Chép Thí Nghiệm Rồng Biển Sâu: 101683,101683
"In the Light, Beneath the Shadow: 101684","Trong Ánh Sáng, Dưới Bóng Tối: 101684",101684
The Miraculous Adventures of the Traveler: 101685,Chuyến Phiêu Lưu Kỳ Thú: 101685,101685
The Miraculous Adventures of the Traveler: 101686,Chuyến Phiêu Lưu Kỳ Thú: 101686,101686
The Miraculous Adventures of the Traveler: 101687,Chuyến Phiêu Lưu Kỳ Thú: 101687,101687
The Miraculous Adventures of the Traveler: 101688,Chuyến Phiêu Lưu Kỳ Thú: 101688,101688
[CHS] - （test）渊下宫水晶能量: 101689,[CHS] - （test）渊下宫水晶能量: 101689,101689
Muning's Note: 101690,Mảnh Giấy Của Muning: 101690,101690
Frostglaze Crystal: 101691,Lưu Ly Hàn Tinh: 101691,101691
Light Realm Sigil: 101692,Ấn Ánh Sáng: 101692,101692
Light Realm Core: 101693,Hạt Nhân Ánh Sáng: 101693,101693
Bloodied Sergeant's Insignia: 101694,Huy Hiệu Sĩ Quan Nhuốm Máu: 101694,101694
Corporal Nikolay's Diary: 101695,Ghi Chép Của Hạ Sĩ Nikolay: 101695,101695
Corporal Nikolay's Diary: 101696,Nhật Ký Của Hạ Sĩ Nikolay: 101696,101696
Mora Purse: 101697,Túi Tiền Mora: 101697,101697
A Firsthand Guide to Summoning Spirits: 101698,Ký Sự Gọi Hồn: 101698,101698
Dream Sakura: 101699,Anh Đào Mơ Mộng: 101699,101699
Aphotium Ore: 101700,Quặng Biển Sâu: 101700,101700
Tokoyo Legume: 101701,Nhánh Tokoyo: 101701,101701
Husk Gem: 101702,Bảo Thạch Rỗng: 101702,101702
Fragmented Accessory: 101703,Trang Sức Vỡ Nát: 101703,101703
Fragmented Accessory: 101704,Trang Sức Vỡ Nát: 101704,101704
Tsumi's Map: 101706,Bản Đồ Của Tsumi: 101706,101706
Hakuen Michimitsu Amenoma: 101707,Hakuen Michimitsu Amenoma: 101707,101707
Wooden Cage Key: 101708,Chìa Khóa Lồng Gỗ: 101708,101708
Damaged Stone Slate: 101709,Phiến Đá Vỡ: 101709,101709
Mysterious Stone Slate: 101710,Phiến Đá Thần Bí: 101710,101710
Yanbo's Note: 101711,Ghi Chú Của Yanbo: 101711,101711
Nikolay's Letter: 101712,Thư Của Nikolay: 101712,101712
[CHS] - （test）光能球: 101713,[CHS] - （test）光能球: 101713,101713
Fragrant Seasoning: 101714,Gia Vị Thơm Lừng: 101714,101714
Fragrant Vegetarian Abalone: 101715,Bào Ngư Chay Thơm Lừng: 101715,101715
The Almighty Arataki Great and Glorious Drumalong Festival!: 101716,Đại Hội Đánh Trống Arataki Long Trọng Bậc Nhất!: 101716,101716
Worksite Records: 101717,Sổ Tay Công Trường: 101717,101717
Fragrant Mint Salad: 101719,Rau Trộn Bạc Hà Thơm Lừng: 101719,101719
Fragrant Triple-Layered Consommé: 101720,Khấu Tam Tư Thơm Lừng: 101720,101720
Old Notes: 101721,Nhật Ký Cũ: 101721,101721
Old Notes: 101722,Nhật Ký Cũ: 101722,101722
Old Notes: 101723,Nhật Ký Cũ: 101723,101723
Zhiqiong's Letter: 101724,Thư Của Zhiqiong: 101724,101724
Arrival Schedule: 101725,Bảng Thời Gian Cập Bến: 101725,101725
Five Kasen Summary: 101726,Tóm Lược Ngũ Ca Tiên: 101726,101726
The Five Kasen's Splendor: 101727,Ngũ Ca Tiên Huy Hoàng - Suikou: 101727,101727
The Five Kasen's Splendor: 101728,Ngũ Ca Tiên Huy Hoàng - Aoi no Okina: 101728,101728
The Five Kasen's Splendor: 101729,Ngũ Ca Tiên Huy Hoàng - Akahito: 101729,101729
The Five Kasen's Splendor: 101730,Ngũ Ca Tiên Huy Hoàng - Sumizome: 101730,101730
The Five Kasen's Splendor: 101731,Ngũ Ca Tiên Huy Hoàng - Sumizome: 101731,101731
Ancient Forging Bluelogger.info: 101732,Bản Vẽ Rèn Đúc Cổ Xưa: 101732,101732
Kaedehara Yoshinori's Letter: 101733,Thư Của Kaedehara Yoshinori: 101733,101733
Taliesin's Manuscript: 101734,Bản Thảo Của Taliesin: 101734,101734
Old Notes: 101735,Nhật Ký Cũ: 101735,101735
Old Notes: 101736,Nhật Ký Cũ: 101736,101736
Fragrant Stir-Fried Shrimp: 101737,Tôm Nõn Xào Thơm Lừng: 101737,101737
Fragrant Golden Shrimp Balls: 101738,Tôm Viên Tơ Vàng Thơm Lừng: 101738,101738
Fragrant Qingce Stir Fry: 101739,Món Nhà Nông Khinh Sách Thơm Lừng: 101739,101739
Fragrant Black-Back Perch Stew: 101740,Cá Chép Đen Hấp Thơm Lừng: 101740,101740
Fragrant Stir-Fried Filet: 101741,Thịt Xào Ớt Tuyệt Vân Thơm Lừng: 101741,101741
Fragrant Grilled Tiger Fish: 101742,Cá Hổ Nướng Thơm Lừng: 101742,101742
Fragrant Crab Roe Tofu: 101743,Đậu Hũ Gạch Cua Thơm Lừng: 101743,101743
Fragrant Golden Crab: 101744,Cua Hoàng Kim Thơm Lừng: 101744,101744
Fragrant Jewelry Soup: 101745,Canh Trân Châu Phỉ Thúy Bạch Ngọc Thơm Lừng: 101745,101745
Fragrant Bamboo Shoot Soup: 101746,Măng Chua Tươi Thơm Lừng: 101746,101746
Fragrant Noodles with Mountain Delicacies: 101747,Mì Nóng Bát Bửu Thơm Lừng: 101747,101747
Fragrant Mora Meat: 101748,Thịt Mora Thơm Lừng: 101748,101748
Fragrant Stir-Fried Fish Noodles: 101749,Phở Xào Cá Thơm Lừng: 101749,101749
Fragrant Universal Peace: 101750,Thế Giới Hòa Bình Thơm Lừng: 101750,101750
Fragrant Rice Buns: 101751,Bánh Gạo Thơm Lừng: 101751,101751
Fragrant Almond Tofu: 101752,Đậu Hũ Hạnh Nhân Thơm Lừng: 101752,101752
Fragrant Lotus Flower Crisp: 101753,Bánh Hoa Sen Thơm Lừng: 101753,101753
Sayu's Salary: 101754,Túi Tiền Lương Của Sayu: 101754,101754
"Statue of Her Excellency, the Almighty Narukami Ogosho, God of Thunder: 101755",Tượng Đại Nhân Narukami Ogosho: 101755,101755
Kokomi's Shopping List: 101756,Danh Sách Mua Hàng Của Kokomi: 101756,101756
Toy Fox: 101757,Búp Bê Hồ Ly: 101757,101757
Salary Bag: 101758,"Túi Đựng ""Tiền Lương"": 101758",101758
Old Notes: 101759,Nhật Ký Cũ: 101759,101759
A Complete Chart of Ako's Treasure: 101760,Bản Đồ Kho Báu Bí Mật - Hoàn Chỉnh: 101760,101760
[CHS] - (test)方碑解谜笔记文本·其三: 101761,[CHS] - (test)方碑解谜笔记文本·其三: 101761,101761
[CHS] - (test)方碑解谜笔记文本·其四: 101762,[CHS] - (test)方碑解谜笔记文本·其四: 101762,101762
[CHS] - (test)方碑解谜笔记文本·其五: 101763,[CHS] - (test)方碑解谜笔记文本·其五: 101763,101763
"""Outlander Brigade: 101764","Kịch Bản ""Hành Trình Ồn Ào Của Kẻ Ngoại Bang - Ngọn Gió Chết Chóc Thổi Về Phía Võ Sĩ Tóc Vàng"": 101764",101764
"""Mushounin"" Script: 101765","Kịch Bản ""Mushounin"": 101765",101765
A Legend of Sword (VI): 101766,Trầm Thu Thập Kiếm Lục VI: 101766,101766
Shogun Almighty: 101767,"Chuyển Sinh Thành Raiden Shogun, Sau Đó Thiên Hạ Vô Địch: 101767",101767
"Pretty Please, Kitsune Guuji?: 101768",Làm Phiền Rồi Guuji Hồ Ly Của Ta: 101768,101768
"Let's Go, Dodoco!: 101769",Xuất Phát Thôi! Dodoco: 101769,101769
Ako's Treasure: 101770,Kho Báu Ako I: 101770,101770
Ako's Treasure: 101771,Kho Báu Ako II: 101771,101771
Ako's Treasure: 101772,Kho Báu Ako III: 101772,101772
Ako's Treasure: 101773,Kho Báu Ako IV: 101773,101773
Yajna Grass: 101774,Cỏ Yajna: 101774,101774
Zohrah Mushroom: 101775,Nấm Zohrah: 101775,101775
Hoa Barsam: 101776,Hoa Barsam: 101776,101776
[CHS] - （test）封印钥匙其一: 101777,[CHS] - （test）封印钥匙其一: 101777,101777
[CHS] - （test）封印钥匙其二: 101778,[CHS] - （test）封印钥匙其二: 101778,101778
Arahaoma: 101779,Arahaoma: 101779,101779
"""Mushounin"" Script: 101780","Kịch Bản ""Mushounin"": 101780",101780
"""Mushounin"" Script: 101781","Kịch Bản ""Mushounin"": 101781",101781
Canh Jinwu: 101782,Canh Jinwu: 101782,101782
[CHS] - （test）神秘的信笺1: 101783,[CHS] - （test）神秘的信笺1: 101783,101783
[CHS] - （test）神秘的信笺2: 101784,[CHS] - （test）神秘的信笺2: 101784,101784
[CHS] - （test）神秘的信笺3: 101785,[CHS] - （test）神秘的信笺3: 101785,101785
[CHS] - （test）神秘的信笺4: 101786,[CHS] - （test）神秘的信笺4: 101786,101786
[CHS] - （test）神秘的信笺5: 101787,[CHS] - （test）神秘的信笺5: 101787,101787
[CHS] - （test）神秘的信笺6: 101788,[CHS] - （test）神秘的信笺6: 101788,101788
[CHS] - （test）神秘的信笺7: 101789,[CHS] - （test）神秘的信笺7: 101789,101789
[CHS] - （test）神秘的信笺8: 101790,[CHS] - （test）神秘的信笺8: 101790,101790
[CHS] - （test）神秘的信笺9: 101791,[CHS] - （test）神秘的信笺9: 101791,101791
[CHS] - （test）神秘的信笺10: 101792,[CHS] - （test）神秘的信笺10: 101792,101792
[CHS] - （test）神秘的信笺11: 101793,[CHS] - （test）神秘的信笺11: 101793,101793
[CHS] - （test）神秘的信笺12: 101794,[CHS] - （test）神秘的信笺12: 101794,101794
Bag of Ornaments: 101795,Một Túi Trang Sức: 101795,101795
Vasmrti: 101796,Vasmrti: 101796,101796
"Let's Go, Dodoco!: 101797",Xuất Phát Thôi! Dodoco: 101797,101797
Sea Route Log: 101798,Lộ Trình Hàng Hải: 101798,101798
Route Log: 101799,Thư Dọc Đường I: 101799,101799
Route Log: 101800,Thư Dọc Đường II: 101800,101800
Asterism Shard: 101801,Mảnh Tinh Tượng: 101801,101801
Asterism Shard: 101802,Mảnh Tinh Tượng: 101802,101802
Asterism Shard: 101803,Mảnh Tinh Tượng: 101803,101803
Asterism Shard: 101804,Mảnh Tinh Tượng: 101804,101804
Asterism Shard: 101805,Mảnh Tinh Tượng: 101805,101805
Asterism Shard: 101806,Mảnh Tinh Tượng: 101806,101806
Asterism Shard: 101807,Mảnh Tinh Tượng: 101807,101807
Asterism Shard: 101808,Mảnh Tinh Tượng: 101808,101808
Vasoma Fruit: 101809,Quả Vasoma: 101809,101809
[CHS] - (test)恒素果2: 101810,[CHS] - (test)恒素果2: 101810,101810
Garland: 101811,Dây Hoa: 101811,101811
Garland: 101812,Dây Hoa: 101812,101812
Bija: 101813,Bija: 101813,101813
Hoa Arana: 101814,Hoa Arana: 101814,101814
Hoa Araja: 101815,Hoa Araja: 101815,101815
Nameless Flower: 101816,Hoa Vô Danh: 101816,101816
Hoa Arapandu: 101817,Hoa Arapandu: 101817,101817
Hoa Arakunti: 101818,Hoa Arakunti: 101818,101818
Hoa Aranakula: 101819,Hoa Aranakula: 101819,101819
Hoa Arabalika: 101820,Hoa Arabalika: 101820,101820
Hoa Aranaga: 101821,Hoa Aranaga: 101821,101821
Hoa Aranakin: 101822,Hoa Aranakin: 101822,101822
Hoa Aragaru: 101823,Hoa Aragaru: 101823,101823
Hoa Ararycan: 101824,Hoa Ararycan: 101824,101824
Hoa Araesha: 101825,Hoa Araesha: 101825,101825
Hoa Arakara: 101826,Hoa Arakara: 101826,101826
"Hoa ""Anh Em"": 101827","Hoa ""Anh Em"": 101827",101827
The Song Gatherers' Flowers: 101828,Hoa Người Lấy Nhạc: 101828,101828
Aralila and Aranishat's Flowers: 101829,Hoa Aralila Và Aranishat: 101829,101829
Hoa Arakanta: 101830,Hoa Arakanta: 101830,101830
[CHS] - (test)兰那罗小花18: 101831,[CHS] - (test)兰那罗小花18: 101831,101831
Stories of You and the Aranara: 101832,Câu Chuyện Về Bạn Và Aranara: 101832,101832
"""Emergency Adjustment Plan"": 101833","""Bản Kế Hoạch Điều Chỉnh Khẩn Cấp"": 101833",101833
Asterism Shard: 101834,Mảnh Tinh Tượng: 101834,101834
Key: 101835,Chìa Khóa: 101835,101835
Bottle of Spring Water: 101836,Chiếc Bình Chứa Đầy Nước Suối: 101836,101836
Frozen Soul's Petal: 101837,"Cánh hoa của ""Con Tim Băng Giá"": 101837",101837
Elegantly-Written Note: 101838,Sổ Tay Với Nét Chữ Ngay Ngắn: 101838,101838
A Letter: 101839,Một Lá Thư: 101839,101839
Rock Garden Rough Stone (Left): 101840,Đá Hòn Non Bộ (Trái): 101840,101840
Rock Garden Rough Stone (Right): 101841,Đá Hòn Non Bộ (Phải): 101841,101841
Rock Garden Carving Tools: 101842,Công Cụ Điêu Khắc Hòn Non Bộ: 101842,101842
Rock Garden Carving Tools: 101843,Công Cụ Điêu Khắc Hòn Non Bộ: 101843,101843
Small Gear: 101847,Bánh Răng Nhỏ: 101847,101847
Medium Gear: 101848,Bánh Răng Vừa: 101848,101848
Drive Gear: 101849,Bánh Răng Khởi Động: 101849,101849
Large Gear: 101850,Bánh Răng Lớn: 101850,101850
Duplex Gear: 101851,Bánh Răng Hai Tầng: 101851,101851
Large Duplex Gear: 101852,Bánh Răng Hai Tầng Lớn: 101852,101852
Driven Gear: 101853,Bánh Răng Không Động Lực: 101853,101853
Leisurely Rocks: 101854,Đá Nhàn Nhã - Trái: 101854,101854
Leisurely Rocks: 101855,Đá Nhàn Nhã - Phải: 101855,101855
Hoverlight Rocks: 101856,Đá Phù Quang - Trái: 101856,101856
Hoverlight Rocks: 101857,Đá Phù Quang - Phải: 101857,101857
Unyielding Rocks: 101858,Đá Kiên Cố - Trái: 101858,101858
Unyielding Rocks: 101859,Đá Kiên Cố - Phải: 101859,101859
Living Spring: 101860,Suối Nguồn: 101860,101860
A Box of Components: 101861,Một Hộp Linh Kiện: 101861,101861
Note of Unknown Origin: 101862,Mảnh Giấy Không Rõ Lai Lịch 1: 101862,101862
Note of Unknown Origin: 101863,Mảnh Giấy Không Rõ Lai Lịch 2: 101863,101863
Note of Unknown Origin: 101864,Mảnh Giấy Không Rõ Lai Lịch 3: 101864,101864
Note of Unknown Origin: 101865,Mảnh Giấy Không Rõ Lai Lịch 4: 101865,101865
A Note: 101866,Một Mảnh Giấy: 101866,101866
Redemption Voucher 1: 101867,Phiếu Quà Tặng 1: 101867,101867
Redemption Voucher 2: 101868,Phiếu Quà Tặng 2: 101868,101868
Redemption Voucher 3: 101869,Phiếu Quà Tặng 3: 101869,101869
Redemption Voucher 4: 101870,Phiếu Quà Tặng 4: 101870,101870
Redemption Voucher 5: 101871,Phiếu Quà Tặng 5: 101871,101871
Redemption Voucher 6: 101872,Phiếu Quà Tặng 6: 101872,101872
Redemption Voucher 7: 101873,Phiếu Quà Tặng 7: 101873,101873
Redemption Voucher 8: 101874,Phiếu Quà Tặng 8: 101874,101874
Redemption Voucher 9: 101875,Phiếu Quà Tặng 9: 101875,101875
Redemption Voucher 10: 101876,Phiếu Quà Tặng 10: 101876,101876
Redemption Voucher 11: 101877,Phiếu Quà Tặng 11: 101877,101877
Redemption Voucher 12: 101878,Phiếu Quà Tặng 12: 101878,101878
Redemption Voucher 13: 101879,Phiếu Quà Tặng 13: 101879,101879
Redemption Voucher 14: 101880,Phiếu Quà Tặng 14: 101880,101880
Redemption Voucher 15: 101881,Phiếu Quà Tặng 15: 101881,101881
Redemption Voucher 16: 101882,Phiếu Quà Tặng 16: 101882,101882
Redemption Voucher 17: 101883,Phiếu Quà Tặng 17: 101883,101883
Redemption Voucher 18: 101884,Phiếu Quà Tặng 18: 101884,101884
Redemption Voucher 19: 101885,Phiếu Quà Tặng 19: 101885,101885
Redemption Voucher 20: 101886,Phiếu Quà Tặng 20: 101886,101886
Part: 101887,Nổi Gió: 101887,101887
Part: 101888,Không Trung: 101888,101888
Part: 101889,Tầng Mây: 101889,101889
Part: 101890,Hoa Lá: 101890,101890
Part: 101891,Nhụy Hoa: 101891,101891
Part: 101892,Thảm Xanh: 101892,101892
Forensic Office Research Log Excerpt: 101893,Trang Ghi Chép Nghiên Cứu Phòng Pháp Y: 101893,101893
Note of Unknown Origin: 101894,Mảnh Giấy Không Rõ Lai Lịch: 101894,101894
[CHS] - (test）钥匙: 101895,[CHS] - (test）钥匙: 101895,101895
Crystalline Core: 101896,Tinh Hạt Nhân: 101896,101896
Crystalline Core: 101897,Tinh Hạt Nhân: 101897,101897
Crystalline Core: 101898,Tinh Hạt Nhân: 101898,101898
Old Yellowed Notes: 101899,Ghi Chép Lâu Ngày: 101899,101899
Mysterious Letter: 101900,Bức Thư Bí Ẩn: 101900,101900
A Seemingly Waterproof Note: 101901,Ghi Chép Có Vẻ Như Chống Nước: 101901,101901
Reverberating Key: 101902,Chìa Khóa Dư Âm: 101902,101902
A New Letter: 101903,Thư Vừa Nhận: 101903,101903
Dawn Winery's Top-Quality Grape Juice: 101904,Nước Ép Nho Quý Của Tửu Trang Dawn: 101904,101904
Slime Condensate-Soaked Soil: 101905,Đất Thấm Dịch Slime: 101905,101905
Whopperflower Root Soil: 101906,Đất Trên Rễ Hoa Lừa Dối: 101906,101906
Moist Soil: 101907,Đất Ẩm: 101907,101907
Starlight Coalescence: 101908,Ánh Sao Ngưng Tụ: 101908,101908
Dragonspine Supplies: 101909,Tiếp Tế Núi Tuyết - Giăm Bông: 101909,101909
Nightwatch Contract: 101910,Khế Ước Bay Đêm: 101910,101910
"Special ""Concresoil"" for Toys: 101911","""Đất Cứng"" Dùng Cho Đồ Chơi: 101911",101911
[CHS] - (test)材料参照物: 101912,[CHS] - (test)材料参照物: 101912,101912
Whopperflower Root Soil: 101913,Đất Trên Rễ Hoa Lừa Dối: 101913,101913
Fertile Soil (Reportedly): 101914,Bùn Đất Nghe Nói Rất Màu Mỡ: 101914,101914
"Discarded ""Concresoil"": 101915","""Đất Cứng"" Bỏ Đi: 101915",101915
Tenryou Commission's Missing Person Poster: 101916,Ủy Thác Tìm Người Của Hiệp Hội: 101916,101916
Sea Salt-Crusted Key: 101917,Chìa Khóa Dính Muối Biển: 101917,101917
[CHS] - （test）危危岛遗迹钥匙2: 101918,[CHS] - （test）危危岛遗迹钥匙2: 101918,101918
Special Bird Egg: 101919,Trứng Chim Đặc Biệt: 101919,101919
Special Mushroom: 101920,Nấm Rơm Đặc Biệt: 101920,101920
Special Mint: 101921,Bạc Hà Đặc Biệt: 101921,101921
Special Harra Fruit: 101922,Quả Harra Đặc Biệt: 101922,101922
Special Sweet Flower: 101923,Hoa Ngọt Đặc Biệt: 101923,101923
[CHS] - (test)新鲜的材料2: 101924,[CHS] - (test)新鲜的材料2: 101924,101924
Box Lunch from Tighnari: 101925,Hộp Cơm Của Tighnari: 101925,101925
Letter to Haypasia: 101926,Thư Gửi Haypasia: 101926,101926
Box Lunch from the Traveler: 101927,Cơm Hộp Chính Tay Nhà Lữ Hành Làm: 101927,101927
Tighnari's Introduction Letter: 101928,Thư Giới Thiệu Của Tighnari: 101928,101928
Bag of Transaction Funds: 101929,Túi Tiền Giao Dịch: 101929,101929
Package of Canned Knowledge: 101930,Túi Hũ Tri Thức: 101930,101930
"Canned Knowledge ""Swordfighting Techniques VIII"": 101931","Hũ Tri Thức ""Kỹ Thuật Dùng Kiếm Đơn - 8"": 101931",101931
Bag of Intel Transaction Funds: 101932,Túi Tiền Mua Tình Báo: 101932,101932
Picture of the Transaction: 101933,Ảnh Hiện Trường Giao Dịch: 101933,101933
Informant Code Chart: 101934,Bảng Ám Hiệu: 101934,101934
Misplaced Conch 1: 101935,Ốc Biển Sai Vị Trí I: 101935,101935
Misplaced Conch 2: 101936,Ốc Biển Sai Vị Trí II: 101936,101936
Misplaced Conch 3: 101937,Ốc Biển Sai Vị Trí III: 101937,101937
Prescription Medication from Bimarstan for Gurgen: 101938,Đơn Thuốc Bimarstan Kê Cho Gurgen: 101938,101938
Prescription Medication from Bimarstan for Azra: 101939,Đơn Thuốc Bimarstan Kê Cho Azra: 101939,101939
Prescription Medication from Bimarstan for Aftab: 101940,Đơn Thuốc Bimarstan Kê Cho Aftab: 101940,101940
Fresh Harra Fruit: 101941,Quả Harra Tươi: 101941,101941
Fresh Zaytun Peach: 101942,Đào Zaytun Tươi: 101942,101942
Red-Dyed Fabric: 101943,Vải Nhuộm Đỏ: 101943,101943
"""The Best Water"": 101944","""Nước Ngon Nhất"": 101944",101944
Silver Pocket Watch: 101945,Đồng Hồ Khảm Bạc: 101945,101945
Old Insignia: 101946,Phù Hiệu Cũ Kỹ: 101946,101946
Fresh Slime Condensate: 101947,Dịch Slime Tươi Ngon: 101947,101947
Sareh's Note: 101948,Ghi Chú Của Sareh: 101948,101948
Sareh's Note: 101949,Ghi Chú Của Sareh: 101949,101949
Sareh's Note: 101950,Ghi Chú Của Sareh: 101950,101950
Fresh Nilotpala Lotus: 101951,Sen Nilotpala Tươi: 101951,101951
Rose Sprout: 101952,Tường Vi Non Nớt: 101952,101952
Eagle Feather of The Brave: 101953,Lông Ưng Dũng Sĩ: 101953,101953
Florescent Talisman: 101954,Đóa Hoa Hộ Mệnh: 101954,101954
Freshly-Picked Mushroom: 101955,Nấm Tươi Mới Hái: 101955,101955
Strange Sumeru Rose: 101956,Tường Vi Sumeru Kỳ Lạ: 101956,101956
Riddle Note: 101957,Mảnh Giấy Viết Câu Đố: 101957,101957
Riddle Note: 101958,Mảnh Giấy Viết Câu Đố: 101958,101958
Riddle Note: 101959,Mảnh Giấy Viết Câu Đố: 101959,101959
Riddle Note: 101960,Mảnh Giấy Viết Câu Đố: 101960,101960
Rafiq's Shipbuilding Materials: 101961,Nguyên Liệu Đóng Thuyền Của Rafiq: 101961,101961
Little Dried Flower: 101962,Hoa Phơi Khô: 101962,101962
Activated·Canned Knowledge: 101963,Hũ Tri Thức - Đã Kích Hoạt: 101963,101963
Persikov's Manuscript: 101964,Bản Thảo Của Persikov: 101964,101964
Normal Wood: 101965,Gỗ Thường: 101965,101965
Fatui Meal: 101966,Bữa Ăn Của Fatui: 101966,101966
Treasure Map in a Box: 101967,Bản Đồ Kho Báu Trong Rương: 101967,101967
Glinting Component: 101968,Linh Kiện Lấp Lánh: 101968,101968
Sacred Seal: 101969,Đá Thánh Chương - Thung Lũng: 101969,101969
Sacred Seal: 101970,Đá Thánh Chương - Đầu Chim: 101970,101970
Sacred Seal: 101971,Đá Thánh Chương - Giơ Tay: 101971,101971
Sacred Seal: 101972,Đá Thánh Chương - Bão Cát: 101972,101972
Sacred Seal: 101973,Đá Thánh Chương - Vành Tai: 101973,101973
Sacred Seal: 101974,Đá Thánh Chương - Cây Cối: 101974,101974
Sacred Seal: 101975,Đá Thánh Chương - Sấm Sét: 101975,101975
Sacred Seal: 101976,Đá Thánh Chương - Nguy Hiểm: 101976,101976
Sacred Seal: 101977,Đá Thánh Chương - Búa Đục: 101977,101977
Sacred Seal: 101978,Đá Thánh Chương - Mặt Trời Mọc: 101978,101978
Sacred Seal: 101979,Đá Thánh Chương - Vương Quyền: 101979,101979
Sacred Seal: 101980,Đá Thánh Chương - Đầu Cừu: 101980,101980
Sacred Seal: 101981,Đá Thánh Chương - Đầu Cá Sấu: 101981,101981
Sacred Seal: 101982,Đá Thánh Chương - Mãng Xà: 101982,101982
Sacred Seal: 101983,Đá Thánh Chương - Tế Lễ: 101983,101983
Sacred Seal: 101984,Đá Thánh Chương - Lao Động: 101984,101984
Sacred Seal: 101985,Đá Thánh Chương - Đồi Cát: 101985,101985
[CHS] - (test)黑乎乎的怪东西: 101986,[CHS] - (test)黑乎乎的怪东西: 101986,101986
Golden Rose Seeds: 101987,Hạt Giống Tường Vi Vàng: 101987,101987
Transparent Ruins Record (I): 101988,Ghi Chép Của Di Tích Trong Suốt I: 101988,101988
Record of Lamb-Devourer Rock: 101989,Ghi Chép Của Thôn Dương Nham: 101989,101989
Record of the Tomb of Carouses: 101990,Ghi Chép Của Lăng No Say: 101990,101990
Soheil's Old Notes: 101991,Ghi Chép Khảo Cổ Của Soheil: 101991,101991
Record of Aaru's Shut: 101992,Ghi Chép Về Hình Bóng Của Aaru: 101992,101992
Twilight Theater Head's Notes: 101993,Bản Thảo Trưởng Đoàn Kịch Hoàng Hôn: 101993,101993
Freshly-Picked Harra Fruit: 101994,Quả Harra Vừa Hái: 101994,101994
Unsigned Note: 101995,Mảnh Giấy Nặc Danh: 101995,101995
Ragged Records: 101996,Ghi Chép Mục Nát: 101996,101996
Remelting Device: 101997,Thiết Bị Tái Luyện: 101997,101997
Remelting Tablet: 101998,Thuốc Tái Luyện: 101998,101998
Employer's Orders: 101999,Mệnh Lệnh Chủ Thuê: 101999,101999
Pyro Shard: 102001,Mảnh Nguyên Tố Hỏa: 102001,102001
Hydro Shard: 102002,Mảnh Nguyên Tố Thủy: 102002,102002
Dendro Shard: 102003,Mảnh Nguyên Tố Thảo: 102003,102003
Electro Shard: 102004,Mảnh Nguyên Tố Điện: 102004,102004
Anemo Shard: 102005,Mảnh Nguyên Tố Phong: 102005,102005
Cryo Shard: 102006,Mảnh Nguyên Tố Băng: 102006,102006
Geo Shard: 102007,Mảnh Nguyên Tố Nham: 102007,102007
Primordial Elemental Shard: 102008,Mảnh Nguyên Tố Nguyên Thủy: 102008,102008
Jikaka Kho: 103001,Jikaka Kho: 103001,103001
Hydro Jikaka: 103002,Jikaka Ngâm: 103002,103002
Dendro Jikaka: 103003,Jikaka Gia Vị: 103003,103003
Electro Jikaka: 103004,Jikaka Nướng: 103004,103004
Anemo Jikaka: 103005,Jikaka Khô: 103005,103005
Cryo Jikaka: 103006,Jikaka Đông Lạnh: 103006,103006
Geo Jikaka: 103007,Jikaka Da Giòn: 103007,103007
Standard Jikaka: 103008,Jikaka Nguyên Bản: 103008,103008
Wanderer's Advice: 104001,Kinh Nghiệm Kẻ Lang Thang: 104001,104001
Adventurer's Experience: 104002,EXP Nhà Mạo Hiểm: 104002,104002
Hero's Wit: 104003,Kinh Nghiệm Anh Hùng: 104003,104003
Enhancement Ore: 104011,Tạp Khoáng Tinh Đúc: 104011,104011
Fine Enhancement Ore: 104012,Lương Khoáng Tinh Đúc: 104012,104012
Mystic Enhancement Ore: 104013,Ma Khoáng Tinh Đúc: 104013,104013
Brilliant Diamond Sliver: 104101,Vụn Kim Cương Bạc: 104101,104101
Brilliant Diamond Fragment: 104102,Mảnh Kim Cương Bạc: 104102,104102
Brilliant Diamond Chunk: 104103,Miếng Kim Cương Bạc: 104103,104103
Brilliant Diamond Gemstone: 104104,Kim Cương Bạc: 104104,104104
Agnidus Agate Sliver: 104111,Vụn Mã Não Cháy: 104111,104111
Agnidus Agate Fragment: 104112,Mảnh Mã Não Cháy: 104112,104112
Agnidus Agate Chunk: 104113,Miếng Mã Não Cháy: 104113,104113
Agnidus Agate Gemstone: 104114,Mã Não Cháy: 104114,104114
Varunada Lazurite Sliver: 104121,Vụn Thanh Kim Sạch: 104121,104121
Varunada Lazurite Fragment: 104122,Mảnh Thanh Kim Sạch: 104122,104122
Varunada Lazurite Chunk: 104123,Miếng Thanh Kim Sạch: 104123,104123
Varunada Lazurite Gemstone: 104124,Thanh Kim Sạch: 104124,104124
Nagadus Emerald Sliver: 104131,Vụn Ngọc Bích Sinh Trưởng: 104131,104131
Nagadus Emerald Fragment: 104132,Mảnh Ngọc Bích Sinh Trưởng: 104132,104132
Nagadus Emerald Chunk: 104133,Miếng Ngọc Bích Sinh Trưởng: 104133,104133
Nagadus Emerald Gemstone: 104134,Ngọc Bích Sinh Trưởng: 104134,104134
Vajrada Amethyst Sliver: 104141,Vụn Tử Tinh Thắng Lợi: 104141,104141
Vajrada Amethyst Fragment: 104142,Mảnh Tử Tinh Thắng Lợi: 104142,104142
Vajrada Amethyst Chunk: 104143,Miếng Tử Tinh Thắng Lợi: 104143,104143
Vajrada Amethyst Gemstone: 104144,Tử Tinh Thắng Lợi: 104144,104144
Vayuda Turquoise Sliver: 104151,Vụn Tùng Thạch Tự Tại: 104151,104151
Vayuda Turquoise Fragment: 104152,Mảnh Tùng Thạch Tự Tại: 104152,104152
Vayuda Turquoise Chunk: 104153,Miếng Tùng Thạch Tự Tại: 104153,104153
Vayuda Turquoise Gemstone: 104154,Tùng Thạch Tự Tại: 104154,104154
Shivada Jade Sliver: 104161,Mảnh Ngọc Băng Vụn: 104161,104161
Shivada Jade Fragment: 104162,Mảnh Ngọc Băng Vỡ: 104162,104162
Shivada Jade Chunk: 104163,Miếng Ngọc Băng: 104163,104163
Shivada Jade Gemstone: 104164,Ngọc Băng: 104164,104164
Prithiva Topaz Sliver: 104171,Vụn Hoàng Ngọc Cứng: 104171,104171
Prithiva Topaz Fragment: 104172,Mảnh Hoàng Ngọc Cứng: 104172,104172
Prithiva Topaz Chunk: 104173,Miếng Hoàng Ngọc Cứng: 104173,104173
Prithiva Topaz Gemstone: 104174,Hoàng Ngọc Cứng: 104174,104174
Dust of Azoth: 104201,Bụi Biến Đổi: 104201,104201
Teachings of Freedom: 104301,"Bài Giảng Của ""Tự Do"": 104301",104301
Guide to Freedom: 104302,"Hướng Dẫn Của ""Tự Do"": 104302",104302
Philosophies of Freedom: 104303,"Triết Học Của ""Tự Do"": 104303",104303
Teachings of Resistance: 104304,"Bài Giảng Của ""Kháng Chiến"": 104304",104304
Guide to Resistance: 104305,"Hướng Dẫn Của ""Kháng Chiến"": 104305",104305
Philosophies of Resistance: 104306,"Triết Học Của ""Kháng Chiến"": 104306",104306
Teachings of Ballad: 104307,"Bài Giảng Của ""Thơ Văn"": 104307",104307
Guide to Ballad: 104308,"Hướng Dẫn Của ""Thơ Văn"": 104308",104308
Philosophies of Ballad: 104309,"Triết Học Của ""Thơ Văn"": 104309",104309
Teachings of Prosperity: 104310,"Bài Giảng Của ""Phồn Vinh"": 104310",104310
Guide to Prosperity: 104311,"Hướng Dẫn Của ""Phồn Vinh"": 104311",104311
Philosophies of Prosperity: 104312,"Triết Học Của ""Phồn Vinh"": 104312",104312
Teachings of Diligence: 104313,"Bài Giảng Của ""Chăm Chỉ"": 104313",104313
Guide to Diligence: 104314,"Hướng Dẫn Của ""Chăm Chỉ"": 104314",104314
Philosophies of Diligence: 104315,"Triết Học Của ""Chăm Chỉ"": 104315",104315
Teachings of Gold: 104316,"Bài Giảng Của ""Hoàng Kim"": 104316",104316
Guide to Gold: 104317,"Hướng Dẫn Của ""Hoàng Kim"": 104317",104317
Philosophies of Gold: 104318,"Triết Học Của ""Hoàng Kim"": 104318",104318
Crown of Insight: 104319,Vương Miện Trí Thức: 104319,104319
Teachings of Transience: 104320,"Bài Giảng Của ""Phù Thế"": 104320",104320
Guide to Transience: 104321,"Hướng Dẫn Của ""Phù Thế"": 104321",104321
Philosophies of Transience: 104322,"Triết Học Của ""Phù Thế"": 104322",104322
Teachings of Elegance: 104323,"Bài Giảng Của ""Nhã Nhặn"": 104323",104323
Guide to Elegance: 104324,"Hướng Dẫn Của ""Nhã Nhặn"": 104324",104324
Philosophies of Elegance: 104325,"Triết Học Của ""Nhã Nhặn"": 104325",104325
Teachings of Light: 104326,"Bài Giảng Của ""Ánh Sáng"": 104326",104326
Guide to Light: 104327,"Hướng Dẫn Của ""Ánh Sáng"": 104327",104327
Philosophies of Light: 104328,"Triết Học Của ""Ánh Sáng"": 104328",104328
Teachings of Admonition: 104329,"Bài Giảng Của ""Khuyên Nhủ"": 104329",104329
Guide to Admonition: 104330,"Hướng Dẫn Của ""Khuyên Nhủ"": 104330",104330
Philosophies of Admonition: 104331,"Triết Học Của ""Khuyên Nhủ"": 104331",104331
Teachings of Ingenuity: 104332,"Bài Giảng Của ""Tinh Tế"": 104332",104332
Guide to Ingenuity: 104333,"Hướng Dẫn Của ""Tinh Tế"": 104333",104333
Philosophies of Ingenuity: 104334,"Triết Học Của ""Tinh Tế"": 104334",104334
Teachings of Praxis: 104335,"Bài Giảng Của ""Thực Hành"": 104335",104335
Guide to Praxis: 104336,"Hướng Dẫn Của ""Thực Hành"": 104336",104336
Philosophies of Praxis: 104337,"Triết Học Của ""Thực Hành"": 104337",104337
Sanctifying Droplet: 105001,Giọt Nước Chúc Phúc: 105001,105001
Sanctifying Unction: 105002,Dầu Chúc Phúc: 105002,105002
Sanctifying Essence: 105003,Tinh Hoa Chúc Phúc: 105003,105003
Sanctifying Essence: 105004,Tinh Hoa Chúc Phúc: 105004,105004
Test Stamina Growth Item: 106000,Test dùng đạo cụ tăng thể lực: 106000,106000
Test Temporary stamina Growth Item: 106001,Test dùng đạo cụ tăng thể lực tạm thời: 106001,106001
Anemoculus: 107001,Phong Thần Đồng: 107001,107001
Elemental Dust: 107002,Tinh Nguyên Tố: 107002,107002
Geoculus: 107003,Nham Thần Đồng: 107003,107003
Adventure Treasure Pack: 107004,Túi kho báu mạo hiểm: 107004,107004
Skyrider Greatsword Chest: 107005,Rương Đại Kiếm Phi Thiên: 107005,107005
Mondstadt Shrine of Depths Key: 107006,Chìa Khóa Đền Địa Linh Mondstadt: 107006,107006
Liyue Shrine of Depths Key: 107007,Chìa Khóa Đền Địa Linh Liyue: 107007,107007
Inazuma Shrine of Depths Key: 107008,Chìa Khóa Đền Địa Linh Inazuma: 107008,107008
Fragile Resin: 107009,Nhựa Dễ Vỡ: 107009,107009
Crimson Agate: 107010,Mã Não Đỏ Thẫm: 107010,107010
Crimson Agate (Display): 107011,Mã Não Đỏ Thẫm (biểu hiện): 107011,107011
Transient Resin: 107012,Nhựa Khoảnh Khắc: 107012,107012
Vial of Adeptal Speed: 107013,Bình Tiên Tốc: 107013,107013
Electroculus: 107014,Lôi Thần Đồng: 107014,107014
Moonchase Charm: 107015,Bùa Trục Nguyệt: 107015,107015
Lumenspar: 107016,Lưu Minh Tinh Thạch: 107016,107016
Dendroculus: 107017,Thảo Thần Đồng: 107017,107017
Sumeru Shrine of Depths Key: 107018,Chìa Khóa Đền Địa Linh Sumeru: 107018,107018
Blank Dynamic Card: 107019,Mặt Bài Kỳ Ảo Trống Rỗng: 107019,107019
Match Invitation Letter: 107020,Thư Mời Quyết Đấu: 107020,107020
Lucky Coin: 107021,Xu May Mắn: 107021,107021
Dish: 108000,Món ăn: 108000,108000
Suspicious Fisherman's Toast: 108001,Bánh Người Cá Kỳ Lạ: 108001,108001
Fisherman's Toast: 108002,Bánh Người Cá: 108002,108002
Delicious Fisherman's Toast: 108003,Bánh Người Cá Ngon: 108003,108003
Suspicious Teyvat Fried Egg: 108004,Trứng Chiên Teyvat Kỳ Lạ: 108004,108004
Teyvat Fried Egg: 108005,Trứng Chiên Teyvat: 108005,108005
Delicious Teyvat Fried Egg: 108006,Trứng Chiên Teyvat Ngon: 108006,108006
Suspicious Steak: 108007,Sườn Nướng Kỳ Lạ: 108007,108007
Steak: 108008,Sườn Nướng: 108008,108008
Delicious Steak: 108009,Sườn Nướng Ngon: 108009,108009
Outrider's Champion Steak!: 108010,Thịt Nướng Kỵ Sĩ Trinh Thám!: 108010,108010
Suspicious Chicken-Mushroom Skewer: 108011,Xiên Thịt Gà Nấm Kỳ Lạ: 108011,108011
Chicken-Mushroom Skewer: 108012,Xiên Thịt Gà Nấm: 108012,108012
Delicious Chicken-Mushroom Skewer: 108013,Xiên Thịt Gà Nấm Ngon: 108013,108013
Fruity Skewers: 108014,Xiên Rau Củ Nướng: 108014,108014
Suspicious Flaming Red Bolognese: 108015,Mỳ Sốt Thịt Kỳ Lạ: 108015,108015
Flaming Red Bolognese: 108016,Mỳ Sốt Thịt: 108016,108016
Delicious Flaming Red Bolognese: 108017,Mỳ Sốt Thịt Ngon: 108017,108017
Mysterious Bolognese: 108018,Mì Tương Ma Pháp: 108018,108018
Suspicious Radish Veggie Soup: 108019,Canh Rau Củ Kỳ Lạ: 108019,108019
Radish Veggie Soup: 108020,Canh Rau Củ: 108020,108020
Delicious Radish Veggie Soup: 108021,Canh Rau Củ Ngon: 108021,108021
Suspicious Tea Break Pancake: 108022,Bánh Xốp Kỳ Lạ: 108022,108022
Tea Break Pancake: 108023,Bánh Xốp: 108023,108023
Delicious Tea Break Pancake: 108024,Bánh Xốp Ngon: 108024,108024
Suspicious Fried Radish Balls: 108025,Củ Cải Viên Chiên Kỳ Lạ: 108025,108025
Fried Radish Balls: 108026,Củ Cải Viên Chiên: 108026,108026
Delicious Fried Radish Balls: 108027,Củ Cải Viên Chiên Ngon: 108027,108027
Suspicious Satisfying Salad: 108028,Gỏi Mãn Nguyện Kỳ Lạ: 108028,108028
Satisfying Salad: 108029,Gỏi Mãn Nguyện: 108029,108029
Delicious Satisfying Salad: 108030,Gỏi Mãn Nguyện Ngon: 108030,108030
Suspicious Sweet Madame: 108031,Gà Nấu Hoa Ngọt Kỳ Lạ: 108031,108031
Sweet Madame: 108032,Gà Nấu Hoa Ngọt: 108032,108032
Delicious Sweet Madame: 108033,Gà Nấu Hoa Ngọt Ngon: 108033,108033
Suspicious Northern Smoked Chicken: 108034,Gà Xông Khói Phía Bắc Kỳ Lạ: 108034,108034
Northern Smoked Chicken: 108035,Gà Xông Khói Phía Bắc: 108035,108035
Delicious Northern Smoked Chicken: 108036,Gà Xông Khói Phía Bắc Ngon: 108036,108036
Suspicious Cream Stew: 108037,Rau Củ Hầm Kem Kỳ Lạ: 108037,108037
Cream Stew: 108038,Rau Củ Hầm Kem: 108038,108038
Delicious Cream Stew: 108039,Rau Củ Hầm Kem Ngon: 108039,108039
Spicy Stew: 108040,Cà Rốt Cay Xè: 108040,108040
Suspicious Mushroom Pizza: 108041,Pizza Nấm Rơm Nướng Kỳ Lạ: 108041,108041
Mushroom Pizza: 108042,Pizza Nấm Rơm Nướng: 108042,108042
Delicious Mushroom Pizza: 108043,Pizza Nấm Rơm Nướng Ngon: 108043,108043
Invigorating Pizza: 108044,Pizza Tỉnh Táo: 108044,108044
Suspicious Mondstadt Hash Brown: 108045,Bánh Khoai Tây Mondstadt Kỳ Lạ: 108045,108045
Mondstadt Hash Brown: 108046,Bánh Khoai Tây Mondstadt: 108046,108046
Delicious Mondstadt Hash Brown: 108047,Bánh Khoai Tây Mondstadt Ngon: 108047,108047
Puppy-Paw Hash Brown: 108048,Bánh Khoai Tây: 108048,108048
Suspicious Calla Lily Seafood Soup: 108049,Súp Hải Sản Hoa Calla Lily Kỳ Lạ: 108049,108049
Calla Lily Seafood Soup: 108050,Súp Hải Sản Hoa Calla Lily: 108050,108050
Delicious Calla Lily Seafood Soup: 108051,Súp Hải Sản Hoa Calla Lily Ngon: 108051,108051
Suspicious Sautéed Matsutake: 108052,Nhung Tùng Rán Bơ Kỳ Lạ: 108052,108052
Sautéed Matsutake: 108053,Nhung Tùng Rán Bơ: 108053,108053
Delicious Sautéed Matsutake: 108054,Nhung Tùng Rán Bơ Ngon: 108054,108054
"Suspicious ""Pile 'Em Up"": 108055",Pile 'Em Up Kỳ Lạ: 108055,108055
Pile 'Em Up: 108056,Pile 'Em Up: 108056,108056
Pile 'Em Up Ngon: 108057,Pile 'Em Up Ngon: 108057,108057
"""Once Upon a Time in Mondstadt"": 108058",Truyện Kể Mondstadt: 108058,108058
Suspicious Cold Cut Platter: 108059,Thịt Lạnh Kỳ Lạ: 108059,108059
Cold Cut Platter: 108060,Thịt Lạnh: 108060,108060
Delicious Cold Cut Platter: 108061,Thịt Lạnh Ngon: 108061,108061
Suspicious Sticky Honey Roast: 108062,Thịt Nướng Mật Ong Kỳ Lạ: 108062,108062
Sticky Honey Roast: 108063,Thịt Nướng Mật Ong: 108063,108063
Delicious Sticky Honey Roast: 108064,Thịt Nướng Mật Ong Ngon: 108064,108064
"Suspicious Crab, Ham & Veggie Bake: 108065",Bánh Rau Giăm Bông Gạch Cua Kỳ Lạ: 108065,108065
"Crab, Ham & Veggie Bake: 108066",Bánh Rau Giăm Bông Gạch Cua: 108066,108066
"Delicious Crab, Ham & Veggie Bake: 108067",Bánh Rau Giăm Bông Gạch Cua Ngon: 108067,108067
Suspicious Jade Parcels: 108068,Túi Thập Cẩm Phỉ Ngọc Kỳ Lạ: 108068,108068
Jade Parcels: 108069,Túi Thập Cẩm Phỉ Ngọc: 108069,108069
Delicious Jade Parcels: 108070,Túi Thập Cẩm Phỉ Ngọc Ngon: 108070,108070
Suspicious Zhongyuan Chop Suey: 108071,Lòng Trung Nguyên Kỳ Lạ: 108071,108071
Zhongyuan Chop Suey: 108072,Lòng Trung Nguyên: 108072,108072
Delicious Zhongyuan Chop Suey: 108073,Lòng Trung Nguyên Ngon: 108073,108073
Suspicious Black-Back Perch Stew: 108074,Cá Chép Đen Hấp Kỳ Lạ: 108074,108074
Black-Back Perch Stew: 108075,Cá Chép Đen Hấp: 108075,108075
Delicious Black-Back Perch Stew: 108076,Cá Chép Đen Hấp Ngon: 108076,108076
Suspicious Squirrel Fish: 108077,Cá Đuôi Sóc Kỳ Lạ: 108077,108077
Squirrel Fish: 108078,Cá Đuôi Sóc: 108078,108078
Delicious Squirrel Fish: 108079,Cá Đuôi Sóc Ngon: 108079,108079
Suspicious Almond Tofu: 108080,Đậu Hũ Hạnh Nhân Kỳ Lạ: 108080,108080
Almond Tofu: 108081,Đậu Hũ Hạnh Nhân: 108081,108081
Delicious Almond Tofu: 108082,Đậu Hũ Hạnh Nhân Ngon: 108082,108082
Suspicious Jueyun Chili Chicken: 108083,Gà Cay Thơm Mềm Kỳ Lạ: 108083,108083
Jueyun Chili Chicken: 108084,Gà Cay Thơm Mềm: 108084,108084
Delicious Jueyun Chili Chicken: 108085,Gà Cay Thơm Mềm Ngon: 108085,108085
Suspicious Jewelry Soup: 108086,Canh Trân Châu Phỉ Thúy Bạch Ngọc Kỳ Lạ: 108086,108086
Jewelry Soup: 108087,Canh Trân Châu Phỉ Thúy Bạch Ngọc: 108087,108087
Delicious Jewelry Soup: 108088,Canh Trân Châu Phỉ Thúy Bạch Ngọc Ngon: 108088,108088
Suspicious Matsutake Meat Rolls: 108089,Nhung Tùng Ủ Thịt Cuộn Kỳ Lạ: 108089,108089
Matsutake Meat Rolls: 108090,Nhung Tùng Ủ Thịt Cuộn: 108090,108090
Delicious Matsutake Meat Rolls: 108091,Nhung Tùng Ủ Thịt Cuộn Ngon: 108091,108091
Suspicious Mora Meat: 108092,Thịt Mora Kỳ Lạ: 108092,108092
Mora Meat: 108093,Thịt Mora: 108093,108093
Delicious Mora Meat: 108094,Thịt Mora Ngon: 108094,108094
Suspicious Mondstadt Grilled Fish: 108095,Cá Nướng Mondstadt Kỳ Lạ: 108095,108095
Mondstadt Grilled Fish: 108096,Cá Nướng Mondstadt: 108096,108096
Delicious Mondstadt Grilled Fish: 108097,Cá Nướng Mondstadt Ngon: 108097,108097
Suspicious Stir-Fried Filet: 108098,Thịt Xào Ớt Tuyệt Vân Kỳ Lạ: 108098,108098
Stir-Fried Filet: 108099,Thịt Xào Ớt Tuyệt Vân: 108099,108099
Delicious Stir-Fried Filet: 108100,Thịt Xào Ớt Tuyệt Vân Ngon: 108100,108100
Suspicious Golden Crab: 108101,Cua Hoàng Kim Kỳ Lạ: 108101,108101
Golden Crab: 108102,Cua Hoàng Kim: 108102,108102
Delicious Golden Crab: 108103,Cua Hoàng Kim Ngon: 108103,108103
Suspicious Crystal Shrimp: 108104,Tôm Pha Lê Kỳ Lạ: 108104,108104
Crystal Shrimp: 108105,Tôm Pha Lê: 108105,108105
Delicious Crystal Shrimp: 108106,Tôm Pha Lê Ngon: 108106,108106
Suspicious Grilled Tiger Fish: 108107,Cá Hổ Nướng Kỳ Lạ: 108107,108107
Grilled Tiger Fish: 108108,Cá Hổ Nướng: 108108,108108
Delicious Grilled Tiger Fish: 108109,Cá Hổ Nướng Ngon: 108109,108109
Suspicious Barbatos Ratatouille: 108110,Thập Cẩm Phong Thần Kỳ Quái: 108110,108110
Barbatos Ratatouille: 108111,Thập Cẩm Phong Thần: 108111,108111
Delicious Barbatos Ratatouille: 108112,Thập Cẩm Phong Thần Ngon: 108112,108112
A Buoyant Breeze: 108113,Chân - Thập Cẩm Phong Thần: 108113,108113
Der Weisheit Letzter Schluss (Life): 108114,Thông Minh Tột Đỉnh (Cuộc Sống): 108114,108114
Fish-Flavored Toast: 108115,Bánh Cá Thơm Ngon: 108115,108115
Teyvat Charred Egg: 108116,Trứng Chiên Teyvat Cháy: 108116,108116
Die Heilige Sinfonie: 108117,Bản Giao Hưởng Chúc Phúc: 108117,108117
Lighter-Than-Air Pancake: 108118,Bánh Quế Mây Dày: 108118,108118
Suspicious Lotus Seed and Bird Egg Soup: 108119,Canh Trứng Hạt Sen Kỳ Lạ: 108119,108119
Lotus Seed and Bird Egg Soup: 108120,Canh Trứng Hạt Sen: 108120,108120
Delicious Lotus Seed and Bird Egg Soup: 108121,Canh Trứng Hạt Sen Ngon: 108121,108121
Suspicious Adeptus' Temptation: 108122,Tiên Nhảy Tường Kỳ Lạ: 108122,108122
Adeptus' Temptation: 108123,Tiên Nhảy Tường: 108123,108123
Delicious Adeptus' Temptation: 108124,Tiên Nhảy Tường Ngon: 108124,108124
Suspicious Golden Shrimp Balls: 108125,Tôm Viên Tơ Vàng Kỳ Lạ: 108125,108125
Golden Shrimp Balls: 108126,Tôm Viên Tơ Vàng: 108126,108126
Delicious Golden Shrimp Balls: 108127,Tôm Viên Tơ Vàng Ngon: 108127,108127
Suspicious Qingce Stir Fry: 108128,Món Nhà Nông Khinh Sách Kỳ Lạ: 108128,108128
Qingce Stir Fry: 108129,Món Nhà Nông Khinh Sách: 108129,108129
Delicious Qingce Stir Fry: 108130,Món Nhà Nông Khinh Sách Ngon: 108130,108130
Suspicious Come and Get It: 108131,Món Nào Nào Kỳ Lạ: 108131,108131
Come and Get It: 108132,Món Nào Nào: 108132,108132
Delicious Come and Get It: 108133,Món Nào Nào Ngon: 108133,108133
Definitely Not Bar Food!: 108134,Không Phải Món Nhậu: 108134,108134
Wanmin Restaurant's Boiled Fish: 108135,Cá Luộc Vạn Dân Đường: 108135,108135
All-Delicacy Parcels: 108136,Giang Hồ Bách Vị: 108136,108136
"""Sweet Dream"": 108137",Giấc Mộng Đẹp: 108137,108137
Flash-Fried Filet: 108138,Thịt Xào Ớt: 108138,108138
Qiankun Mora Meat: 108139,Thịt Mora Càn Khôn: 108139,108139
No Tomorrow: 108140,Món Không Tương Lai: 108140,108140
Suspicious Noodles with Mountain Delicacies: 108141,Mì Nóng Bát Bửu Kỳ Lạ: 108141,108141
Noodles with Mountain Delicacies: 108142,Mì Nóng Bát Bửu: 108142,108142
Delicious Noodles with Mountain Delicacies: 108143,Mì Nóng Bát Bửu Ngon: 108143,108143
Cold Noodles with Mountain Delicacies: 108144,Mì Lạnh Bát Bửu: 108144,108144
Survival Grilled Fish: 108145,Cá Nướng Không Lối Thoát: 108145,108145
Nutritious Meal (V.593): 108146,Cơm Dinh Dưỡng 593: 108146,108146
Holy Water: 108147,Nước Thánh: 108147,108147
Pop's Teas: 108148,Chén Trà Lớn: 108148,108148
Wolfhook Juice: 108149,Nước Ép Quả Móc Câu: 108149,108149
Berry & Mint Burst: 108150,Nước Dâu Bạc Hà: 108150,108150
Apple Cider: 108151,Nước Táo Lên Men: 108151,108151
Suspicious Bamboo Shoot Soup: 108152,Măng Chua Tươi Kỳ Lạ: 108152,108152
Bamboo Shoot Soup: 108153,Măng Chua Tươi: 108153,108153
Delicious Bamboo Shoot Soup: 108154,Măng Chua Tươi Ngon: 108154,108154
Suspicious Triple-Layered Consommé: 108155,Khấu Tam Tư Kỳ Lạ: 108155,108155
Triple-Layered Consommé: 108156,Khấu Tam Tư: 108156,108156
Delicious Triple-Layered Consommé: 108157,Khấu Tam Tư Ngon: 108157,108157
Suspicious Tianshu Meat: 108158,Thịt Thiên Khu Kỳ Lạ: 108158,108158
Tianshu Meat: 108159,Thịt Thiên Khu: 108159,108159
Delicious Tianshu Meat: 108160,Thịt Thiên Khu Ngon: 108160,108160
Suspicious Lotus Flower Crisp: 108161,Bánh Hoa Sen Kỳ Lạ: 108161,108161
Lotus Flower Crisp: 108162,Bánh Hoa Sen: 108162,108162
Delicious Lotus Flower Crisp: 108163,Bánh Hoa Sen Ngon: 108163,108163
Suspicious Moon Pie: 108164,Bánh Mặt Trăng Kỳ Lạ: 108164,108164
Moon Pie: 108165,Bánh Mặt Trăng: 108165,108165
Delicious Moon Pie: 108166,Bánh Mặt Trăng Ngon: 108166,108166
Suspicious Adventurer's Breakfast Sandwich: 108167,Trứng Ốp Nhà Mạo Hiểm Kỳ Lạ: 108167,108167
Adventurer's Breakfast Sandwich: 108168,Trứng Ốp Nhà Mạo Hiểm: 108168,108168
Delicious Adventurer's Breakfast Sandwich: 108169,Trứng Ốp Nhà Mạo Hiểm Ngon: 108169,108169
Suspicious Northern Apple Stew: 108170,Thịt Om Táo Đất Bắc Kỳ Lạ: 108170,108170
Northern Apple Stew: 108171,Thịt Om Táo Đất Bắc: 108171,108171
Delicious Northern Apple Stew: 108172,Thịt Om Táo Đất Bắc Ngon: 108172,108172
Slow-Cooked Bamboo Shoot Soup: 108173,Măng Chua Tươi Lửa Nhỏ: 108173,108173
Rockin' Riffin' Chicken!: 108174,Gà Rock and Roll!: 108174,108174
A Prize Catch: 108175,Lưỡi Câu Cực Phẩm: 108175,108175
Suspicious Crab Roe Tofu: 108176,Đậu Hũ Gạch Cua Kỳ Lạ: 108176,108176
Crab Roe Tofu: 108177,Đậu Hũ Gạch Cua: 108177,108177
Delicious Crab Roe Tofu: 108178,Đậu Hũ Gạch Cua Ngon: 108178,108178
Suspicious Fullmoon Egg: 108179,Trứng Minh Nguyệt Kỳ Lạ: 108179,108179
Fullmoon Egg: 108180,Trứng Minh Nguyệt: 108180,108180
Delicious Fullmoon Egg: 108181,Trứng Minh Nguyệt Ngon: 108181,108181
Suspicious Cured Pork Dry Hotpot: 108182,Thịt Xông Khói Xào Kỳ Lạ: 108182,108182
Cured Pork Dry Hotpot: 108183,Thịt Xông Khói Xào: 108183,108183
Delicious Cured Pork Dry Hotpot: 108184,Thịt Xông Khói Xào Ngon: 108184,108184
Suspicious Stir-Fried Fish Noodles: 108185,Phở Xào Cá Kỳ Lạ: 108185,108185
Stir-Fried Fish Noodles: 108186,Phở Xào Cá: 108186,108186
Delicious Stir-Fried Fish Noodles: 108187,Phở Xào Cá Ngon: 108187,108187
Suspicious Vegetarian Abalone: 108188,Bào Ngư Chay Kỳ Lạ: 108188,108188
Vegetarian Abalone: 108189,Bào Ngư Chay: 108189,108189
Delicious Vegetarian Abalone: 108190,Bào Ngư Chay Ngon: 108190,108190
Suspicious Stone Harbor Delicacies: 108191,Nham Cảng Tam Tiên Kỳ Lạ: 108191,108191
Stone Harbor Delicacies: 108192,Nham Cảng Tam Tiên: 108192,108192
Delicious Stone Harbor Delicacies: 108193,Nham Cảng Tam Tiên Ngon: 108193,108193
Suspicious Stir-Fried Shrimp: 108194,Tôm Nõn Xào Kỳ Lạ: 108194,108194
Stir-Fried Shrimp: 108195,Tôm Nõn Xào: 108195,108195
Delicious Stir-Fried Shrimp: 108196,Tôm Nõn Xào Thơm Ngon: 108196,108196
Suspicious Rice Buns: 108197,Bánh Gạo Kỳ Lạ: 108197,108197
Rice Buns: 108198,Bánh Gạo: 108198,108198
Delicious Rice Buns: 108199,Bánh Gạo Thơm Ngon: 108199,108199
Ghostly March: 108200,Đại Hành Quân U U: 108200,108200
Suspicious Universal Peace: 108201,Thế Giới Hòa Bình Kỳ Lạ: 108201,108201
Universal Peace: 108202,Thế Giới Hòa Bình: 108202,108202
Delicious Universal Peace: 108203,Thế Giới Hòa Bình Ngon: 108203,108203
Suspicious Goulash: 108204,Thịt Hầm Sốt Rau Củ Kỳ Lạ: 108204,108204
Goulash: 108205,Thịt Hầm Sốt Rau Củ: 108205,108205
Delicious Goulash: 108206,Thịt Hầm Sốt Rau Củ Ngon: 108206,108206
Suspicious Sunshine Sprat: 108207,Cá Chiên Bơ Kỳ Lạ: 108207,108207
Sunshine Sprat: 108208,Cá Chiên Bơ: 108208,108208
Delicious Sunshine Sprat: 108209,Cá Chiên Bơ Ngon: 108209,108209
Suspicious Jueyun Guoba: 108210,Cơm Cháy Tuyệt Vân Kỳ Lạ: 108210,108210
Jueyun Guoba: 108211,Cơm Cháy Tuyệt Vân: 108211,108211
Delicious Jueyun Guoba: 108212,Cơm Cháy Tuyệt Vân Ngon: 108212,108212
Prosperous Peace: 108213,Thái Bình Thịnh Thế: 108213,108213
Woodland Dream: 108214,Giấc Mơ Của Rừng: 108214,108214
Lantern Rite Special Grilled Tiger Fish: 108215,Cá Hổ Nướng Đặc Biệt Tết Hải Đăng: 108215,108215
Lantern Rite Special Fried Radish Balls: 108216,Củ Cải Viên Chiên Đặc Biệt Tết Hải Đăng: 108216,108216
Lantern Rite Special Lotus Seed and Bird Egg Soup: 108217,Canh Trứng Đặc Biệt Tết Hải Đăng: 108217,108217
Lantern Rite Special Jewelry Soup: 108218,Canh Bạch Ngọc Đặc Biệt Tết Hải Đăng: 108218,108218
Lantern Rite Special Noodles with Mountain Delicacies: 108219,Mì Sốt Nóng Đặc Biệt Tết Hải Đăng: 108219,108219
Lantern Rite Special Come and Get It: 108220,Món Nào Nào Đặc Biệt Tết Hải Đăng: 108220,108220
Lantern Rite Special Triple-Layered Consommé: 108221,Khấu Tam Tư Đặc Biệt Tết Hải Đăng: 108221,108221
Suspicious Crispy Potato Shrimp Platter: 108222,Giỏ Khoai Giòn Tôm Tươi Kỳ Lạ: 108222,108222
Crispy Potato Shrimp Platter: 108223,Giỏ Khoai Giòn Tôm Tươi: 108223,108223
Delicious Crispy Potato Shrimp Platter: 108224,Giỏ Khoai Giòn Tôm Tươi Ngon: 108224,108224
Suspicious Mint Jelly: 108225,Thạch Bạc Hà Kỳ Lạ: 108225,108225
Mint Jelly: 108226,Thạch Bạc Hà: 108226,108226
Delicious Mint Jelly: 108227,Thạch Bạc Hà Ngon: 108227,108227
Suspicious Mint Salad: 108228,Rau Trộn Bạc Hà Kỳ Lạ: 108228,108228
Mint Salad: 108229,Rau Trộn Bạc Hà: 108229,108229
Delicious Mint Salad: 108230,Rau Trộn Bạc Hà Ngon: 108230,108230
Suspicious Minty Meat Rolls: 108231,Bạc Hà Cuộn Thịt Rừng Kỳ Lạ: 108231,108231
Minty Meat Rolls: 108232,Thịt Rừng Cuộn Bạc Hà: 108232,108232
Delicious Minty Meat Rolls: 108233,Thịt Rừng Cuộn Bạc Hà Ngon: 108233,108233
Dinner of Judgment: 108234,Bữa Tối Phán Quyết: 108234,108234
Suspicious Golden Fried Chicken: 108235,Gà Vàng Khổng Lồ Kỳ Lạ: 108235,108235
Golden Fried Chicken: 108236,Gà Vàng Khổng Lồ: 108236,108236
Delicious Golden Fried Chicken: 108237,Gà Vàng Khổng Lồ Ngon: 108237,108237
Suspicious Golden Chicken Burger: 108238,Burger Gà Giòn Kỳ Lạ: 108238,108238
Golden Chicken Burger: 108239,Burger Gà Giòn: 108239,108239
Delicious Golden Chicken Burger: 108240,Burger Gà Giòn Ngon: 108240,108240
Suspicious Fragrant Mashed Potatoes: 108241,Khoai Tây Nghiền Kỳ Lạ: 108241,108241
Fragrant Mashed Potatoes: 108242,Khoai Tây Nghiền: 108242,108242
Delicious Fragrant Mashed Potatoes: 108243,Khoai Tây Nghiền Ngon: 108243,108243
"""My Way"": 108244","""Chuẩn Khuôn Khổ"": 108244",108244
Stormcrest Pie: 108245,Bánh Gợn Sóng: 108245,108245
Suspicious Chicken Tofu Pudding: 108246,Gà Nấu Đậu Kỳ Lạ: 108246,108246
Chicken Tofu Pudding: 108247,Gà Nấu Đậu: 108247,108247
Delicious Chicken Tofu Pudding: 108248,Gà Nấu Đậu Thơm Ngon: 108248,108248
Suspicious Tuna Sushi: 108249,Sushi Cá Ngừ Kỳ Lạ: 108249,108249
Tuna Sushi: 108250,Sushi Cá Ngừ: 108250,108250
Delicious Tuna Sushi: 108251,Sushi Cá Ngừ Ngon: 108251,108251
Suspicious Tricolor Dango: 108252,Dango Ba Màu Kỳ Lạ: 108252,108252
Tricolor Dango: 108253,Dango Ba Màu: 108253,108253
Delicious Tricolor Dango: 108254,Dango Ba Màu Ngon: 108254,108254
Suspicious Onigiri: 108255,Cơm Nắm Kỳ Lạ: 108255,108255
Onigiri: 108256,Cơm Nắm: 108256,108256
Delicious Onigiri: 108257,Cơm Nắm Ngon: 108257,108257
Suspicious Sashimi Platter: 108258,Sashimi Kỳ Lạ: 108258,108258
Sashimi: 108259,Sashimi: 108259,108259
Sashimi Ngon: 108260,Sashimi Ngon: 108260,108260
Suspicious Tonkotsu Ramen: 108261,Ramen Xương Hầm Kỳ Lạ: 108261,108261
Tonkotsu Ramen: 108262,Ramen Xương Hầm: 108262,108262
Delicious Tonkotsu Ramen: 108263,Ramen Xương Hầm Ngon: 108263,108263
Suspicious Egg Roll: 108264,Trứng Cuộn Kỳ Lạ: 108264,108264
Egg Roll: 108265,Trứng Cuộn: 108265,108265
Delicious Egg Roll: 108266,Trứng Cuộn Ngon: 108266,108266
Suspicious Dry-Braised Salted Fish: 108267,Cá Nướng Kỳ Lạ: 108267,108267
Dry-Braised Salted Fish: 108268,Cá Nướng: 108268,108268
Delicious Dry-Braised Salted Fish: 108269,Cá Nướng Ngon: 108269,108269
Suspicious Butter Crab: 108270,Cua Phủ Bơ Kỳ Lạ: 108270,108270
Butter Crab: 108271,Cua Phủ Bơ: 108271,108271
Delicious Butter Crab: 108272,Cua Phủ Bơ Ngon: 108272,108272
Suspicious Tri-Flavored Skewer: 108273,Xiên Que Ba Vị Kỳ Lạ: 108273,108273
Tri-Flavored Skewer: 108274,Xiên Que Ba Vị: 108274,108274
Delicious Tri-Flavored Skewer: 108275,Xiên Que Ba Vị Thơm Ngon: 108275,108275
Suspicious Miso Soup: 108276,Súp Miso Kỳ Lạ: 108276,108276
Miso Soup: 108277,Súp Miso: 108277,108277
Delicious Miso Soup: 108278,Súp Miso Ngon: 108278,108278
Suspicious Imported Poultry: 108279,Thịt Torai Kỳ Lạ: 108279,108279
Imported Poultry: 108280,Thịt Torai: 108280,108280
Delicious Imported Poultry: 108281,Thịt Torai Ngon: 108281,108281
Suspicious Sakura Mochi: 108282,Bánh Anh Đào Kỳ Lạ: 108282,108282
Sakura Mochi: 108283,Bánh Anh Đào: 108283,108283
Delicious Sakura Mochi: 108284,Bánh Anh Đào Ngon: 108284,108284
Suspicious Konda Cuisine: 108285,Món Konda Kỳ Lạ: 108285,108285
Konda Cuisine: 108286,Món Konda: 108286,108286
Delicious Konda Cuisine: 108287,Món Konda Ngon: 108287,108287
Suspicious Rice Cake Soup: 108288,Zoni Đường Phố Kỳ Lạ: 108288,108288
Rice Cake Soup: 108289,Zoni Đường Phố: 108289,108289
Delicious Rice Cake Soup: 108290,Zoni Đường Phố Ngon: 108290,108290
Suspicious Mixed Yakisoba: 108291,Mì Xào Thập Cẩm Kỳ Lạ: 108291,108291
Mixed Yakisoba: 108292,Mì Xào Thập Cẩm: 108292,108292
Delicious Mixed Yakisoba: 108293,Mì Xào Thập Cẩm Ngon: 108293,108293
Suspicious Crab Roe Kourayaki: 108294,Gạch Cua Xào Kỳ lạ: 108294,108294
Crab Roe Kourayaki: 108295,Gạch Cua Xào: 108295,108295
Delicious Crab Roe Kourayaki: 108296,Gạch Cua Xào Ngon: 108296,108296
Suspicious Sakura Tempura: 108297,Tempura Anh Đào Kỳ Lạ: 108297,108297
Sakura Tempura: 108298,Tempura Anh Đào: 108298,108298
Delicious Sakura Tempura: 108299,Tempura Anh Đào Ngon: 108299,108299
"""Snow on the Hearth"": 108300",Lò Hồng Chấm Tuyết: 108300,108300
All-Weather Beauty: 108301,Tuyệt Tác Thế Gian: 108301,108301
Summer Festival Fish: 108302,Cá Mùa Hạ: 108302,108302
Dizziness-Be-Gone no Jutsu Version 2.0: 108303,Chống Nhức Đầu: 108303,108303
Special Mushroom Pizza: 108304,Pizza Nấm Rơm Nướng Đặc Biệt: 108304,108304
Dango Milk: 108305,Sữa Dango: 108305,108305
Suspicious Rice Pudding: 108306,Pudding Gạo Kỳ Lạ: 108306,108306
Rice Pudding: 108307,Pudding Gạo: 108307,108307
Delicious Rice Pudding: 108308,Pudding Gạo Ngon: 108308,108308
Suspicious Braised Meat: 108309,Thịt Rừng Kho Tàu Kỳ Lạ: 108309,108309
Braised Meat: 108310,Thịt Rừng Kho Tàu: 108310,108310
Delicious Braised Meat: 108311,Thịt Rừng Kho Tàu Ngon: 108311,108311
Suspicious Oncidium Tofu: 108312,Đậu Hũ Tâm Ý Kỳ Lạ: 108312,108312
Oncidium Tofu: 108313,Đậu Hũ Tâm Ý: 108313,108313
Delicious Oncidium Tofu: 108314,Đậu Hũ Tâm Ý Ngon: 108314,108314
Suspicious Chili-Mince Cornbread Buns: 108315,Bánh Ngô Thịt Cay Kỳ Lạ: 108315,108315
Chili-Mince Cornbread Buns: 108316,Bánh Ngô Thịt Cay: 108316,108316
Delicious Chili-Mince Cornbread Buns: 108317,Bánh Ngô Thịt Cay Ngon: 108317,108317
Suspicious Invigorating Kitty Meal: 108318,Cơm Mèo Năng Động Kỳ Lạ: 108318,108318
Invigorating Kitty Meal: 108319,Cơm Mèo Năng Động: 108319,108319
Delicious Invigorating Kitty Meal: 108320,Cơm Mèo Năng Động Ngon: 108320,108320
Suspicious Sweet Shrimp Sushi: 108321,Sushi Tôm Kỳ Lạ: 108321,108321
Sweet Shrimp Sushi: 108322,Sushi Tôm: 108322,108322
Delicious Sweet Shrimp Sushi: 108323,Sushi Tôm Ngon: 108323,108323
Suspicious Bird Egg Sushi: 108324,Sushi Trứng Chim Kỳ Lạ: 108324,108324
Bird Egg Sushi: 108325,Sushi Trứng Chim: 108325,108325
Delicious Bird Egg Sushi: 108326,Sushi Trứng Chim Ngon: 108326,108326
Suspicious Omelette Rice: 108327,Cơm Cuộn Trứng Kỳ Lạ: 108327,108327
Omelette Rice: 108328,Cơm Cuộn Trứng: 108328,108328
Delicious Omelette Rice: 108329,Cơm Cuộn Trứng Ngon: 108329,108329
Suspicious Taiyaki: 108330,Bánh Cá Hoàng Hôn Kỳ Lạ: 108330,108330
Taiyaki: 108331,Bánh Cá Hoàng Hôn: 108331,108331
Delicious Taiyaki: 108332,Bánh Cá Hoàng Hôn Ngon: 108332,108332
Suspicious More-and-More: 108333,Toto Nướng Kỳ Lạ: 108333,108333
More-and-More: 108334,Toto Nướng: 108334,108334
Delicious More-and-More: 108335,Toto Nướng Ngon: 108335,108335
Suspicious Grilled Unagi Fillet: 108336,Lươn Kabayaki Kỳ Lạ: 108336,108336
Grilled Unagi Fillet: 108337,Lươn Kabayaki: 108337,108337
Delicious Grilled Unagi Fillet: 108338,Lươn Kabayaki Ngon: 108338,108338
Satiety Gel: 108339,Gel No Bụng: 108339,108339
A Stunning Stratagem: 108340,"""Kế Sách Kỳ Diệu"": 108340",108340
Faith Eternal: 108341,Tín Ngưỡng Vĩnh Hằng: 108341,108341
Suspicious Radish and Fish Stew: 108342,Cá Tươi Hầm Củ Cải Kỳ Lạ: 108342,108342
Radish and Fish Stew: 108343,Cá Tươi Hầm Củ Cải: 108343,108343
Delicious Radish and Fish Stew: 108344,Cá Tươi Hầm Củ Cải Ngon: 108344,108344
Suspicious Wakatakeni: 108345,Món Wakatakeni Kỳ Lạ: 108345,108345
Wakatakeni: 108346,Món Wakatakeni: 108346,108346
Delicious Wakatakeni: 108347,Món Wakatakeni Ngon: 108347,108347
Suspicious Berry Mizu Manjuu: 108348,Mochi Mâm Xôi Kỳ Lạ: 108348,108348
Berry Mizu Manjuu: 108349,Mochi Mâm Xôi: 108349,108349
Delicious Berry Mizu Manjuu: 108350,Mochi Mâm Xôi Ngon: 108350,108350
Suspicious Soba Noodles: 108351,Mì Soba Kỳ Lạ: 108351,108351
Soba Noodles: 108352,Mì Soba: 108352,108352
Delicious Soba Noodles: 108353,Mì Soba Ngon: 108353,108353
"""Ấm Áp"": 108354","""Ấm Áp"": 108354",108354
Suspicious Unagi Chazuke: 108355,Cơm Trà Xanh Thịt Lươn Kỳ Lạ: 108355,108355
Unagi Chazuke: 108356,Cơm Trà Xanh Thịt Lươn: 108356,108356
Delicious Unagi Chazuke: 108357,Cơm Trà Xanh Thịt Lươn Ngon: 108357,108357
Suspicious Five Pickled Treasures: 108358,Dưa Muối Ngũ Bảo Kỳ Lạ: 108358,108358
Five Pickled Treasures: 108359,Dưa Muối Ngũ Bảo: 108359,108359
Delicious Five Pickled Treasures: 108360,Dưa Muối Ngũ Bảo Ngon: 108360,108360
Suspicious Sakura Shrimp Crackers: 108361,Senbei Tôm Anh Đào Kỳ Lạ: 108361,108361
Sakura Shrimp Crackers: 108362,Senbei Tôm Anh Đào: 108362,108362
Delicious Sakura Shrimp Crackers: 108363,Senbei Tôm Anh Đào Ngon: 108363,108363
Way of the Strong: 108364,Đạo Lý Của Kẻ Mạnh: 108364,108364
Victorious Legend: 108365,Thường Thắng Truyền Thuyết: 108365,108365
Suspicious Bountiful Year: 108366,Phúc Lộc Tràn Đầy Kỳ Lạ: 108366,108366
Bountiful Year: 108367,Phúc Lộc Tràn Đầy: 108367,108367
Delicious Bountiful Year: 108368,Phúc Lộc Tràn Đầy Ngon: 108368,108368
Suspicious Dragon Beard Noodles: 108369,Mì Râu Rồng Kỳ Lạ: 108369,108369
Dragon Beard Noodles: 108370,Mì Râu Rồng: 108370,108370
Delicious Dragon Beard Noodles: 108371,Mì Râu Rồng Ngon: 108371,108371
Heartstring Noodles: 108372,Mì Liên Tâm: 108372,108372
Cloud-Shrouded Jade: 108373,Vân Già Ngọc: 108373,108373
Suspicious Sangayaki: 108374,Sangayaki Kỳ Lạ: 108374,108374
Sangayaki: 108375,Sangayaki: 108375,108375
Sangayaki Ngon: 108376,Sangayaki Ngon: 108376,108376
Suspicious Udon Noodles: 108377,Mì Udon Kỳ Lạ: 108377,108377
Udon Noodles: 108378,Mì Udon: 108378,108378
Delicious Udon Noodles: 108379,Mì Udon Ngon: 108379,108379
Fukuuchi Udon: 108380,Mì Udon Fukuuchi: 108380,108380
Suspicious Katsu Sandwich: 108381,Sandwich Katsu Kỳ Lạ: 108381,108381
Sandwich Katsu: 108382,Sandwich Katsu: 108382,108382
Sandwich Katsu Ngon: 108383,Sandwich Katsu Ngon: 108383,108383
Suspicious Rainbow Aster: 108384,Tử Uyển Cầu Vồng Kỳ Lạ: 108384,108384
Rainbow Aster: 108385,Tử Uyển Cầu Vồng: 108385,108385
Delicious Rainbow Aster: 108386,Tử Uyển Cầu Vồng Ngon: 108386,108386
Quiet Elegance: 108387,Tĩnh Lặng Trang Nhã: 108387,108387
Omurice Waltz: 108388,Vũ Điệu Cơm Cuộn Trứng: 108388,108388
Dew-Dipped Shrimp: 108389,Tôm Nhuốm Sương: 108389,108389
The Only Truth: 108390,Chân Tướng Duy Nhất: 108390,108390
Suspicious Butter Chicken: 108391,Gà Áp Chảo Kỳ Lạ: 108391,108391
Butter Chicken: 108392,Gà Áp Chảo: 108392,108392
Delicious Butter Chicken: 108393,Gà Áp Chảo Ngon: 108393,108393
Suspicious Shawarma Wrap: 108394,Cuốn Shawarma Kỳ Lạ: 108394,108394
Shawarma Wrap: 108395,Cuốn Shawarma: 108395,108395
Delicious Shawarma Wrap: 108396,Cuốn Shawarma Ngon: 108396,108396
Suspicious Selva Salad: 108397,Salad Nhiệt Đới Kỳ Lạ: 108397,108397
Selva Salad: 108398,Salad Nhiệt Đới: 108398,108398
Delicious Selva Salad: 108399,Salad Nhiệt Đới Ngon: 108399,108399
Suspicious Masala Cheese Balls: 108400,Viên Phô Mai Masala Kỳ Lạ: 108400,108400
Masala Cheese Balls: 108401,Viên Phô Mai Masala: 108401,108401
Delicious Masala Cheese Balls: 108402,Viên Phô Mai Masala Ngon: 108402,108402
Suspicious Mushroom Hodgepodge: 108403,Nấm Thập Cẩm Kỳ Lạ: 108403,108403
Mushroom Hodgepodge: 108404,Nấm Thập Cẩm: 108404,108404
Delicious Mushroom Hodgepodge: 108405,Nấm Thập Cẩm Ngon: 108405,108405
Suspicious Pita Pocket: 108406,Bánh Túi Kỳ Lạ: 108406,108406
Pita Pocket: 108407,Bánh Túi: 108407,108407
Delicious Pita Pocket: 108408,Bánh Túi Ngon: 108408,108408
Suspicious Panipuri: 108409,Panipuri Kỳ Lạ: 108409,108409
Panipuri: 108410,Panipuri: 108410,108410
Panipuri Ngon: 108411,Panipuri Ngon: 108411,108411
Suspicious Minty Bean Soup: 108412,Canh Đậu Bạc Hà Kỳ Lạ: 108412,108412
Minty Bean Soup: 108413,Canh Đậu Bạc Hà: 108413,108413
Delicious Minty Bean Soup: 108414,Canh Đậu Bạc Hà Ngon: 108414,108414
Suspicious Biryani: 108415,Biryani Kỳ Lạ: 108415,108415
Biryani: 108416,Biryani: 108416,108416
Biryani Ngon: 108417,Biryani Ngon: 108417,108417
Suspicious Tahchin: 108418,Tahchin Kỳ Lạ: 108418,108418
Tahchin: 108419,Tahchin: 108419,108419
Tahchin Ngon: 108420,Tahchin Ngon: 108420,108420
Suspicious Lambad Fish Roll: 108421,Cuốn Cá Lambad Kỳ Lạ: 108421,108421
Lambad Fish Roll: 108422,Cuốn Cá Lambad: 108422,108422
Delicious Lambad Fish Roll: 108423,Cuốn Cá Lambad Ngon: 108423,108423
Suspicious Curry Shrimp: 108424,Tôm Cà Ri Kỳ Lạ: 108424,108424
Curry Shrimp: 108425,Tôm Cà Ri: 108425,108425
Delicious Curry Shrimp: 108426,Tôm Cà Ri Ngon: 108426,108426
Suspicious Tandoori Roast Chicken: 108427,Gà Nướng Tandoori Kỳ Lạ: 108427,108427
Tandoori Roast Chicken: 108428,Gà Nướng Tandoori: 108428,108428
Delicious Tandoori Roast Chicken: 108429,Gà Nướng Tandoori Ngon: 108429,108429
Suspicious Potato Boat: 108430,Thuyền Khoai Tây Kỳ Lạ: 108430,108430
Potato Boat: 108431,Thuyền Khoai Tây: 108431,108431
Delicious Potato Boat: 108432,Thuyền Khoai Tây Ngon: 108432,108432
Suspicious Fish With Cream Sauce: 108433,Cá Tươi Sốt Kem Kỳ Lạ: 108433,108433
Fish With Cream Sauce: 108434,Cá Tươi Sốt Kem: 108434,108434
Delicious Fish With Cream Sauce: 108435,Cá Tươi Sốt Kem Ngon: 108435,108435
Forest Watcher's Choice: 108436,Tuyển Chọn Của Đội Trưởng Kiểm Lâm: 108436,108436
Yearning: 108437,Khát Khao: 108437,108437
Show Me the Mora: 108438,Mora Đến Đây Nhanh: 108438,108438
Suspicious Meat Lovers' Mushroom Pizza: 108439,Pizza Nấm Thịt Kỳ Lạ: 108439,108439
Meat Lovers' Mushroom Pizza: 108440,Pizza Nấm Thịt: 108440,108440
Delicious Meat Lovers' Mushroom Pizza: 108441,Pizza Nấm Thịt Ngon: 108441,108441
Suspicious Sunset Berry Tea: 108442,Trà Nhật Lạc Kỳ Lạ: 108442,108442
Sunset Berry Tea: 108443,Trà Nhật Lạc: 108443,108443
Delicious Sunset Berry Tea: 108444,Trà Nhật Lạc Ngon: 108444,108444
Suspicious Milky Mushroom Crisp Tower: 108445,Tháp Nấm Sữa Giòn Kỳ Lạ: 108445,108445
Milky Mushroom Crisp Tower: 108446,Tháp Nấm Sữa Giòn: 108446,108446
Delicious Milky Mushroom Crisp Tower: 108447,Tháp Nấm Sữa Giòn Ngon: 108447,108447
Suspicious Charcoal-Baked Ajilenakh Cake: 108448,Bánh Ajilenakh Nướng Kỳ Lạ: 108448,108448
Charcoal-Baked Ajilenakh Cake: 108449,Bánh Ajilenakh Nướng: 108449,108449
Delicious Charcoal-Baked Ajilenakh Cake: 108450,Bánh Ajilenakh Nướng Ngon: 108450,108450
Suspicious Baklava: 108451,Baklava Kỳ Lạ: 108451,108451
Baklava: 108452,Baklava: 108452,108452
Baklava Ngon: 108453,Baklava Ngon: 108453,108453
Suspicious Candied Ajilenakh Nut: 108454,Ajilenakh Ngào Đường Kỳ Lạ: 108454,108454
Candied Ajilenakh Nut: 108455,Ajilenakh Ngào Đường: 108455,108455
Delicious Candied Ajilenakh Nut: 108456,Ajilenakh Ngào Đường Ngon: 108456,108456
Suspicious Padisarah Pudding: 108457,Pudding Padisarah Kỳ Lạ: 108457,108457
Pudding Padisarah: 108458,Pudding Padisarah: 108458,108458
Pudding Padisarah Ngon: 108459,Pudding Padisarah Ngon: 108459,108459
Suspicious Aaru Mixed Rice: 108460,Cơm Trộn Aaru Kỳ Lạ: 108460,108460
Aaru Mixed Rice: 108461,Cơm Trộn Aaru: 108461,108461
Delicious Aaru Mixed Rice: 108462,Cơm Trộn Aaru Ngon: 108462,108462
Suspicious Fruits of the Festival: 108463,Hương Vị Lễ Hội Kỳ Lạ: 108463,108463
Fruits of the Festival: 108464,Hương Vị Lễ Hội: 108464,108464
Delicious Fruits of the Festival: 108465,Hương Vị Lễ Hội Ngon: 108465,108465
Swirling Steps: 108466,Vũ Điệu Quay Cuồng: 108466,108466
Duel Soul: 108467,Linh Hồn Quyết Đấu: 108467,108467
Utmost Care: 108468,Chăm Sóc Tận Tình: 108468,108468
Sparkling Berry Juice: 108469,Nước Trái Cây Sủi Bọt: 108469,108469
Suspicious Rose Custard: 108470,Sữa Trứng Tường Vi Kỳ Lạ: 108470,108470
Rose Custard: 108471,Sữa Trứng Tường Vi: 108471,108471
Delicious Rose Custard: 108472,Sữa Trứng Tường Vi Ngon: 108472,108472
Extravagant Slumber: 108473,Giấc Ngủ Xa Hoa: 108473,108473
Halvamazd: 108474,Halvamazd: 108474,108474
Suspicious Samosa: 108475,Samosa Kỳ Lạ: 108475,108475
Samosa: 108476,Samosa: 108476,108476
Samosa Ngon: 108477,Samosa Ngon: 108477,108477
Traditionally-Made Charcoal-Baked Ajilenakh Cake: 108478,Bánh Ajilenakh Nướng Cổ Điển: 108478,108478
Shimi Chazuke: 108479,Shimi Chazuke: 108479,108479
Suspicious Sabz Meat Stew: 108480,Thịt Hầm Sabz Kỳ Lạ: 108480,108480
Sabz Meat Stew: 108481,Thịt Hầm Sabz: 108481,108481
Delicious Sabz Meat Stew: 108482,Thịt Hầm Sabz Ngon: 108482,108482
Suspicious Scented Meat Balls: 108483,Thịt Viên Thơm Nồng Kỳ Lạ: 108483,108483
Scented Meat Balls: 108484,Thịt Viên Thơm Nồng: 108484,108484
Delicious Scented Meat Balls: 108485,Thịt Viên Thơm Nồng Ngon: 108485,108485
Ideal Circumstance: 108486,Tình Huống Lý Tưởng: 108486,108486
Qingce Household Dish: 108487,Món Thường Ngày Ở Khinh Sách: 108487,108487
Crocodile Jerky: 108488,Khô Cá Sấu: 108488,108488
Recipe Item: 109000,Đạo Cụ Công Thức: 109000,109000
Recipe: 109101,Công Thức: 109101,109101
Recipe: 109102,Công Thức: 109102,109102
Recipe: 109103,Công Thức: 109103,109103
Recipe: 109104,Công Thức: 109104,109104
Recipe: 109106,Công Thức: 109106,109106
Recipe: 109107,Công Thức: 109107,109107
Recipe: 109201,Công Thức: 109201,109201
Recipe: 109202,Công Thức: 109202,109202
Recipe: 109203,Công Thức: 109203,109203
Recipe: 109204,Công Thức: 109204,109204
Recipe: 109205,Công Thức: 109205,109205
Recipe: 109206,Công Thức: 109206,109206
Recipe: 109207,Công Thức: 109207,109207
Recipe: 109301,Công Thức: 109301,109301
Recipe: 109302,Công Thức: 109302,109302
Recipe: 109303,Công Thức: 109303,109303
Recipe: 109304,Công Thức: 109304,109304
Recipe: 109401,Công Thức: 109401,109401
Recipe: 109402,Công Thức: 109402,109402
Recipe: 109403,Công Thức: 109403,109403
Recipe: 109404,Công thức: 109404,109404
Recipe: 109405,Công thức: 109405,109405
Recipe: 109406,Công thức: 109406,109406
Recipe: 109407,Công thức: 109407,109407
Recipe: 109408,Công thức: 109408,109408
Recipe: 109409,Công thức: 109409,109409
Recipe: 109410,Công Thức: 109410,109410
Recipe: 109411,Công thức: 109411,109411
Recipe: 109412,Công thức: 109412,109412
Recipe: 109413,Công Thức: 109413,109413
Recipe: 109414,Công thức: 109414,109414
Recipe: 109415,Công Thức: 109415,109415
Recipe: 109416,Công Thức: 109416,109416
Recipe: 109417,Công thức: 109417,109417
Recipe: 109418,Công thức: 109418,109418
Recipe: 109419,Công thức: 109419,109419
Recipe: 109420,Công thức: 109420,109420
Recipe: 109421,Công thức: 109421,109421
Recipe: 109422,Công thức: 109422,109422
Recipe: 109423,Công thức: 109423,109423
Recipe: 109424,Công Thức: 109424,109424
Recipe: 109425,Công Thức: 109425,109425
Recipe: 109426,Công Thức: 109426,109426
Recipe: 109427,Công Thức: 109427,109427
Recipe: 109428,Công Thức: 109428,109428
Recipe: 109429,Công Thức: 109429,109429
Recipe: 109430,Công Thức: 109430,109430
Recipe: 109431,Công Thức: 109431,109431
Recipe: 109432,Công thức: 109432,109432
Recipe: 109433,Công Thức: 109433,109433
Recipe: 109434,Công thức: 109434,109434
Recipe: 109435,Công thức: 109435,109435
Recipe: 109436,Công Thức: 109436,109436
Recipe: 109437,Công Thức: 109437,109437
Recipe: 109438,Công Thức: 109438,109438
Recipe: 109439,Công Thức: 109439,109439
Recipe: 109440,Công thức: 109440,109440
Recipe: 109441,Công thức: 109441,109441
Recipe: 109442,Công thức: 109442,109442
Recipe: 109443,Công thức: 109443,109443
Recipe: 109444,Công Thức: 109444,109444
Recipe: 109445,Công thức: 109445,109445
Recipe: 109446,Công thức: 109446,109446
Recipe: 109447,Công thức: 109447,109447
Recipe: 109448,Công thức: 109448,109448
Recipe: 109449,Công Thức: 109449,109449
Recipe: 109450,Công thức: 109450,109450
Recipe: 109451,Công Thức: 109451,109451
Recipe: 109452,Công Thức: 109452,109452
Recipe: 109453,Công Thức: 109453,109453
Recipe: 109454,Công Thức: 109454,109454
Recipe: 109455,Công Thức: 109455,109455
Recipe: 109456,Công Thức: 109456,109456
Recipe: 109457,Công Thức: 109457,109457
Recipe: 109458,Công Thức: 109458,109458
Recipe: 109459,Công Thức: 109459,109459
Recipe: 109460,Công Thức: 109460,109460
Recipe: 109461,Công Thức: 109461,109461
Recipe: 109462,Công Thức: 109462,109462
Recipe: 109463,Công Thức: 109463,109463
Recipe: 109464,Công Thức: 109464,109464
Recipe: 109465,Công Thức: 109465,109465
Recipe: 109466,Công Thức: 109466,109466
Recipe: 109467,Công Thức: 109467,109467
Recipe: 109468,Công Thức: 109468,109468
Recipe: 109469,Công Thức: 109469,109469
Recipe: 109470,Công Thức: 109470,109470
Recipe: 109471,Công Thức: 109471,109471
Recipe: 109472,Công Thức: 109472,109472
Recipe: 109473,Công Thức: 109473,109473
Recipe: 109474,Công Thức: 109474,109474
Recipe: 109475,Công Thức: 109475,109475
Recipe: 109476,Công Thức: 109476,109476
Recipe: 109477,Công Thức: 109477,109477
Recipe: 109478,Công Thức: 109478,109478
Recipe: 109479,Công Thức: 109479,109479
Recipe: 109480,Công thức: 109480,109480
Recipe: 109481,Công Thức: 109481,109481
Recipe: 109482,Công Thức: 109482,109482
Recipe: 109483,Công Thức: 109483,109483
Recipe: 109484,Công Thức: 109484,109484
Recipe: 109485,Công Thức: 109485,109485
Recipe: 109486,Công Thức: 109486,109486
Recipe: 109487,Công Thức: 109487,109487
Recipe: 109488,Công Thức: 109488,109488
Recipe: 109489,Công Thức: 109489,109489
Recipe: 109490,Công Thức: 109490,109490
Recipe: 109491,Công Thức: 109491,109491
Recipe: 109492,Công Thức: 109492,109492
Recipe: 109493,Công Thức: 109493,109493
Recipe: 109494,Công Thức: 109494,109494
Recipe: 109495,Công Thức: 109495,109495
Recipe: 109496,Công Thức: 109496,109496
Recipe: 109497,Công Thức: 109497,109497
Recipe: 109498,Công Thức: 109498,109498
Recipe: 109499,Công Thức: 109499,109499
Recipe: 109500,Công Thức: 109500,109500
Recipe: 109501,Công Thức: 109501,109501
Recipe: 109502,Công Thức: 109502,109502
Recipe: 109503,Công Thức: 109503,109503
Recipe: 109504,Công Thức: 109504,109504
Recipe: 109505,Công Thức: 109505,109505
Recipe: 109506,Công Thức: 109506,109506
Recipe: 109507,Công Thức: 109507,109507
Recipe: 109508,Công Thức: 109508,109508
Recipe: 109509,Công Thức: 109509,109509
Recipe: 109510,Công Thức: 109510,109510
Recipe: 109511,Công Thức: 109511,109511
Recipe: 109512,Công Thức: 109512,109512
Recipe: 109513,Công Thức: 109513,109513
Recipe: 109514,Công Thức: 109514,109514
Recipe: 109515,Công Thức: 109515,109515
Recipe: 109516,Công Thức: 109516,109516
Recipe: 109517,Công Thức: 109517,109517
Recipe: 109518,Công Thức: 109518,109518
Recipe: 109519,Công Thức: 109519,109519
Recipe: 109520,Công Thức: 109520,109520
Crafted Items: 110000,Sản Phẩm Ghép: 110000,110000
Flour: 110001,Bột Mì: 110001,110001
Kem: 110002,Kem: 110002,110002
Smoked Fowl: 110003,Thịt Gia Cầm Xông Khói: 110003,110003
Butter: 110004,Bơ: 110004,110004
Ham: 110005,Giăm Bông: 110005,110005
Sugar: 110006,Đường: 110006,110006
Jam: 110008,Mứt: 110008,110008
Cheese: 110009,Phô Mai: 110009,110009
Bacon: 110010,Thịt Xông Khói: 110010,110010
Sausage: 110011,Xúc Xích: 110011,110011
Smoked Fish: 110012,Cá Xông Khói: 110012,110012
Dried Fish: 110013,Cá Khô: 110013,110013
Spice: 110014,Gia Vị: 110014,110014
Heatshield Potion: 111006,Thuốc Chịu Nhiệt: 111006,111006
Desiccant Potion: 111007,Thuốc Chống Ẩm: 111007,111007
Frostshield Potion: 111008,Thuốc Chịu Lạnh: 111008,111008
Windbarrier Potion: 111009,Thuốc Kháng Phong: 111009,111009
Insulation Potion: 111010,Thuốc Tuyệt Duyên: 111010,111010
Dustproof Potion: 111011,Thuốc Chống Bụi: 111011,111011
Dendrocide Potion: 111012,Thuốc Thảo Dược: 111012,111012
Flaming Essential Oil: 111013,Tinh Dầu Liệt Hỏa: 111013,111013
Streaming Essential Oil: 111014,Tinh Dầu Kích Lưu: 111014,111014
Frosting Essential Oil: 111015,Tinh Dầu Băng Giá: 111015,111015
Gushing Essential Oil: 111016,Tinh Dầu Cuồng Phong: 111016,111016
Shocking Essential Oil: 111017,Tinh Dầu Sấm Sét: 111017,111017
Unmoving Essential Oil: 111018,Tinh Dầu Bàn Thạch: 111018,111018
Forest Essential Oil: 111019,Tinh Dầu Tùng Lâm: 111019,111019
Small Pretty Crystal: 111020,Kết Tinh Nhỏ Xinh Xắn: 111020,111020
Medium Pretty Crystal: 111021,Kết Tinh Vừa Xinh Xắn: 111021,111021
Big Pretty Crystal: 111022,Kết Tinh Lớn Xinh Xắn: 111022,111022
Fruit Paste Bait: 111023,Mồi Lên Men: 111023,111023
Redrot Bait: 111024,Mồi Thịt Đỏ: 111024,111024
False Worm Bait: 111025,Mồi Giun Giả: 111025,111025
Fake Fly Bait: 111026,Mồi Ruồi Giả: 111026,111026
Glowgrass Bait: 111027,Mồi Óng Ánh: 111027,111027
Sugardew Bait: 111028,Mồi Cam Lộ: 111028,111028
Primordial Essence: 112001,Nguyên Chất: 112001,112001
Slime Condensate: 112002,Dịch Slime: 112002,112002
Tinh Slime: 112003,Tinh Slime: 112003,112003
Slime Concentrate: 112004,Bột Slime: 112004,112004
Damaged Mask: 112005,Mặt Nạ Vỡ: 112005,112005
Stained Mask: 112006,Mặt Nạ Bẩn: 112006,112006
Ominous Mask: 112007,Mặt Nạ Xui Xẻo: 112007,112007
Divining Scroll: 112008,Bản Vẽ Hướng Dẫn: 112008,112008
Sealed Scroll: 112009,Bản Vẽ Phong Ấn: 112009,112009
Forbidden Curse Scroll: 112010,Bản Vẽ Cấm Chú: 112010,112010
Firm Arrowhead: 112011,Mũi Tên Chắc Chắn: 112011,112011
Sharp Arrowhead: 112012,Mũi Tên Sắc Bén: 112012,112012
Weathered Arrowhead: 112013,Mũi Tên Thiện Chiến: 112013,112013
Heavy Horn: 112014,Sừng Nặng: 112014,112014
Black Bronze Horn: 112015,Sừng Đồng Đen: 112015,112015
Black Crystal Horn: 112016,Sừng Hắc Tinh: 112016,112016
Gloomy Statuette: 112017,Tượng Hắc Ám: 112017,112017
Dark Statuette: 112018,Tượng Bóng Đêm: 112018,112018
Deathly Statuette: 112019,Tượng Tử Thần: 112019,112019
Dead Ley Line Branch: 112020,Cành Cây Địa Mạch: 112020,112020
Dead Ley Line Leaves: 112021,Lá Khô Địa Mạch: 112021,112021
Ley Line Sprout: 112022,Chồi Non Địa Mạch: 112022,112022
Chaos Device: 112023,Cấu Trúc Hỗn Độn: 112023,112023
Chaos Circuit: 112024,Bộ Não Hỗn Độn: 112024,112024
Chaos Core: 112025,Trái Tim Hỗn Độn: 112025,112025
Mist Grass Pollen: 112026,Phấn Hoa Hư Vô: 112026,112026
Mist Grass: 112027,Túi Cỏ Hư Vô: 112027,112027
Mist Grass Wick: 112028,Đuốc Hư Vô: 112028,112028
Hunter's Sacrificial Knife: 112029,Dao Săn Bắt: 112029,112029
Agent's Sacrificial Knife: 112030,Dao Đặc Công: 112030,112030
Inspector's Sacrificial Knife: 112031,Dao Đô Thám Trưởng: 112031,112031
Recruit's Insignia: 112032,Phù Hiệu Tân Binh: 112032,112032
Sergeant's Insignia: 112033,Phù Hiệu Sĩ Quan: 112033,112033
Lieutenant's Insignia: 112034,Phù Hiệu Hiệu Úy: 112034,112034
Treasure Hoarder Insignia: 112035,Ấn Quạ Tầm Bảo: 112035,112035
Silver Raven Insignia: 112036,Ấn Quạ Bạc Ẩn: 112036,112036
Golden Raven Insignia: 112037,Ấn Quạ Trộm Vàng: 112037,112037
Whopperflower Nectar: 112038,Mật Hoa Lừa Dối: 112038,112038
Shimmering Nectar: 112039,Mật Hoa Lấp Lánh: 112039,112039
Energy Nectar: 112040,Mật Hoa Nguyên Tố: 112040,112040
Fragile Bone Shard: 112041,Mảnh Xương Giòn Yếu: 112041,112041
Sturdy Bone Shard: 112042,Mảnh Xương Chắc Chắn: 112042,112042
Fossilized Bone Shard: 112043,Mảnh Xương Hóa Thạch: 112043,112043
Old Handguard: 112044,Kiếm Cách Cũ Nát: 112044,112044
Kageuchi Handguard: 112045,Kiếm Cách Bản Sao: 112045,112045
Famed Handguard: 112046,Kiếm Cách Trứ Danh: 112046,112046
Chaos Gear: 112047,Cơ Quan Hỗn Độn: 112047,112047
Chaos Axis: 112048,Đầu Nối Hỗn Độn: 112048,112048
Chaos Oculus: 112049,Con Ngươi Hỗn Độn: 112049,112049
Dismal Prism: 112050,Lăng Kính Ảm Đạm: 112050,112050
Crystal Prism: 112051,Lăng Kính Pha Lê: 112051,112051
Polarizing Prism: 112052,Lăng Kính Phân Cực: 112052,112052
Spectral Husk: 112053,Hạt Bay Lượn Khô Héo: 112053,112053
Spectral Heart: 112054,Hạt Bay Lượn U Ám: 112054,112054
Spectral Nucleus: 112055,Hạt Bay Lượn Kết Tinh: 112055,112055
Concealed Claw: 112056,Móng Vuốt Ma Thú: 112056,112056
Concealed Unguis: 112057,Vuốt Sắt Ma Thú: 112057,112057
Concealed Talon: 112058,Vuốt Quỷ Ma Thú: 112058,112058
Fungal Spores: 112059,Bào Tử Nấm Quỷ: 112059,112059
Luminescent Pollen: 112060,Bột Huỳnh Quang: 112060,112060
Crystalline Cyst Dust: 112061,Bụi Tinh Thể: 112061,112061
Inactivated Fungal Nucleus: 112062,Nhân Bào Nấm Đã Chết: 112062,112062
Dormant Fungal Nucleus: 112063,Nhân Bào Nấm Bất Động: 112063,112063
Robust Fungal Nucleus: 112064,Nhân Bào Nấm Hồi Phục: 112064,112064
Faded Red Satin: 112065,Băng Đỏ Phai Màu: 112065,112065
Trimmed Red Silk: 112066,Băng Đỏ Viền Vàng: 112066,112066
Rich Red Brocade: 112067,Băng Đỏ Ánh Vàng: 112067,112067
Chaos Storage: 112068,Vật Chứa Hỗn Độn: 112068,112068
Chaos Module: 112069,Mô Đun Hỗn Độn: 112069,112069
Chaos Bolt: 112070,Chốt Neo Hỗn Độn: 112070,112070
Damaged Prism: 112071,Lăng Kính Hỏng Hóc: 112071,112071
Turbid Prism: 112072,Lăng Kính Vẩn Đục: 112072,112072
Radiant Prism: 112073,Lăng Kính Phát Sáng: 112073,112073
Desiccated Shell: 112074,Xương Vụn Vỡ: 112074,112074
Sturdy Shell: 112075,Xương Rắn Chắc: 112075,112075
Marked Shell: 112076,Xương Khắc Ấn: 112076,112076
Hurricane Seed: 113001,Hạt Giống Bão: 113001,113001
Lightning Prism: 113002,Lăng Kính Sấm Sét: 113002,113002
Dvalin's Plume: 113003,Lông Vũ Đông Phong: 113003,113003
Dvalin's Claw: 113004,Móng Vuốt Đông Phong: 113004,113004
Dvalin's Sigh: 113005,Hơi Thở Đông Phong: 113005,113005
Tail of Boreas: 113006,Lông Vũ Bắc Phong: 113006,113006
Ring of Boreas: 113007,Móng Vuốt Bắc Phong: 113007,113007
Spirit Locket of Boreas: 113008,Linh Hồn Bắc Phong: 113008,113008
Basalt Pillar: 113009,Tháp Huyền Nham: 113009,113009
Hoarfrost Core: 113010,Hạt Nhân Cực Hàn: 113010,113010
Everflame Seed: 113011,Ngọn Lửa Vĩnh Hằng: 113011,113011
Cleansing Heart: 113012,Trái Tim Thuần Khiết: 113012,113012
Tusk of Monoceros Caeli: 113013,Thôn Thiên Kình - Sừng: 113013,113013
Shard of a Foul Legacy: 113014,Đao Ma Vương - Mảnh Vỡ: 113014,113014
Shadow of the Warrior: 113015,Linh Hồn Võ Luyện - Cô Độc: 113015,113015
Juvenile Jade: 113016,Ngọc Chưa Chín: 113016,113016
Dragon Lord's Crown: 113017,Vương Miện Vua Rồng: 113017,113017
Bloodjade Branch: 113018,Nhánh Huyết Ngọc: 113018,113018
Gilded Scale: 113019,Vảy Vàng: 113019,113019
Crystalline Bloom: 113020,Tinh Hoa Ngưng Kết: 113020,113020
Dream Solvent: 113021,Dung Môi Ảo Mộng: 113021,113021
Marionette Core: 113022,Lõi Marionette: 113022,113022
Perpetual Heart: 113023,Lõi Động Cơ Vĩnh Cửu: 113023,113023
Smoldering Pearl: 113024,Ngọc Lửa Âm Ỉ: 113024,113024
Molten Moment: 113025,Thời Khắc Tan Chảy: 113025,113025
Hellfire Butterfly: 113026,Bướm Hỏa Ngục: 113026,113026
Ashen Heart: 113027,Trái Tim Tro Bụi: 113027,113027
Dew of Repudiation: 113028,Giọt Nước Bài Trừ: 113028,113028
Storm Beads: 113029,Ngọc Sấm Sét: 113029,113029
Riftborn Regalia: 113030,Sừng Vua Quái Cảnh: 113030,113030
Dragonheir's False Fin: 113031,Vảy Giả Tộc Rồng: 113031,113031
Mudra of the Malefic General: 113032,Thủ Ấn Hung Tướng: 113032,113032
Tears of the Calamitous God: 113033,Nước Mắt Tai Ương: 113033,113033
The Meaning of Aeons: 113034,Chân Ý Vạn Kiếp: 113034,113034
Runic Fang: 113035,Bánh Răng Ấn Ký: 113035,113035
Majestic Hooked Beak: 113036,Mỏ Vua Nấm: 113036,113036
Thunderclap Fruitcore: 113037,Hạt Tụ Sấm: 113037,113037
Perpetual Caliber: 113038,Lõi Chuyển Động Vĩnh Viễn: 113038,113038
Light Guiding Tetrahedron: 113039,Khối Tứ Diện Dẫn Sáng: 113039,113039
Quelled Creeper: 113040,Dây Leo Chế Ngự: 113040,113040
Puppet Strings: 113041,Dây Tơ Con Rối: 113041,113041
Mirror of Mushin: 113042,Gương Mushin: 113042,113042
Daka's Bell: 113043,Chuông Daka: 113043,113043
Pseudo-Stamens: 113044,Nhụy Hoa Sỏi Cát: 113044,113044
Tile of Decarabian's Tower: 114001,Ngói Vỡ Tháp Cô Vương: 114001,114001
Debris of Decarabian's City: 114002,Xác Tàu Tháp Cô Vương: 114002,114002
Fragment of Decarabian's Epic: 114003,Mảnh Vỡ Tháp Cô Vương: 114003,114003
Scattered Piece of Decarabian's Dream: 114004,Mảnh Giấc Mơ Tháp Cô Vương: 114004,114004
Boreal Wolf's Milk Tooth: 114005,Răng Sữa Sói Bão: 114005,114005
Boreal Wolf's Cracked Tooth: 114006,Răng Vỡ Sói Bão: 114006,114006
Boreal Wolf's Broken Fang: 114007,Mảnh Răng Sói Bão: 114007,114007
Boreal Wolf's Nostalgia: 114008,Nỗi Nhớ Của Sói Bão: 114008,114008
Fetters of the Dandelion Gladiator: 114009,Xiềng Xích Đấu Sĩ Nanh Sư Tử: 114009,114009
Chains of the Dandelion Gladiator: 114010,Dây Sắt Đấu Sĩ Nanh Sư Tử: 114010,114010
Shackles of the Dandelion Gladiator: 114011,Gông Cùm Đấu Sĩ Nanh Sư Tử: 114011,114011
Dream of the Dandelion Gladiator: 114012,Lý Tưởng Của Đấu Sĩ Nanh Sư Tử: 114012,114012
Luminous Sands from Guyun: 114013,Ánh Sáng Rừng Băng Giá: 114013,114013
Lustrous Stone from Guyun: 114014,Nham Thạch Rừng Băng Giá: 114014,114014
Relic from Guyun: 114015,Thánh Cốt Rừng Băng Giá: 114015,114015
Divine Body from Guyun: 114016,Thần Thể Rừng Băng Giá: 114016,114016
Mist Veiled Lead Elixir: 114017,Diên Đơn Biển Sương Mù: 114017,114017
Mist Veiled Mercury Elixir: 114018,Hống Đơn Biển Sương Mù: 114018,114018
Mist Veiled Gold Elixir: 114019,Kim Đơn Biển Sương Mù: 114019,114019
Mist Veiled Primo Elixir: 114020,Sự Chuyển Dời Của Biển Sương Mù: 114020,114020
Grain of Aerosiderite: 114021,Hạt Thiên Thạch Đen: 114021,114021
Piece of Aerosiderite: 114022,Mảnh Thiên Thạch Đen: 114022,114022
Bit of Aerosiderite: 114023,Một Góc Thiên Thạch Đen: 114023,114023
Chunk of Aerosiderite: 114024,Miếng Thiên Thạch Đen: 114024,114024
Coral Branch of a Distant Sea: 114025,Nhánh San Hô Của Biển Xa: 114025,114025
Jeweled Branch of a Distant Sea: 114026,Nhánh Ngọc Của Biển Xa: 114026,114026
Jade Branch of a Distant Sea: 114027,Nhánh Quỳnh Ngọc Của Biển Xa: 114027,114027
Golden Branch of a Distant Sea: 114028,Nhánh Vàng Của Biển Xa: 114028,114028
Narukami's Wisdom: 114029,Trí Tuệ Của Narukami: 114029,114029
Narukami's Joy: 114030,Sở Thích Của Narukami: 114030,114030
Narukami's Affection: 114031,Tình Yêu Của Narukami: 114031,114031
Narukami's Valor: 114032,Uy Dũng Của Narukami: 114032,114032
Mask of the Wicked Lieutenant: 114033,Tà Ác Của Gekiga: 114033,114033
Mask of the Tiger's Bite: 114034,Nanh Cọp Của Gekiga: 114034,114034
Mask of the One-Horned: 114035,Sừng Của Gekiga: 114035,114035
Mask of the Kijin: 114036,Con Quỷ Của Gekiga: 114036,114036
Copper Talisman of the Forest Dew: 114037,Bùa Rừng Xanh Sương Đọng - Đồng: 114037,114037
Iron Talisman of the Forest Dew: 114038,Bùa Rừng Xanh Sương Đọng - Sắt: 114038,114038
Silver Talisman of the Forest Dew: 114039,Bùa Rừng Xanh Sương Đọng - Bạc: 114039,114039
Golden Talisman of the Forest Dew: 114040,Bùa Rừng Xanh Sương Đọng - Vàng: 114040,114040
Oasis Garden's Reminiscence: 114041,Hồi Ức Vườn Hoa Ốc Đảo: 114041,114041
Oasis Garden's Kindness: 114042,Ân Huệ Vườn Hoa Ốc Đảo: 114042,114042
Oasis Garden's Mourning: 114043,Nỗi Buồn Vườn Hoa Ốc Đảo: 114043,114043
Oasis Garden's Truth: 114044,Chân Lý Vườn Hoa Ốc Đảo: 114044,114044
Echo of Scorching Might: 114045,Dư Âm Của Ánh Nắng Quyền Uy: 114045,114045
Remnant Glow of Scorching Might: 114046,Tia Sáng Của Ánh Nắng Quyền Uy: 114046,114046
Dream of Scorching Might: 114047,Mơ Ước Của Ánh Nắng Quyền Uy: 114047,114047
Olden Days of Scorching Might: 114048,Quá Khứ Của Ánh Nắng Quyền Uy: 114048,114048
[CHS] - (test)新手礼包: 115001,[CHS] - (test)新手礼包: 115001,115001
[CHS] - (test)角色养成包一（全平台）: 115002,[CHS] - (test)角色养成包一（全平台）: 115002,115002
[CHS] - (test)角色养成包二（IOS）: 115003,[CHS] - (test)角色养成包二（IOS）: 115003,115003
[CHS] - (test)角色养成包三（Android）: 115004,[CHS] - (test)角色养成包三（Android）: 115004,115004
[CHS] - (test)武器养成包一（PS4）: 115005,[CHS] - (test)武器养成包一（PS4）: 115005,115005
[CHS] - (test)武器养成包二（PC）: 115006,[CHS] - (test)武器养成包二（PC）: 115006,115006
[CHS] - (test)武器养成包三（PC，AN）: 115007,[CHS] - (test)武器养成包三（PC，AN）: 115007,115007
"[CHS] - (test)突破养成包一（IOS,PS4): 115008","[CHS] - (test)突破养成包一（IOS,PS4): 115008",115008
[CHS] - (test)突破养成包二: 115009,[CHS] - (test)突破养成包二: 115009,115009
Starter Supply Bundle: 115010,Gói Tiếp Tế Khi Khởi Hành: 115010,115010
Wayfarer's Supply Bundle: 115011,Gói Tiếp Tế Lúc Đi Xa: 115011,115011
Traveler's Supply Bundle: 115012,Gói Tiếp Tế Khi Du Lịch: 115012,115012
Exotic Share Bundle: 115013,Gói Chia Sẻ Kỳ Trân: 115013,115013
Character Ascension Bundle (High): 115014,Tự Chọn Đột Phá Nhân Vật-Cao: 115014,115014
Character Ascension Bundle (Very High): 115015,Tự Chọn Đột Phá Nhân Vật-Siêu: 115015,115015
Talent Materials Bundle (Low): 115016,Tự Chọn Sách Thiên Phú-Thấp: 115016,115016
Virtuous Share Bundle: 115017,Quà Chia Sẻ Mỹ Đức: 115017,115017
Talent Materials Bundle (High): 115018,Tự Chọn Sách Thiên Phú-Cao: 115018,115018
Adventurer's Supply Bundle: 115019,Túi Tiếp Tế Hỗ Trợ Mạo Hiểm: 115019,115019
Adventurer's Ore Bundle: 115020,Túi Khoáng Sản Hỗ Trợ Mạo Hiểm: 115020,115020
Adventurer's Special Bundle: 115021,Túi Đặc Biệt Hỗ Trợ Mạo Hiểm: 115021,115021
Adventurer's Instructional Bundle: 115022,Túi Giáo Trình Hỗ Trợ Mạo Hiểm: 115022,115022
Adventurer's Tempering Bundle: 115023,Túi Tôi Luyện Hỗ Trợ Mạo Hiểm: 115023,115023
Material Share Bundle: 115024,Gói Chia Sẻ Tài Nguyên: 115024,115024
Eminent Share Bundle: 115025,Gói Chia Sẻ Nguyên Liệu: 115025,115025
Weapon Ascension Bundle (High): 115026,Túi tự chọn đột phá Vũ Khí - Cao: 115026,115026
Weapon Ascension Bundle (Very High): 115027,Túi tự chọn đột phá Vũ Khí - Siêu: 115027,115027
Recipe Collection: 115028,Quyển Sách Nấu Ăn - Vị Ngon Dị Thế: 115028,115028
Adventurer's Jumbo Ore Bundle: 115029,Túi Khoáng Sản Trợ Lực Mạo Hiểm: 115029,115029
Adventurer's Special Supply Bundle: 115030,Túi Tiếp Tế Mạo Hiểm Đặc Biệt: 115030,115030
Northlander Billet Trove: 115031,Hộp Phôi Bắc Lục: 115031,115031
Adventurer's Share Bundle: 115032,Túi Chia Sẻ Hỗ Trợ Mạo Hiểm: 115032,115032
Adventurer's Seasonal Special Bundle: 115034,Túi Nguyên Liệu Cao Điểm Mạo Hiểm: 115034,115034
Sakuya's Special Gardening Package: 115035,Gói Làm Vườn Đặc Biệt Của Sakuya: 115035,115035
Yashiro Commission Gift: 115037,Món Quà Của Hiệp Hội Yashiro: 115037,115037
Exquisite Gift (Furnishing): 115038,Quà Trưng Bày Tinh Tế: 115038,115038
Amazing Gift (Furnishing): 115039,Quà Trưng Bày Kỳ Diệu: 115039,115039
Midlander Billet Trove: 115040,Hộp Phôi Trung Địa: 115040,115040
BEP: 116001,Kinh Nghiệm Nhật Ký Hành Trình: 116001,116001
BP Bounty: 116002,Rương Báu Nhật Ký Hành Trình: 116002,116002
BP Pick 1 of 3 Test Bundle: 116003,BP chọn 1 trong 3 Test gói quà: 116003,116003
Guidance of the Land of Wind: 116004,Hướng Dẫn Của Gió Và Đất: 116004,116004
Philosophies of the Land of Wind: 116005,Triết Lý Truyền Thống: 116005,116005
Guidance of the Land of Geo: 116006,Hướng Dẫn Của Đá: 116006,116006
Philosophies of the Land of Geo: 116007,Triết Lý Của Đá: 116007,116007
[CHS] - (test)BP免费高级礼包: 116008,[CHS] - (test)BP免费高级礼包: 116008,116008
[CHS] - (test)BP付费高级礼包: 116009,[CHS] - (test)BP付费高级礼包: 116009,116009
Guidance of the Land of Thunder: 116010,Hướng dẫn của Lôi Điện: 116010,116010
Philosophies of the Land of Thunder: 116011,Triết Học Của Lôi Điện: 116011,116011
Guidance of the Land of Verdure: 116012,"Hướng Dẫn Của ""Xanh Ngát"": 116012",116012
Philosophies of the Land of Verdure: 116013,"Triết Học Của ""Xanh Ngát"": 116013",116013
Domain Reliquary: 117001,Hộp Thánh Vật Thần Bí - Hạng 1: 117001,117001
Domain Reliquary: 117002,Hộp Thánh Vật Thần Bí - Hạng 2: 117002,117002
Domain Reliquary: 117003,Hộp Thánh Vật Thần Bí - Hạng 3: 117003,117003
Reliquary: 117004,Hộp Thánh Di Vật - Gánh Hát Rong Và Giác Đấu Sĩ: 117004,117004
Grand Reliquary: 117005,Hộp Báu Thánh Di Vật - Gánh Hát Rong Và Giác Đấu Sĩ: 117005,117005
Domain Reliquary: 117006,Hộp Thánh Vật Thần Bí - Hạng 2: 117006,117006
Domain Reliquary: 117007,Hộp Thánh Vật Thần Bí - Hạng 1: 117007,117007
Domain Reliquary: 117008,Hộp Thánh Vật Thần Bí - Hạng 2: 117008,117008
Domain Reliquary: 117009,Hộp Thánh Vật Thần Bí - Hạng 1: 117009,117009
Domain Reliquary: 117010,Hộp Thánh Vật Thần Bí - Hạng 2: 117010,117010
Domain Reliquary: 117011,Hộp Thánh Vật Thần Bí - Hạng 1: 117011,117011
Cake for Traveler: 118001,Bánh kem tặng cho Nhà Lữ Hành: 118001,118001
Cake for Traveler: 118002,Bánh kem tặng cho Nhà Lữ Hành: 118002,118002
Cake for Traveler: 118003,Bánh kem tặng cho Nhà Lữ Hành: 118003,118003
Cake for Traveler: 118004,Bánh kem tặng cho Nhà Lữ Hành: 118004,118004
Cake for Traveler: 118005,Bánh Kem Tặng Cho Nhà Lữ Hành: 118005,118005
Cake for Traveler: 118006,Bánh Kem Tặng Cho Nhà Lữ Hành: 118006,118006
A Note Alrani Left for Niloofar: 120000,Ghi Chú Alrani Đưa Cho Niloofar: 120000,120000
A Research Paper by Pir Kavikavus: 120001,Luận Văn Của Pir Kavikavus: 120001,120001
Dried Flower: 120002,Hoa Khô: 120002,120002
Amiti Device Fragment (I): 120003,Mảnh Cơ Quan Amiti I: 120003,120003
Amiti Device Fragment (II): 120004,Mảnh Cơ Quan Amiti II: 120004,120004
Amiti Device Fragment (III): 120005,Mảnh Cơ Quan Amiti III: 120005,120005
Jazari's Mora Purse: 120006,Túi Mora Của Jazari: 120006,120006
"""The Ultra Invincible"" Adventure Handbook: 120007","Sổ Tay Mạo Hiểm ""Bất Khả Chiến Bại"": 120007",120007
Lost Energy Block: 120008,Khối Năng Lượng Thất Lạc: 120008,120008
Strange Parchment: 120009,Cuộn Giấy Da Kỳ Lạ: 120009,120009
[CHS] - (test)冒险地图: 120010,[CHS] - (test)冒险地图: 120010,120010
Withered Kusava: 120011,Kusava Khô Héo: 120011,120011
Gulabgir's Special Pet Snake Food: 120012,Thức Ăn Thú Cưng Rắn Của Gulabgir: 120012,120012
Strange Bead: 120013,Hạt Châu Kỳ Lạ: 120013,120013
Strange Tiny Hats: 120014,Nón Nhỏ Kỳ Lạ: 120014,120014
Shabby Rack: 120015,Chiếc Kệ Cũ Kỹ: 120015,120015
Javi's Dream: 120016,"""Mơ Ước"" Của Javi: 120016",120016
Tattered Paper: 120017,Mảnh Giấy Nát: 120017,120017
The Shepherd and the Magic Bottle: 120018,Câu Chuyện Về Mục Đồng Và Bình Ma: 120018,120018
The Tale of Shiruyeh and Shirin (I): 120019,Câu Chuyện Về Shiruyeh Và Shirin I: 120019,120019
The Tale of Shiruyeh and Shirin (II): 120020,Câu Chuyện Về Shiruyeh Và Shirin II: 120020,120020
The Lay of Al-Ahmar: 120021,Câu Chuyện Về Al-Ahmar: 120021,120021
The Folio of Foliage (I): 120022,Luận Kinh Cổ Xưa I: 120022,120022
The Folio of Foliage (II): 120023,Luận Kinh Cổ Xưa II: 120023,120023
The Folio of Foliage (III): 120024,Luận Kinh Cổ Xưa III: 120024,120024
Scroll of Streaming Song (I): 120025,Quyển Nhạc Trôi Nổi I: 120025,120025
Scroll of Streaming Song (II): 120026,Quyển Nhạc Trôi Nổi II: 120026,120026
Scroll of Streaming Song (III): 120027,Quyển Nhạc Trôi Nổi III: 120027,120027
An Ode to Soul-Light: 120028,Bài Ca Ánh Sáng: 120028,120028
Transparent Ruins Record (II): 120029,Ghi Chép Của Di Tích Trong Suốt II: 120029,120029
Transparent Ruins Record (III): 120030,Ghi Chép Của Di Tích Trong Suốt III: 120030,120030
Ancient Key: 120031,Chìa Khóa Cũ Kỹ: 120031,120031
Unsealed Parchment: 120032,Cuộn Giấy Da Mở Niêm: 120032,120032
Guiding Parchment: 120033,Cuộn Giấy Da Dẫn Đường: 120033,120033
Whispering Parchment: 120034,Cuộn Giấy Da Thì Thầm: 120034,120034
Mysterious Parchment: 120035,Cuộn Giấy Da Thần Bí: 120035,120035
Ancient Work Log: 120036,Nhật Ký Công Việc Cũ: 120036,120036
Akademiya Investigation Team's Interim Report: 120037,Báo Cáo Tạm Thời Của Đội Khảo Sát Giáo Viện.: 120037,120037
Zandik's Note: 120038,Nhật Ký Của Zandik: 120038,120038
Sohreh's Note: 120039,Nhật Ký Của Sohreh: 120039,120039
Sumeru Investigation Team's Note: 120040,Nhật Ký Của Đội Khảo Sát Giáo Viện: 120040,120040
Dissection Records: 120041,Hồ Sơ Giải Phẫu: 120041,120041
Ragged Attendance Record: 120042,Sổ Tay Chuyên Cần Rách Nát: 120042,120042
Purchased Goods: 120043,Vật Tư Mua Sắm: 120043,120043
Purchased Goods: 120044,Vật Tư Mua Sắm: 120044,120044
Purchased Goods: 120045,Vật Tư Mua Sắm: 120045,120045
Purchased Goods: 120046,Vật Tư Mua Sắm: 120046,120046
Medical Records: 120047,Hồ Sơ Bệnh Án: 120047,120047
Diagnostic Report: 120048,Báo Cáo Chẩn Đoán: 120048,120048
Shevirme's Funds: 120049,Tiền Vốn Của Shevirme: 120049,120049
Quqing's Funds: 120050,Tiền Vốn Của Quqing: 120050,120050
Guanchui's Funds: 120051,Tiền Vốn Của Guanchui: 120051,120051
Zakariya's Prescription for Maruf: 120052,Đơn Thuốc Zakariya Kê Cho Maruf: 120052,120052
Zakariya's Prescription for Maruf: 120053,Đơn Thuốc Zakariya Kê Cho Maruf: 120053,120053
Zakariya's Prescription for Maruf: 120054,Đơn Thuốc Zakariya Kê Cho Maruf: 120054,120054
[CHS] - （test）马鲁夫的万能药包: 120055,[CHS] - （test）马鲁夫的万能药包: 120055,120055
Zakariya's Medicine for Maruf: 120056,Thuốc Zakariya đưa cho Maruf: 120056,120056
[CHS] - （test）蕈兽孢粉: 120057,[CHS] - （test）蕈兽孢粉: 120057,120057
[CHS] - （test）新鲜的须弥蔷薇: 120058,[CHS] - （test）新鲜的须弥蔷薇: 120058,120058
An Elegantly-Written Note: 120059,Sổ Tay Với Nét Chữ Ngay Ngắn: 120059,120059
[CHS] - （test）仙人掌凝胶: 120060,[CHS] - （test）仙人掌凝胶: 120060,120060
Nermin's Minty Bean Soup: 120061,Canh Đậu Bạc Hà Nermin Nấu: 120061,120061
[CHS] - （test）内尔敏做的香水: 120062,[CHS] - （test）内尔敏做的香水: 120062,120062
Future Star: 120063,Sao Tương Lai: 120063,120063
Energy Transformation Capacitor: 120064,Vật Chứa Chuyển Hóa Năng Lượng: 120064,120064
Raef's Package: 120065,Túi Của Raef: 120065,120065
Nermin's Perfume Ingredients: 120066,Gia Vị Của Nermin: 120066,120066
Keystone (I): 120067,Đá Chìa Khóa I: 120067,120067
Torn Page: 120068,Mảnh Câu Chuyện Ngàn Đêm I: 120068,120068
Torn Page: 120069,Mảnh Câu Chuyện Ngàn Đêm II: 120069,120069
Torn Page: 120070,Mảnh Câu Chuyện Ngàn Đêm III: 120070,120070
Torn Page: 120071,Mảnh Câu Chuyện Ngàn Đêm IV: 120071,120071
Torn Page: 120072,Mảnh Câu Chuyện Ngàn Đêm V: 120072,120072
Torn Page: 120073,Mảnh Câu Chuyện Ngàn Đêm VI: 120073,120073
A Thousand Nights (I): 120074,Câu Chuyện Ngàn Đêm I: 120074,120074
A Thousand Nights (II): 120075,Câu Chuyện Ngàn Đêm II: 120075,120075
A Thousand Nights (III): 120076,Câu Chuyện Ngàn Đêm III: 120076,120076
A Thousand Nights (IV): 120077,Câu Chuyện Ngàn Đêm IV: 120077,120077
A Thousand Nights (V): 120078,Câu Chuyện Ngàn Đêm V: 120078,120078
A Thousand Nights (VI): 120079,Câu Chuyện Ngàn Đêm VI: 120079,120079
Samail's Missive: 120080,Tin Nhắn Của Samail: 120080,120080
Samail's Missive: 120081,Tin Nhắn Của Samail: 120081,120081
Shevirme's Invoice: 120082,Hóa Đơn Đặt Hàng Của Shevirme: 120082,120082
Quqing's Invoice: 120083,Hóa Đơn Đặt Hàng Của Quqing: 120083,120083
Guanchui's Invoice: 120084,Hóa Đơn Đặt Hàng Của Guanchui: 120084,120084
[CHS] - （test）鳄鱼肉干（废弃）: 120085,[CHS] - （test）鳄鱼肉干（废弃）: 120085,120085
Soulferry: 120086,Thuyền Độ Hồn: 120086,120086
Khaj-Nisut: 120087,Khaj-Nisut: 120087,120087
Border Fort: 120088,Thành Lũy Biên Cương: 120088,120088
King Deshret's Pillar: 120089,Trụ Cột Vua Deshret: 120089,120089
[CHS] - （test）居尔城棋子: 120090,[CHS] - （test）居尔城棋子: 120090,120090
Temple of Gurabad: 120091,Thần Điện Gurabad: 120091,120091
Activation Device: 120092,Thiết Bị Kích Hoạt - Lăng Mộ Vua Deshret: 120092,120092
Activation Device: 120093,Thiết Bị Kích Hoạt - Ly Thủy Tinh Của Vua Deshret: 120093,120093
Activation Device: 120094,Thiết Bị Kích Hoạt - Thuyền Độ Hồn: 120094,120094
Activation Device: 120095,Thiết Bị Kích Hoạt - Khaj-Nisut: 120095,120095
Activation Device: 120096,Thiết Bị Kích Hoạt - Thành Lũy Biên Cương: 120096,120096
Activation Device: 120097,Thiết Bị Kích Hoạt - Trụ Cột Vua Deshret: 120097,120097
[CHS] - （test）居尔城发条: 120098,[CHS] - （test）居尔城发条: 120098,120098
Activation Device: 120099,Thiết Bị Kích Hoạt - Thần Điện Gurabad: 120099,120099
Memories of the Eternal Oasis (I): 120100,Ký Ức Ốc Đảo Vĩnh Hằng I: 120100,120100
Memories of the Eternal Oasis (II): 120101,Ký Ức Ốc Đảo Vĩnh Hằng II: 120101,120101
Memories of the Eternal Oasis (III): 120102,Ký Ức Ốc Đảo Vĩnh Hằng III: 120102,120102
Tadhla's Feather: 120103,Lông Vũ Của Tadhla: 120103,120103
Fatui Stronghold Key: 120104,Chìa Khóa Căn Cứ Fatui: 120104,120104
Sacred Seal: 120105,Đá Thánh Chương - Vách Núi: 120105,120105
Sacred Seal: 120106,Đá Thánh Chương - Cánh Cổng Khổng Lồ: 120106,120106
Mysterious Stone Slate (I): 120107,Phiến Đá Thần Bí I: 120107,120107
Mysterious Stone Slate (II): 120108,Phiến Đá Thần Bí II: 120108,120108
Mysterious Stone Slate (III): 120109,Phiến Đá Thần Bí III: 120109,120109
Mysterious Stone Slate (IV): 120110,Phiến Đá Thần Bí IV: 120110,120110
Mysterious Stone Slate (V): 120111,Phiến Đá Thần Bí V: 120111,120111
Mysterious Stone Slate (VI): 120112,Phiến Đá Thần Bí VI: 120112,120112
Cyno's Introduction Letter: 120113,Thư Giới Thiệu Của Cyno: 120113,120113
Ancient Map: 120114,Bản Đồ Cổ: 120114,120114
Auction Information: 120115,Thông Tin Đấu Giá: 120115,120115
Sealed Materials: 120116,Tài Liệu Mật Của Sảnh Đường Phiền Muộn: 120116,120116
Keystone (II): 120117,Đá Chìa Khóa II: 120117,120117
Azalai's Payment: 120118,Tiền Hàng Của Azalai: 120118,120118
Rama's Receipt: 120119,Biên Nhận Của Rama: 120119,120119
Butrus' Receipt: 120120,Biên Nhận Của Butrus: 120120,120120
Jut's Receipt: 120121,Biên Nhận Của Jut: 120121,120121
Jahangir's Receipt: 120122,Biên Nhận Của Jahangir: 120122,120122
Limited Edition Desert Special Travel Pack: 120123,Túi Du Lịch Sa Mạc Đặc Biệt Phiên Bản Giới Hạn: 120123,120123
Nascent Bamboo Shoots: 120124,Măng Trúc Non: 120124,120124
[CHS] - （test）赛芭的蔷薇: 120125,[CHS] - （test）赛芭的蔷薇: 120125,120125
A Short Letter: 120126,Bức Thư Ngắn: 120126,120126
Silver Twig: 120127,Cành Trắng Mới Mọc: 120127,120127
Vaguely-Readable Inscription: 120128,Dòng Chữ Mơ Hồ Có Thể Đọc: 120128,120128
Vaguely-Readable Inscription: 120129,Dòng Chữ Mơ Hồ Có Thể Đọc: 120129,120129
Vaguely-Readable Inscription: 120130,Dòng Chữ Mơ Hồ Có Thể Đọc: 120130,120130
Vaguely-Readable Inscription: 120131,Dòng Chữ Mơ Hồ Có Thể Đọc: 120131,120131
Vaguely-Readable Inscription: 120132,Dòng Chữ Mơ Hồ Có Thể Đọc: 120132,120132
Vaguely-Readable Inscription: 120133,Dòng Chữ Mơ Hồ Có Thể Đọc: 120133,120133
Vaguely-Readable Inscription: 120134,Dòng Chữ Mơ Hồ Có Thể Đọc: 120134,120134
Vaguely-Readable Inscription: 120135,Dòng Chữ Mơ Hồ Có Thể Đọc: 120135,120135
Vaguely-Readable Inscription: 120136,Dòng Chữ Mơ Hồ Có Thể Đọc: 120136,120136
Vaguely-Readable Inscription: 120137,Dòng Chữ Mơ Hồ Có Thể Đọc: 120137,120137
Incomplete Medical Records: 120138,Lịch Sử Trị Liệu Không Nguyên Vẹn: 120138,120138
Zandik's Note: 120139,Nhật Ký Của Zandik: 120139,120139
Someone's Diary: 120140,Nhật Ký Không Biết Của Ai: 120140,120140
Ragged Records: 120141,Ghi Chép Mục Nát: 120141,120141
Internal Withdrawal Document: 120142,Công Văn Rút Lui Nội Bộ: 120142,120142
Preliminary Test on Experimental Subject: 120143,Kiểm Tra Sơ Bộ Về Cá Thể Thí Nghiệm: 120143,120143
Transfer Notification: 120144,Thông Báo Di Dời: 120144,120144
Pathfinders' Log: 120145,Thư Của Người Thám Hiểm Đường Xa I: 120145,120145
Pathfinders' Log: 120146,Thư Của Người Thám Hiểm Đường Xa II: 120146,120146
Pathfinders' Log: 120147,Thư Của Người Thám Hiểm Đường Xa III: 120147,120147
Pathfinders' Log: 120148,Thư Của Người Thám Hiểm Đường Xa IV: 120148,120148
Pathfinders' Log: 120149,Thư Của Người Thám Hiểm Đường Xa V: 120149,120149
Pathfinders' Log: 120150,Thư Của Người Thám Hiểm Đường Xa VI: 120150,120150
Note Regarding an Exchange of Goods: 120151,Hồi Âm Về Giao Dịch Hàng Hóa: 120151,120151
Event Notice: 120152,Bản Tin Hoạt Động: 120152,120152
Haniyyah's Notes - First Part: 120153,Sổ Tay Của Haniyyah - Đoạn 1: 120153,120153
Haniyyah's Notes - Second Part: 120154,Sổ Tay Của Haniyyah - Đoạn 2: 120154,120154
Clues For Yae Miko: 120155,Manh Mối Chuẩn Bị Đưa Cho Yae Miko: 120155,120155
Cyno's Missive: 120156,Thư Của Cyno: 120156,120156
Layla's List of Orders: 120157,Đơn Đặt Hàng Của Layla: 120157,120157
Initial Investigation Clues: 120158,Manh Mối Điều Tra Sơ Bộ: 120158,120158
Haniyyah's Notes: 120159,Sổ Tay Của Haniyyah: 120159,120159
Special Wisdom Orb: 120160,Ngọc Trí Tuệ Đặc Biệt: 120160,120160
Mysterious Fatui Letter: 120161,Thư Của Fatui Thần Bí: 120161,120161
Hilt-Like Object: 120162,"Thứ Nhìn Giống ""Chuôi Kiếm"": 120162",120162
"""A Brief Analysis of Possible Events of Historical Importance in the Tatarasuna Area"": 120163","""Tóm Lược Sự Kiện Lịch Sử Quan Trọng Có Thể Tồn Tại Trong Khu Vực Tatarasuna"": 120163",120163
"""The Isle of Darkling Clouds"": 120164","""Hòn Đảo Mây Mù"": 120164",120164
"""A Brief Analysis of Possible Events of Historical Importance in the Tatarasuna Area"": 120165","""Tóm Lược Sự Kiện Lịch Sử Quan Trọng Có Thể Tồn Tại Trong Khu Vực Tatarasuna"": 120165",120165
"""The Isle of Darkling Clouds"": 120166","""Hòn Đảo Mây Mù"": 120166",120166
[CHS] - (test)棋子流沙遗迹: 120167,[CHS] - (test)棋子流沙遗迹: 120167,120167
[CHS] - (test)棋子赤王之心: 120168,[CHS] - (test)棋子赤王之心: 120168,120168
[CHS] - (test)棋子显圣厅: 120169,[CHS] - (test)棋子显圣厅: 120169,120169
[CHS] - (test)棋子太阳船: 120170,[CHS] - (test)棋子太阳船: 120170,120170
[CHS] - (test)棋子阿如村: 120171,[CHS] - (test)棋子阿如村: 120171,120171
[CHS] - (test)棋子发条赤王之杯: 120172,[CHS] - (test)棋子发条赤王之杯: 120172,120172
[CHS] - (test)棋子发条赤王陵: 120173,[CHS] - (test)棋子发条赤王陵: 120173,120173
[CHS] - (test)棋子发条流沙遗迹: 120174,[CHS] - (test)棋子发条流沙遗迹: 120174,120174
[CHS] - (test)棋子发条赤王之心: 120175,[CHS] - (test)棋子发条赤王之心: 120175,120175
[CHS] - (test)棋子发条显圣厅: 120176,[CHS] - (test)棋子发条显圣厅: 120176,120176
[CHS] - (test)棋子发条太阳船: 120177,[CHS] - (test)棋子发条太阳船: 120177,120177
[CHS] - (test)棋子发条阿如村: 120178,[CHS] - (test)棋子发条阿如村: 120178,120178
Boxful of Homeland Soil: 120179,"Hộp ""Đất Quê Hương"": 120179",120179
Derived Contents: 120180,Nội Dung Lý Giải: 120180,120180
Xudong's Letter: 120181,Thư Của Xudong: 120181,120181
Records of Gurabad: 120182,Ghi Chép Về Gurabad I: 120182,120182
Records of Gurabad: 120183,Ghi Chép Về Gurabad II: 120183,120183
Records of Gurabad: 120184,Ghi Chép Về Gurabad III: 120184,120184
Records of Gurabad: 120185,Ghi Chép Về Gurabad IV: 120185,120185
Records of Gurabad: 120186,Ghi Chép Về Gurabad V: 120186,120186
Damaged Stone Slate: 120187,Phiến Đá Vỡ: 120187,120187
Records of Mt. Damavand: 120188,Ghi Chép Về Núi Damavand I: 120188,120188
Records of Mt. Damavand: 120189,Ghi Chép Về Núi Damavand II: 120189,120189
Records of Mt. Damavand: 120190,Ghi Chép Về Núi Damavand III: 120190,120190
Dogma of the Brass Mask: 120191,"Giáo Điều Của ""Mặt Nạ Đồng"" I: 120191",120191
Dogma of the Brass Mask: 120192,"Giáo Điều Của ""Mặt Nạ Đồng"" II: 120192",120192
Dogma of the Brass Mask: 120193,"Giáo Điều Của ""Mặt Nạ Đồng"" III: 120193",120193
Records of the Ancient Oases: 120194,Ghi Chép Về Ốc Đảo Cổ Đại I: 120194,120194
Records of the Ancient Oases: 120195,Ghi Chép Về Ốc Đảo Cổ Đại II: 120195,120195
Records of the Ancient Oases: 120196,Ghi Chép Về Ốc Đảo Cổ Đại III: 120196,120196
Records of the Ancient Oases: 120197,Ghi Chép Về Ốc Đảo Cổ Đại IV: 120197,120197
Records of the Ancient Oases: 120198,Ghi Chép Về Ốc Đảo Cổ Đại V: 120198,120198
Records of the Ancient Oases: 120199,Ghi Chép Về Ốc Đảo Cổ Đại VI: 120199,120199
Conscription Slate: 120200,Phiến Đá Triệu Tập: 120200,120200
Red Vulture's Feather: 120201,Lông Kền Kền Đỏ: 120201,120201
Scorpion's Sting: 120202,Đuôi Bò Cạp Độc: 120202,120202
Flying Serpent's Horn: 120203,Sừng Rắn Bay: 120203,120203
Captain Zoya Snezhevna's Report (I): 120204,Báo Cáo Của Đại Úy Zoya Snezhevna I: 120204,120204
Captain Zoya Snezhevna's Report (II): 120205,Báo Cáo Của Đại Úy Zoya Snezhevna II: 120205,120205
Captain Zoya Snezhevna's Report (III): 120206,Báo Cáo Của Đại Úy Zoya Snezhevna III: 120206,120206
Damaged Records: 120207,Ghi Chép Rách Rưới I: 120207,120207
Damaged Records: 120208,Ghi Chép Rách Rưới II: 120208,120208
Tanit Emblem-Marked Records: 120209,Ghi Chép Có Con Dấu Tanit: 120209,120209
Fatui Letter: 120210,Thư Của Fatui: 120210,120210
An Abandoned Letter: 120211,Bức Thư Để Lại: 120211,120211
Zandik's Note: 120212,Nhật Ký Của Zandik: 120212,120212
Akademiya Emblem-Marked Contract: 120213,Khế Ước Có Con Dấu Giáo Viện: 120213,120213
Restored Bluelogger.infos of a Mechanical Behemoth's Power System: 120214,Bản Vẽ Hệ Thống Năng Lượng Cỗ Máy Khổng Lồ Được Khôi Phục: 120214,120214
Secret Letter to Aderfi: 120215,Mật Thư Cho Aderfi: 120215,120215
Random Weapon Shards: 120216,"""Mảnh"" Vũ Khí Nào Đó: 120216",120216
Unattributed Ramen Voucher: 120217,Phiếu Ưu Đãi Ramen Không Biết Của Tiệm Nào: 120217,120217
Neat Note: 120218,Ghi Chép Gọn Gàng: 120218,120218
Jeht's Letter: 120219,Thư Của Jeht: 120219,120219
Ufairah's Notes: 120220,Ghi Chép Của Ufairah: 120220,120220
Ancient Stone Key: 120221,Chìa Khóa Đá Cổ Xưa: 120221,120221
Vaguely-Readable Inscription: 120226,Dòng Chữ Mơ Hồ Có Thể Đọc: 120226,120226
Vaguely-Readable Inscription: 120227,Dòng Chữ Mơ Hồ Có Thể Đọc: 120227,120227
Vaguely-Readable Inscription: 120228,Dòng Chữ Mơ Hồ Có Thể Đọc: 120228,120228
Vaguely-Readable Inscription: 120229,Dòng Chữ Mơ Hồ Có Thể Đọc: 120229,120229
Vaguely-Readable Inscription: 120230,Dòng Chữ Mơ Hồ Có Thể Đọc: 120230,120230
Vaguely-Readable Inscription: 120231,Dòng Chữ Mơ Hồ Có Thể Đọc: 120231,120231
Vaguely-Readable Inscription: 120232,Dòng Chữ Mơ Hồ Có Thể Đọc: 120232,120232
Vaguely-Readable Inscription: 120233,Dòng Chữ Mơ Hồ Có Thể Đọc: 120233,120233
Crumpled Namelist: 120235,Danh Sách Bị Vò Nát: 120235,120235
Warehouse Inventory Records: 120236,Ghi Chép Vật Tư Kho Hàng: 120236,120236
Records of the Ancient Oases: 120237,Ghi Chép Về Ốc Đảo Cổ Đại VII: 120237,120237
Records of the Ancient Oases: 120238,Ghi Chép Về Ốc Đảo Cổ Đại VIII: 120238,120238
Records of the Ancient Oases: 120239,Ghi Chép Về Ốc Đảo Cổ Đại IX: 120239,120239
Records of the Ancient Oases: 120240,Ghi Chép Về Ốc Đảo Cổ Đại X: 120240,120240
Employment Code of Conduct Tablet: 120241,Phiến Đá Điều Lệ Thuê Mướn: 120241,120241
Akademiya Emblem-Marked Contract: 120242,Khế Ước Có Con Dấu Giáo Viện: 120242,120242
Akademiya Emblem-Marked Contract: 120243,Khế Ước Có Con Dấu Giáo Viện: 120243,120243
Tribe Merchant's Letter: 120248,Thư Của Thương Đội Bộ Tộc: 120248,120248
Jeht's Note: 120249,Tin Nhắn Của Jeht: 120249,120249
Piping-Hot Bamboo Shoot Soup: 120250,Măng Chua Nóng Hổi: 120250,120250
Warrior's Spirit Swordfighting Arena Ticket: 120251,"Phiếu Tham Gia ""Tinh Thần Võ Đạo"": 120251",120251
Silk Flower Seed: 130001,Hạt giống Hoa Nghê Thường: 130001,130001
Sweet Flower Seed: 130002,Hạt giống Hoa Ngọt: 130002,130002
Cecilia Seed: 130003,Hạt giống hoa Cecilia: 130003,130003
Glaze Lily Seed: 130004,Hạt giống Bách Hợp Lưu Ly: 130004,130004
Windwheel Aster Seed: 130005,Hạt Giống Cúc Cánh Quạt: 130005,130005
Qingxin Seed: 130006,Hạt Giống Thanh Tâm: 130006,130006
Violetgrass Seed: 130007,Hạt Giống Túi Lưu Ly: 130007,130007
Valberry Seed: 130008,Hạt Giống Quả Dâu Đỏ: 130008,130008
Small Lamp Grass Seed: 130009,Hạt Giống Tiểu Đăng Thảo: 130009,130009
Jueyun Chili Seed: 130010,Hạt Giống Ớt Tuyệt Vân: 130010,130010
Carrot Seed: 130011,Hạt Giống Cà Rốt: 130011,130011
Radish Seed: 130012,Hạt Giống Củ Cải Trắng: 130012,130012
Mint Seed: 130013,Hạt Giống Bạc Hà: 130013,130013
Mushroom Spore: 130014,Bào Tử Nấm Rơm: 130014,130014
Naku Weed Seed: 130015,Hạt Giống Cỏ Naku: 130015,130015
Horsetail Seed: 130016,Hạt Giống Đuôi Ngựa: 130016,130016
Snapdragon Seed: 130017,Hạt Giống Cỏ Kim Ngư: 130017,130017
Lotus Seed: 130018,Hạt Giống Đài Sen: 130018,130018
Calla Lily Seed: 130019,Hạt Giống Hoa Calla Lily: 130019,130019
Seagrass Seed: 130020,Hạt Giống Rong Biển: 130020,130020
Sea Ganoderma Cutting: 130021,Mẫu Chiết Hải Linh Chi: 130021,130021
Dreambloom: 130022,"Hạt giống ""Hoa Mộng Mơ - Sao Hibiscus"": 130022",130022
Dreambloom: 130023,"Hạt giống ""Hoa Mộng Mơ - Chuông Hải Đường"": 130023",130023
Dreambloom: 130024,"Hạt giống ""Hoa Mộng Mơ - Quả Gấm"": 130024",130024
Harra Fruit Seed: 130025,Hạt Giống Quả Harra: 130025,130025
Zaytun Peach Seed: 130026,Hạt Giống Đào Zaytun: 130026,130026
Sumeru Rose Seed: 130027,Hạt Giống Tường Vi Sumeru: 130027,130027
Medaka: 131000,Cá Khổng Tước: 131000,131000
Glaze Medaka: 131001,Cá Khổng Tước Lưu Ly: 131001,131001
Sweet-Flower Medaka: 131002,Cá Khổng Tước Ngọt: 131002,131002
Aizen Medaka: 131003,Cá Khổng Tước Lam: 131003,131003
Dawncatcher: 131004,Cá Bình Minh: 131004,131004
Crystalfish: 131005,Cá Pha Lê: 131005,131005
Lunged Stickleback: 131006,Cá Thân Gai: 131006,131006
Betta: 131007,Cá Gai Đấu Sĩ: 131007,131007
Venomspine Fish: 131008,Cá Gai Độc: 131008,131008
Akai Maou: 131009,Xích Ma Vương: 131009,131009
Snowstrider: 131010,Tuyết Quân Tử: 131010,131010
Golden Koi: 131011,Cá Rồng Xích Kim: 131011,131011
Rusty Koi: 131012,Cá Rồng Thép: 131012,131012
Brown Shirakodai: 131013,Cá Bướm Vân Đất: 131013,131013
Purple Shirakodai: 131014,Cá Bướm Vân Tím: 131014,131014
Tea-Colored Shirakodai: 131015,Cá Bướm Vân Trà: 131015,131015
Abiding Angelfish: 131016,Trường Sinh Tiên: 131016,131016
Raimei Angelfish: 131017,Lôi Minh Tiên: 131017,131017
Pufferfish: 131019,Cá Pháo: 131019,131019
Bitter Pufferfish: 131020,Cá Pháo Cay Đắng: 131020,131020
Divda Ray: 131021,Cá Đuối Divda: 131021,131021
Formalo Ray: 131022,Cá Đuối Formalo: 131022,131022
True Fruit Angler: 131023,Cá Nóc Trái Cây: 131023,131023
Peach of the Deep Waves: 131024,Cá Nóc Trái Đào: 131024,131024
Sandstorm Angler: 131025,Cá Nóc Bão Cát: 131025,131025
Sunset Cloud Angler: 131026,Cá Nóc Mây Mù: 131026,131026
Lazurite Axe Marlin: 131027,Cá Rìu Lam Ngọc: 131027,131027
Halcyon Jade Axe Marlin: 131028,Cá Rìu Bích Ngọc: 131028,131028
Wings of First Flight: 140001,Đôi Cánh Sơ Khai: 140001,140001
Wings of Companionship: 140002,Đôi Cánh Bảo Vệ: 140002,140002
Wings of Descension: 140003,Đôi Cánh Giáng Lâm: 140003,140003
Wings of Azure Wind: 140004,Cánh Trời Cao Lộng Gió: 140004,140004
Wings of Golden Flight: 140005,Cánh Kim Tông Thiên Hành: 140005,140005
Wings of Concealing Snow: 140006,Cánh Tuyết Ẩn: 140006,140006
Wings of Feasting: 140007,Đôi Cánh Dạ Yến: 140007,140007
Wings of the Stormstrider: 140008,Cánh Cưỡi Sấm: 140008,140008
Wings of Shimmering Galaxy: 140009,Cánh Rực Rỡ: 140009,140009
Wings of the Forest: 140010,Cánh Rừng Hoa: 140010,140010
Radiant Spincrystal 1: 141001,Ngọc Thạch Âm Vang 1: 141001,141001
Radiant Spincrystal 2: 141002,Ngọc Thạch Âm Vang 2: 141002,141002
Radiant Spincrystal 3: 141003,Ngọc Thạch Âm Vang 3: 141003,141003
Radiant Spincrystal 4: 141004,Ngọc Thạch Âm Vang 4: 141004,141004
Radiant Spincrystal 5: 141005,Ngọc Thạch Âm Vang 5: 141005,141005
Radiant Spincrystal 6: 141006,Ngọc Thạch Âm Vang 6: 141006,141006
Radiant Spincrystal 7: 141007,Ngọc Thạch Âm Vang 7: 141007,141007
Radiant Spincrystal 8: 141008,Ngọc Thạch Âm Vang 8: 141008,141008
Radiant Spincrystal 9: 141009,Ngọc Thạch Âm Vang 9: 141009,141009
Radiant Spincrystal 10: 141010,Ngọc Thạch Âm Vang 10: 141010,141010
Radiant Spincrystal 11: 141011,Ngọc Thạch Âm Vang 11: 141011,141011
Radiant Spincrystal 12: 141012,Ngọc Thạch Âm Vang 12: 141012,141012
Radiant Spincrystal 13: 141013,Ngọc Thạch Âm Vang 13: 141013,141013
Radiant Spincrystal 14: 141014,Ngọc Thạch Âm Vang 14: 141014,141014
Radiant Spincrystal 15: 141015,Ngọc Thạch Âm Vang 15: 141015,141015
Radiant Spincrystal 16: 141016,Ngọc Thạch Âm Vang 16: 141016,141016
Radiant Spincrystal 17: 141017,Ngọc Thạch Âm Vang 17: 141017,141017
Radiant Spincrystal 18: 141018,Ngọc Thạch Âm Vang 18: 141018,141018
Radiant Spincrystal 19: 141019,Ngọc Thạch Âm Vang 19: 141019,141019
Radiant Spincrystal 20: 141020,Ngọc Thạch Âm Vang 20: 141020,141020
Radiant Spincrystal 21: 141021,Ngọc Thạch Âm Vang 21: 141021,141021
Radiant Spincrystal 22: 141022,Ngọc Thạch Âm Vang 22: 141022,141022
Radiant Spincrystal 23: 141023,Ngọc Thạch Âm Vang 23: 141023,141023
Radiant Spincrystal 24: 141024,Ngọc Thạch Âm Vang 24: 141024,141024
Radiant Spincrystal 25: 141025,Ngọc Thạch Âm Vang 25: 141025,141025
Radiant Spincrystal 26: 141026,Ngọc Thạch Âm Vang 26: 141026,141026
Radiant Spincrystal 27: 141027,Ngọc Thạch Âm Vang 27: 141027,141027
Radiant Spincrystal 28: 141028,Ngọc Thạch Âm Vang 28: 141028,141028
Radiant Spincrystal 29: 141029,Ngọc Thạch Âm Vang 29: 141029,141029
Radiant Spincrystal 30: 141030,Ngọc Thạch Âm Vang 30: 141030,141030
Radiant Spincrystal 31: 141031,Ngọc Thạch Âm Vang 31: 141031,141031
Radiant Spincrystal 32: 141032,Ngọc Thạch Âm Vang 32: 141032,141032
Radiant Spincrystal 33: 141033,Ngọc Thạch Âm Vang 33: 141033,141033
Radiant Spincrystal 34: 141034,Ngọc Thạch Âm Vang 34: 141034,141034
Radiant Spincrystal 35: 141035,Ngọc Thạch Âm Vang 35: 141035,141035
Radiant Spincrystal 36: 141036,Ngọc Thạch Âm Vang 36: 141036,141036
Radiant Spincrystal 37: 141037,Ngọc Thạch Âm Vang 37: 141037,141037
Radiant Spincrystal 38: 141038,Ngọc Thạch Âm Vang 38: 141038,141038
Radiant Spincrystal 39: 141039,Ngọc Thạch Âm Vang 39: 141039,141039
Radiant Spincrystal 40: 141040,Ngọc Thạch Âm Vang 40: 141040,141040
Radiant Spincrystal 41: 141041,Ngọc Thạch Âm Vang 41: 141041,141041
Radiant Spincrystal 42: 141042,Ngọc Thạch Âm Vang 42: 141042,141042
Radiant Spincrystal 43: 141043,Ngọc Thạch Âm Vang 43: 141043,141043
Radiant Spincrystal 44: 141044,Ngọc Thạch Âm Vang 44: 141044,141044
Radiant Spincrystal 45: 141045,Ngọc Thạch Âm Vang 45: 141045,141045
Radiant Spincrystal 46: 141046,Ngọc Thạch Âm Vang 46: 141046,141046
Radiant Spincrystal 47: 141047,Ngọc Thạch Âm Vang 47: 141047,141047
Radiant Spincrystal 48: 141048,Ngọc Thạch Âm Vang 48: 141048,141048
Radiant Spincrystal 49: 141049,Ngọc Thạch Âm Vang 49: 141049,141049
Radiant Spincrystal 50: 141050,Ngọc Thạch Âm Vang 50: 141050,141050
Radiant Spincrystal 51: 141051,Ngọc Thạch Âm Vang 51: 141051,141051
Radiant Spincrystal 52: 141052,Ngọc Thạch Âm Vang 52: 141052,141052
Radiant Spincrystal 53: 141053,Ngọc Thạch Âm Vang 53: 141053,141053
Radiant Spincrystal 54: 141054,Ngọc Thạch Âm Vang 54: 141054,141054
Radiant Spincrystal 55: 141055,Ngọc Thạch Âm Vang 55: 141055,141055
Radiant Spincrystal 56: 141056,Ngọc Thạch Âm Vang 56: 141056,141056
Radiant Spincrystal 57: 141057,Ngọc Thạch Âm Vang 57: 141057,141057
Radiant Spincrystal 58: 141058,Ngọc Thạch Âm Vang 58: 141058,141058
Radiant Spincrystal 59: 141059,Ngọc Thạch Âm Vang 59: 141059,141059
Radiant Spincrystal 60: 141060,Ngọc Thạch Âm Vang 60: 141060,141060
Radiant Spincrystal 61: 141061,Ngọc Thạch Âm Vang 61: 141061,141061
Radiant Spincrystal 62: 141062,Ngọc Thạch Âm Vang 62: 141062,141062
Radiant Spincrystal 63: 141063,Ngọc Thạch Âm Vang 63: 141063,141063
Radiant Spincrystal 64: 141064,Ngọc Thạch Âm Vang 64: 141064,141064
Radiant Spincrystal 65: 141065,Ngọc Thạch Âm Vang 65: 141065,141065
Radiant Spincrystal 66: 141066,Ngọc Thạch Âm Vang 66: 141066,141066
Radiant Spincrystal 67: 141067,Ngọc Thạch Âm Vang 67: 141067,141067
Radiant Spincrystal 68: 141068,Ngọc Thạch Âm Vang 68: 141068,141068
Radiant Spincrystal 69: 141069,Ngọc Thạch Âm Vang 69: 141069,141069
Radiant Spincrystal 70: 141070,Ngọc Thạch Âm Vang 70: 141070,141070
Radiant Spincrystal 71: 141071,Ngọc Thạch Âm Vang 71: 141071,141071
Radiant Spincrystal 72: 141072,Ngọc Thạch Âm Vang 72: 141072,141072
Radiant Spincrystal 73: 141073,Ngọc Thạch Âm Vang 73: 141073,141073
Radiant Spincrystal 74: 141074,Ngọc Thạch Âm Vang 74: 141074,141074
Radiant Spincrystal 75: 141075,Ngọc Thạch Âm Vang 75: 141075,141075
Radiant Spincrystal 76: 141076,Ngọc Thạch Âm Vang 76: 141076,141076
Radiant Spincrystal 77: 141077,Ngọc Thạch Âm Vang 77: 141077,141077
Radiant Spincrystal 78: 141078,Ngọc Thạch Âm Vang 78: 141078,141078
Radiant Spincrystal 79: 141079,Ngọc Thạch Âm Vang 79: 141079,141079
Radiant Spincrystal 80: 141080,Ngọc Thạch Âm Vang 80: 141080,141080
Radiant Spincrystal 81: 141081,Ngọc Thạch Âm Vang 81: 141081,141081
Radiant Spincrystal 82: 141082,Ngọc Thạch Âm Vang 82: 141082,141082
Radiant Spincrystal 83: 141083,Ngọc Thạch Âm Vang 83: 141083,141083
Radiant Spincrystal 84: 141084,Ngọc Thạch Âm Vang 84: 141084,141084
Radiant Spincrystal 85: 141085,Ngọc Thạch Âm Vang 85: 141085,141085
Radiant Spincrystal 86: 141086,Ngọc Thạch Âm Vang 86: 141086,141086
Radiant Spincrystal 87: 141087,Ngọc Thạch Âm Vang 87: 141087,141087
Radiant Spincrystal 88: 141088,Ngọc Thạch Âm Vang 88: 141088,141088
Radiant Spincrystal 89: 141089,Ngọc Thạch Âm Vang 89: 141089,141089
Radiant Spincrystal 90: 141090,Ngọc Thạch Âm Vang 90: 141090,141090
Radiant Spincrystal 91: 141091,Ngọc Thạch Âm Vang 91: 141091,141091
Radiant Spincrystal 92: 141092,Ngọc Thạch Âm Vang 92: 141092,141092
Radiant Spincrystal 93: 141093,Ngọc Thạch Âm Vang 93: 141093,141093
Lantern Fiber: 200001,Giấy Đèn: 200001,200001
Wick Material: 200002,Dây Tâm Đèn: 200002,200002
Plaustrite Shard: 200003,Mảnh Phù Sinh Thạch: 200003,200003
Xiao Lantern: 200004,Đèn Tiêu: 200004,200004
Rime-Worn Fragment: 200101,Băng Vụn Vỡ: 200101,200101
Rime-Worn Crystal: 200102,Kết Tinh Băng: 200102,200102
Festering Dragon Marrow: 200103,Xương Rồng Mục Nát: 200103,200103
"""The Visible Winds"": 200104","""Ngọn gió nhìn thấy được"": 200104",200104
"""Fragments of Innocence"": 200105",Trích Đoạn Cổ Tích: 200105,200105
Emperor's Balsam: 200106,Dầu Vua Biển: 200106,200106
Ako's Sake Vessel: 200107,Hộp Rượu Ako Domeki: 200107,200107
Alkahest: 200108,Alkahest: 200108,200108
Ointment of Sight: 200109,Dầu Cá Thị Lực: 200109,200109
Glowing Gem: 200110,Bảo Châu Hoàng Hôn: 200110,200110
Original Fish Ointment: 200111,Dầu Cá Biển Cả: 200111,200111
Plume of the Changing Winds: 200112,Lông Vũ Chuyển Gió: 200112,200112
Parasol Talcum: 200113,Bột Keo: 200113,200113
Falcon's Dance: 200201,Vũ Điệu Chim Ưng: 200201,200201
Steelwing: 200202,Cánh Thép: 200202,200202
Galespring: 200203,Suối Nguồn Của Gió: 200203,200203
Crushing Blow: 200204,Nặng Nề: 200204,200204
Hunter's Romp: 200205,Vũ Điệu Thợ Săn: 200205,200205
Ironbow: 200206,Cung Thép: 200206,200206
Whirlpool: 200207,Lốc Xoáy: 200207,200207
Fierce Strike: 200208,Mãnh Kích: 200208,200208
Featherweight: 200209,Uyển Chuyển: 200209,200209
Blade Dance: 200210,Vũ Điệu Sắc Bén: 200210,200210
Courageous: 200211,Anh Dũng: 200211,200211
Emboldened: 200212,Cổ Vũ: 200212,200212
Song of Steel: 200213,Khúc Ca Thép: 200213,200213
Intertwined Steps: 200214,Vũ Điệu Đan Xen: 200214,200214
Ritual: 200215,Nghi Lễ: 200215,200215
War Breeds War: 200216,Chiến Đấu Bền Bỉ: 200216,200216
Burst Damage: 200217,Bạo Phát: 200217,200217
Endless Waltz: 200218,Vũ Điệu Vô Tận: 200218,200218
Refined Burst: 200219,Tinh Luyện Bạo Phát: 200219,200219
Charge Up: 200220,Kỹ Năng Nộ: 200220,200220
Overcharge: 200221,Nạp Siêu Tốc: 200221,200221
Thundering Dance: 200222,Vũ Điệu Sấm Sét: 200222,200222
Timely Rain: 200223,Cam Lâm: 200223,200223
Overmastered: 200224,Siêu Tinh Thông: 200224,200224
Scattersleet Dance: 200225,Vũ Điệu Khuyếch Tán: 200225,200225
Frostbite: 200226,Băng Giá: 200226,200226
Keen Edge: 200227,Sắc Bén: 200227,200227
Starcrystal Dance: 200228,Vũ Điệu Tinh Thể: 200228,200228
Refraction Crystals: 200229,Ánh Sáng Kết Tinh: 200229,200229
Focusing Crystals: 200230,Năng Lượng Kết Tinh: 200230,200230
Iron Wall: 200231,Tường Sắt: 200231,200231
Duelist's Dance: 200232,Vũ Điệu Quyết Đấu: 200232,200232
Coalesced Defenses: 200233,Vết Máu Bảo Hộ: 200233,200233
Enhanced Healing: 200234,Trị Liệu Siêu Cấp: 200234,200234
Execution: 200235,Xử Phạt: 200235,200235
Judgment: 200236,Phán Quyết: 200236,200236
Challenger: 200237,Người Khiêu Chiến: 200237,200237
Fractured Fruit Bit: 200238,Mẫu Mảnh Quả: 200238,200238
Fractured Fruit Fragment: 200239,Lá Mảnh Quả: 200239,200239
Fractured Fruit Shard: 200240,Xác Mảnh Quả: 200240,200240
Duelist's Dance: 200241,Vũ Điệu Quyết Đấu: 200241,200241
Blade Dance: 200242,Vũ Điệu Sắc Bén: 200242,200242
Starcrystal Dance: 200243,Vũ Điệu Tinh Thể: 200243,200243
Intertwined Steps: 200244,Vũ Điệu Kết Giao: 200244,200244
Endless Waltz: 200245,Vũ Điệu Vô Tận: 200245,200245
Refraction Crystals: 200246,Ánh Sáng Kết Tinh: 200246,200246
Emboldened: 200247,Cổ Vũ: 200247,200247
Courageous: 200248,Anh Dũng: 200248,200248
Whirlpool: 200249,Lốc Xoáy: 200249,200249
Challenger: 200250,Người Khiêu Chiến: 200250,200250
Execution: 200251,Xử Hình: 200251,200251
Focusing Crystals: 200252,Năng Lượng Kết Tinh: 200252,200252
Refined Burst: 200253,Tinh Luyện Bạo Phát: 200253,200253
Judgment: 200254,Phán Quyết: 200254,200254
Keen Edge: 200255,Sắc Bén: 200255,200255
Burst Damage: 200256,Bạo Phát: 200256,200256
Overmastered: 200257,Siêu Tinh Thông: 200257,200257
Iron Wall: 200258,Tường Sắt: 200258,200258
Song of Steel: 200259,Khúc Ca Thép: 200259,200259
Fierce Strike: 200260,Mãnh Kích: 200260,200260
Dance of Abundance: 200261,Vũ Điệu Bội Thu: 200261,200261
Conductivity: 200262,Độ Dẫn Nhiệt: 200262,200262
Wilderness Rod: 200900,Cần Câu Rừng Hoang: 200900,200900
Windtangler: 200901,Cần Câu Gió Thoảng: 200901,200901
Wishmaker: 200902,Cần Câu Cầu Nguyện: 200902,200902
Narukawa Ukai: 200903,Narukawa Ukai: 200903,200903
Moonstringer: 200904,Kẻ Trói Trăng: 200904,200904
Serendipity: 200905,Tùy Duyên: 200905,200905
Genshin Impact: 210001,Nguyên Thần - Ấn Tượng: 210001,210001
Travel Notes: 210002,Nhật Ký Hành Trình Của Gió: 210002,210002
Amber: 210003,Amber - Con Thỏ: 210003,210003
Klee: 210004,Klee - Thuốc Nổ: 210004,210004
Diluc: 210005,Diluc - Thiêu Đốt: 210005,210005
Razor: 210006,Razor - Sói Chạy: 210006,210006
Venti: 210007,Venti - Bầu Trời Xanh: 210007,210007
Jean: 210008,Jean - Hướng Gió: 210008,210008
Barbara: 210009,Barbara - Dòng Chảy: 210009,210009
Kaeya: 210010,Kaeya - Khổng Tước: 210010,210010
Lisa: 210011,Lisa - Đồng Hồ Cát: 210011,210011
Sucrose: 210012,Sucrose - Sáng Tạo: 210012,210012
Fischl: 210013,Fischl - Quạ Bóng Đêm: 210013,210013
Noelle: 210014,Noelle - Bảo Vệ: 210014,210014
Mona: 210015,Mona - Thiên Tinh: 210015,210015
Bennett: 210016,Bennett - Chấp Nhận: 210016,210016
Xiangling: 210017,Xiangling - Nấu Xong: 210017,210017
Xingqiu: 210018,Xingqiu - Cầu Vồng: 210018,210018
Qiqi: 210019,Qiqi - Đông Lạnh: 210019,210019
Keqing: 210020,Keqing - Đá Lôi: 210020,210020
Achievement: 210021,Thành tựu - Đi khắp nơi: 210021,210021
Achievement: 210022,Thành Tựu - Đặc Kỹ: 210022,210022
Achievement: 210023,Thành tựu - Hành hiệp: 210023,210023
Mondstadt: 210024,Mondstadt - Tiếng gió: 210024,210024
Liyue: 210025,Liyue - Sự cô đơn của đá: 210025,210025
Achievement: 210026,Thành tựu - Màu sắc cầu vồng: 210026,210026
Achievement: 210027,Thành tựu - Cung tên: 210027,210027
Achievement: 210028,Thành tựu - Khiêu chiến: 210028,210028
Achievement: 210029,Thành tựu - Thần Bí: 210029,210029
Achievement: 210030,Thành tựu - Sơn dân: 210030,210030
Achievement: 210031,Thành tựu - Quê hương của tuyết: 210031,210031
Achievement: 210032,Thành tựu - Cánh quạt: 210032,210032
Achievement: 210033,Thành tựu - Gặp gỡ: 210033,210033
Ningguang: 210038,Ningguang - Cốt cách phượng hoàng: 210038,210038
Beidou: 210039,Beidou - Nhổ neo: 210039,210039
Chongyun: 210040,Chongyun - Linh nhẫn: 210040,210040
Achievement: 210041,Thành tựu - Khiêu chiến (II): 210041,210041
Travel Notes: 210042,Khởi Hành-Tức Tinh: 210042,210042
Diona - Meo: 210043,Diona - Meo: 210043,210043
Zhongli: 210044,Zhongli - Thiên Tinh: 210044,210044
Xinyan: 210045,Xinyan - Sau khi hát: 210045,210045
Childe: 210046,Childe - Quỷ Trang: 210046,210046
Mondstadt: 210047,Mondstadt - Lẫy Lừng: 210047,210047
Mondstadt: 210048,Mondstadt - Chúc Phúc: 210048,210048
Liyue: 210049,Liyue - Thiên Phàm: 210049,210049
Liyue: 210050,Liyue - Vân Gián: 210050,210050
Achievement: 210051,Thành tựu - Khiêu chiến (III): 210051,210051
Achievement: 210052,Thành tựu - Đỉnh tuyết: 210052,210052
Ganyu: 210053,Ganyu - Lân Tích: 210053,210053
Albedo: 210054,Albedo - Hướng Dương: 210054,210054
Travel Notes: 210055,Nhật Ký Hành Trình - Vôi Trắng: 210055,210055
Frostbearing: 210056,Chịu Lạnh - Cổ Thụ: 210056,210056
Celebration: 210057,Lễ Hội - Nguyên Bản: 210057,210057
Xiao: 210058,Xiao - Mặt Nạ: 210058,210058
Hu Tao: 210059,Hu Tao - An Thần: 210059,210059
Travel Notes: 210060,Nhật Ký Hành Trình - Minh Tiêu: 210060,210060
Celebration: 210061,Lễ Hội - Ánh Đèn: 210061,210061
Celebration: 210062,Lễ Hội - Cờ: 210062,210062
Rosaria: 210063,Rosaria - Khổ Sai: 210063,210063
Travel Notes: 210064,Nhật Ký Hành Trình Hoa Gió: 210064,210064
Celebration: 210065,Lễ Hội - Tiệc Lớn: 210065,210065
Celebration: 210066,Lễ Hội - Quang Lân: 210066,210066
Celebration: 210067,Lễ Hội - Tuệ Quả: 210067,210067
Celebration: 210068,Lễ Hội - Trốn Tìm: 210068,210068
Yanfei: 210069,Yanfei - Công Chính: 210069,210069
Eula: 210070,Eula - Ấn Băng: 210070,210070
Travel Notes: 210071,Nhật Ký Hành Trình - Dạo Bước Cõi Trần: 210071,210071
Achievement: 210072,Thành Tựu - Ấm Trần Ca: 210072,210072
Kaedehara Kazuha: 210073,Kaedehara Kazuha - Lặng Ngắm Núi Thu: 210073,210073
Travel Notes: 210074,Nhật Ký Hành Trình – Mùa Hè Rực Rỡ: 210074,210074
Achievement: 210075,Thành tựu – Cư trú: 210075,210075
Celebration: 210076,Lễ Hội - Bao La: 210076,210076
Celebration: 210077,Lễ Hội – Bóng Ma Thuật: 210077,210077
Celebration: 210078,Lễ Hội – Đấu Kịch: 210078,210078
Inazuma: 210079,Inazuma - Anh Đào Thần: 210079,210079
Travel Notes: 210080,Nhật Ký Hành Trình - Đền Narukami: 210080,210080
Kamisato Ayaka: 210081,Kamisato Ayaka - Cây Quạt: 210081,210081
Yoimiya: 210082,Yoimiya - Hoa Lửa Kim Lưu: 210082,210082
Sayu - Muji-Muji Daruma: 210083,Sayu - Muji-Muji Daruma: 210083,210083
Inazuma: 210084,Inazuma - Hoa Văn Lôi Điện: 210084,210084
Inazuma: 210085,Inazuma - Hoa Văn Kamisato: 210085,210085
Achievement: 210086,Thành Tựu - Cánh Cửa: 210086,210086
Achievement: 210087,Thành Tựu - Trải qua: 210087,210087
Achievement: 210088,Thành Tựu - Rồng Đá: 210088,210088
Achievement: 210089,Thành Tựu - Trăm Hoa Đua Nở: 210089,210089
Inazuma: 210090,Inazuma- Hoa Văn Kujou: 210090,210090
Celebration: 210091,Lễ Hội - Thần Cơ Diệu Toán: 210091,210091
Raiden Shogun: 210092,Raiden Shogun - Thức Tỉnh: 210092,210092
Sangonomiya Kokomi: 210093,Sangonomiya Kokomi - Biển Sâu: 210093,210093
Kujou Sara - Tengu: 210094,Kujou Sara - Tengu: 210094,210094
Aloy: 210095,Aloy - Nhật Ký Bình Minh: 210095,210095
Travel Notes: 210096,Nhật Ký Hành Trình - Trục Nguyệt: 210096,210096
Inazuma: 210097,Inazuma - Hoa Văn Sangonomiya: 210097,210097
Achievement: 210098,Thành Tựu - Đập Kim: 210098,210098
Celebration: 210099,Lễ Hội - Lắng Nghe Giai Điệu: 210099,210099
Celebration: 210100,Lễ Hội - Ikki: 210100,210100
Thoma: 210101,Thoma - Băng Đỏ: 210101,210101
Travel Notes: 210102,Nhật Ký Hành Trình - Thần Tướng: 210102,210102
Inazuma: 210103,Inazuma - Lông Đại Bàng: 210103,210103
Gorou: 210104,Gorou - Chó Nhàn Nhã: 210104,210104
Itto: 210105,Itto - Mặt Quỷ: 210105,210105
Travel Notes: 210106,Nhật Ký Hành Trình - Lyratum: 210106,210106
Shenhe: 210107,Shenhe - Tiết Lược: 210107,210107
Yun Jin: 210108,Yun Jin - Đối Âm: 210108,210108
Inazuma - Tokoyo: 210109,Inazuma - Tokoyo: 210109,210109
Travel Notes: 210110,Nhật Ký Hành Trình - Sắc Màu: 210110,210110
Celebration: 210111,Tiệc Mừng - Linh Đình: 210111,210111
Yae Miko: 210112,Yae Miko - Hồ Ly Mơ Mộng: 210112,210112
Travel Notes: 210113,Nhật Ký Hành Trình - Thức Tỉnh: 210113,210113
Kamisato Ayato: 210114,Kamisato Ayato - Gợn Sóng: 210114,210114
Lumens: 210115,Lưu Minh - Huy Thạch: 210115,210115
Achievement: 210116,Thành Tựu - Sấm Sét: 210116,210116
Achievement: 210117,Thành Tựu - Núi Đá: 210117,210117
Travel Notes: 210118,Nhật Ký Hành Trình - Irodori: 210118,210118
Yelan: 210119,Yelan - Đổ Xúc Xắc: 210119,210119
Kuki Shinobu: 210120,Kuki Shinobu - Lưới: 210120,210120
Travel Notes: 210121,Nhật Ký Hành Trình - Thiên Mệnh: 210121,210121
Shikanoin Heizou - Temari: 210122,Shikanoin Heizou - Temari: 210122,210122
Travel Notes: 210123,Nhật Ký Hành Trình - Biển Xanh: 210123,210123
Tighnari: 210124,Tighnari - Mộc Lộ: 210124,210124
Collei: 210125,Collei - Quân Tử: 210125,210125
Dori: 210126,Dori - Đèn Thần: 210126,210126
Travel Notes: 210127,Nhật Ký Hành Trình - Rừng Sâu: 210127,210127
Achievement: 210128,Thành tựu - Dạo Bước: 210128,210128
Achievement: 210129,Thành tựu - Hữu Duyên: 210129,210129
Sumeru: 210130,Sumeru - Tiên Cảnh: 210130,210130
Sumeru: 210131,Sumeru - Chiếu Rọi: 210131,210131
Sumeru - Quang Minh: 210132,Sumeru - Quang Minh: 210132,210132
Travel Notes: 210133,Nhật Ký Hành Trình Gió Về: 210133,210133
Cyno: 210134,Cyno - Yên Lặng: 210134,210134
Candace: 210135,Candace - Vạc Trời: 210135,210135
Nilou: 210136,Nilou - Vũ Điệu Hoa Sen: 210136,210136
Achievement: 210137,Thành Tựu - Bảy Tia Sáng: 210137,210137
Sumeru: 210138,Sumeru - Giẫm Chân Lên Cát: 210138,210138
Achievement: 210139,Thành Tựu - Giấc Mơ Phản Chiếu: 210139,210139
Nahida: 210140,Nahida - Ngắm Trăng: 210140,210140
Layla: 210141,Layla - Giấc Mơ Ban Ngày: 210141,210141
Travel Notes: 210142,Nhật Ký Hành Trình Rừng Nấm: 210142,210142
Wanderer: 210143,Kẻ Lang Thang - Phù Ca: 210143,210143
Faruzan: 210144,Faruzan - Bí Mật Của Phong Ấn: 210144,210144
Achievement: 210145,Thành Tựu - Thất Thánh: 210145,210145
Travel Notes: 210146,Nhật Ký Hành Trình - Dòng Đời: 210146,210146
Alhaitham: 210147,Alhaitham - Giác Ngộ: 210147,210147
Yaoyao: 210148,Yaoyao - Nguyệt Quế: 210148,210148
Celebration: 210149,Lễ Hội - Mây Trôi: 210149,210149
Travel Notes: 210150,Nhật Ký Hành Trình - Hòa Tấu: 210150,210150
Achievement: 210151,Thành Tựu - Bão Cát: 210151,210151
Anemoculus Resonance Stone: 220001,Đá Cộng Hưởng Phong Thần Đồng: 220001,220001
Geoculus Resonance Stone: 220002,Đá Cộng Hưởng Nham Thần Đồng: 220002,220002
Geo Treasure Compass: 220003,La Bàn Tìm Báu Vật - Nham: 220003,220003
Wind Catcher: 220004,Bình Bắt Gió: 220004,220004
Portable Waypoint: 220005,Điểm Dịch Chuyển Bỏ Túi: 220005,220005
Adepti Seeker's Stove: 220006,Nhà Ẩm Thực Tìm Tiên: 220006,220006
Condensed Resin: 220007,Nhựa Cô Đặc: 220007,220007
NRE (Menu 30): 220008,Túi Dinh Dưỡng Bỏ Túi - Mẫu 30: 220008,220008
Anemo Treasure Compass: 220009,La Bàn Tìm Báu Vật - Phong: 220009,220009
Treasure-Seeking Seelie: 220013,Tiên Linh Tầm Bảo: 220013,220013
Mini Seelie: 220014,Tiên Linh Nhỏ Bé - Cỏ Sương: 220014,220014
Mini Seelie: 220015,Tiên Linh Nhỏ Bé - Hồng Nhạt: 220015,220015
Mini Seelie: 220016,Tiên Linh Nhỏ Bé - Ánh Vàng: 220016,220016
Warming Bottle: 220017,Bình Phát Nhiệt: 220017,220017
Kamera: 220018,Máy Ảnh: 220018,220018
Kurious Kamera: 220019,Máy Ảnh Kỳ Lạ: 220019,220019
Special Kamera: 220020,Máy Ảnh Đặc Chế: 220020,220020
Parametric Transformer: 220021,Máy Biến Đổi Tham Số: 220021,220021
Inquisitive Endora: 220022,Endora Hiếu Kỳ: 220022,220022
Endora: 220023,Endora: 220023,220023
Windblume Festival Commemorative Balloon: 220024,Bong Bóng Kỉ Niệm Lễ Hội Hoa Gió: 220024,220024
Windsong Lyre: 220025,Cung Đàn Của Gió: 220025,220025
Serenitea Pot: 220026,Ấm Trần Ca: 220026,220026
Wind-Blessed Harpastum: 220027,Quả Cầu Của Gió: 220027,220027
Waverider Repair Toolbox: 220028,Rương Dụng Cụ Sửa Thuyền: 220028,220028
Straight Shooter: 220029,Đạn Nổ Chuẩn: 220029,220029
Floaty Splody: 220030,Đạn Nổ Bay Bổng: 220030,220030
Hot Pod: 220031,Đạn Nổ Nóng Rực: 220031,220031
Electroculus Resonance Stone: 220032,Đá Cộng Hưởng Lôi Thần Đồng: 220032,220032
Seed Dispensary: 220033,Hộp Hạt Giống: 220033,220033
Electro Treasure Compass: 220034,La Bàn Tìm Báu Vật - Lôi: 220034,220034
Red Feather Fan: 220035,Quạt Lông Đỏ: 220035,220035
Memento Lens: 220036,Kính Kỷ Vật: 220036,220036
Treasure-Seeking Seelie: 220037,Tiên Linh Tầm Bảo: 220037,220037
Mini Seelie: 220038,Tiên Linh Nhỏ Bé - Tử Uyển: 220038,220038
Peculiar Pinion: 220039,Chiếc Lông Kỳ Lạ: 220039,220039
Peculiar Pinion: 220040,Chiếc Lông Kỳ Lạ: 220040,220040
???: 220041,???: 220041,220041
Ayesha's Chaos Prospector: 220042,Máy Thăm Dò Hỗn Độn Ayesha: 220042,220042
Omni-Ubiquity Net: 220043,"""Thiên La Địa Võng"": 220043",220043
Floral Zither: 220044,Đàn Vang Vọng: 220044,220044
Shiki Koshou: 220045,Shiki Koshou: 220045,220045
Ubiquity Net: 220046,"""Lưới Bắt Thú"": 220046",220046
Launch Tube: 220047,"""Ống Pháo Hoa"": 220047",220047
Lumenstone Adjuvant: 220048,Chất Xúc Tác Lưu Minh Thạch: 220048,220048
Bokuso Box: 220049,Hộp Bokuso: 220049,220049
[CHS] - (test)CD测试道具: 220050,[CHS] - (test)CD测试道具: 220050,220050
Arataki's Great and Glorious Drum: 220051,Trống Arataki Đệ Nhất: 220051,220051
Material Collector: 220052,Máy Thu Thập Nguyên Liệu: 220052,220052
"""Kusava"": 220053","""Kusava"": 220053",220053
[CHS] - （test）仇恨测试道具: 220054,[CHS] - （test）仇恨测试道具: 220054,220054
Aranyaka: 220055,Aranyaka: 220055,220055
Casket of Tomes: 220056,Hộp Bài Thần Bí: 220056,220056
Dendroculus Resonance Stone: 220057,Đá Cộng Hưởng Thảo Thần Đồng: 220057,220057
Dendro Treasure Compass: 220058,La Bàn Tìm Báu Vật - Thảo: 220058,220058
"""The Boon of the Elder Tree"": 220059","""Phù Hộ Của Cây Vua"": 220059",220059
Ultra-Hot Burner Lamp Test Model: 220060,Đèn Đốt Dạng Thí Nghiệm: 220060,220060
Treasure-Seeking Seelie: 220061,Tiên Linh Tầm Bảo: 220061,220061
Mini Seelie: 220062,Tiên Linh Nhỏ Bé - Xanh Rêu: 220062,220062
Exquisite Kamera: 220063,Máy Ảnh Tinh Tế: 220063,220063
Banu's Wisdom: 220064,Trí Tuệ Của Banu: 220064,220064
Fishing Line Stabilizer: 220065,Máy Ổn Định Dây Câu: 220065,220065
Vintage Lyre: 220066,Đàn Cổ: 220066,220066
Jumpy Dumpty Party Popper: 220067,Pháo Kéo Nảy Nảy: 220067,220067
[CHS] - (test)赤沙石板: 220068,[CHS] - (test)赤沙石板: 220068,220068
Scarlet Sand Slate: 220069,Phiến Đá Cát Đỏ: 220069,220069
"""Bubbly Kamera"": 220070","""Máy Ảnh Bọt Nước Trong Vắt"": 220070",220070
"""Kusava"": 220071","""Kusava"": 220071",220071
Jinni in the Magic Bottle — Liloupar: 220072,Trấn Linh Bình Ma - Liloupar: 220072,220072
Wisdom Orb: 220073,Ngọc Trí Tuệ: 220073,220073
Cloud Retainer's Damasked Device: 220074,Cơ Quan Giấy Lụa - Lưu Vân: 220074,220074
Wilderness Compass: 220075,La Bàn Hoang Dã: 220075,220075
Instructions: 221001,Giải Thích: 221001,221001
Instructions: 221002,Giải Thích: 221002,221002
Diagram: 221003,Bản Vẽ: 221003,221003
Diagram: 221004,Bản Vẽ: 221004,221004
Instructions: 221005,Giải Thích: 221005,221005
Diagram: 221006,Bản Vẽ: 221006,221006
Instructions: 221007,Giải Thích: 221007,221007
Diagram: 221008,Bản Vẽ: 221008,221008
Diagram: 221009,Bản Vẽ: 221009,221009
Memory of the Entombed City: 221010,Ký ức Cố Đô Tuyết Vùi: 221010,221010
Memory of the Frostbearing Tree: 221011,Ký ức Cây Chịu Lạnh: 221011,221011
Diagram: 221012,Bản vẽ: 221012,221012
Saimon Heirloom Blade Diagram: 221013,Bản vẽ danh đao gia truyền của nhà Saimon: 221013,221013
Diagram: 221014,Bản vẽ: 221014,221014
Diagram: 221015,Bản Vẽ: 221015,221015
Diagram: 221016,Bản Vẽ: 221016,221016
Diagram: 221017,Bản vẽ: 221017,221017
Mask of Memories: 221018,Mặt Nạ Đầy Ký Ức: 221018,221018
Tale of the Forest King: 221019,Câu Chuyện Về Vua Rừng Sâu: 221019,221019
Tale of the Desert: 221020,Câu Chuyện Về Sa Mạc: 221020,221020
Tale of the King's Squire: 221021,Câu Chuyện Về Cận Vệ Của Vua: 221021,221021
Tale of the Moonlight: 221022,Câu Chuyện Về Mặt Trăng: 221022,221022
Tale of the Portent: 221023,Câu Chuyện Về Điềm Báo: 221023,221023
Instructions: 221032,Giải Thích: 221032,221032
Diagram: 221034,Bản Vẽ: 221034,221034
Formula: 221035,Công Thức: 221035,221035
Formula: 221036,Công Thức: 221036,221036
Formula: 221037,Công Thức: 221037,221037
Formula: 221038,Công Thức: 221038,221038
Formula: 221039,Công Thức: 221039,221039
Instructions: 221057,Giải Thích: 221057,221057
Diagram: 221058,Bản Vẽ: 221058,221058
Silken logger.info: 222001,"""Dấu Ấn Sắc Màu"": 222001",222001
Nature's True Fruit: 222002,Hoa Quả Của Rừng Rậm: 222002,222002
The Mountain Clouds Let Down Golden Rain: 223001,Mây Trôi Nghìn Trùng Đón Tiếng Mưa: 223001,223001
The Silver Night is Full of Stars: 223002,Ánh Sao Tô Điểm Khắp Đêm Bạc: 223002,223002
The Gloom Paints the Cold Blooms: 223003,Tễ Thanh Yểu Mạn Nhiễm Hàn Anh: 223003,223003
Fireworks Dance Amidst a Snowy Sky: 223004,Tuyết Tán Yên Hỏa Thứ Đệ Huyền: 223004,223004
Golden Calendula Swirl: 223005,Kim Trản Huỳnh Hoa Tự Quyển Toàn: 223005,223005
Kindled Trees by the Moonlit Window: 223006,Thụy Nguyệt Hỏa Thụ Lạc Bạch Gian: 223006,223006
Mischievous Villosas: 223007,Tinh Ngịch Ngây Thơ Bánh Ngô Đồng: 223007,223007
Sparkly Shiny Dodoco!: 223008,Ánh Lửa Lấp Lánh Dodoco: 223008,223008
Fame and Fortune For a Season: 223009,Tài Vận Hanh Thông Suốt Cả Năm: 223009,223009
Unyielding Spirit: 223010,Ý Chí Bất Khuất Không Bỏ Cuộc: 223010,223010
Festival Spotlight: 223011,Đèn Tiêu Muôn Sắc Kết Nhân Duyên: 223011,223011
Wanmin Feast: 223012,Nhà Nhà Tề Tựu Dùng Bữa Ngon: 223012,223012
Between the Exquisite Throws of Her Enigmatic Dice: 223013,Giữa Những Viên Xúc Xắc Lung Linh: 223013,223013
Inuzaka General's Friendly Helper: 223014,Trợ Thủ Thân Thiện Inuzaka: 223014,223014
Cliffbreaker's Banner Flutters in Drum Rolls: 223015,Lá Cờ Tung Bay Trong Tiếng Trống: 223015,223015
"That Fairly Effectual ""Advice"" Against Wine: 223016",Âm Vang Cai Rượu Ửng Nắng Chiều: 223016,223016
Rainforest-Born Fungi: 223017,Nấm Mọc Chốn Rừng Mưa: 223017,223017
Obliging Little Yuegui: 223018,Tiểu Nguyệt Quế Ra Tay Tương Trợ: 223018,223018
Ganyu: 330000,Ganyu: 330000,330000
Kaeya: 330001,Kaeya: 330001,330001
Chongyun: 330002,Chongyun: 330002,330002
Kamisato Ayaka: 330003,Kamisato Ayaka: 330003,330003
Xingqiu: 330004,Xingqiu: 330004,330004
Mona: 330005,Mona: 330005,330005
Diluc: 330006,Diluc: 330006,330006
Xiangling: 330007,Xiangling: 330007,330007
Bennett: 330008,Bennett: 330008,330008
Yoimiya: 330010,Yoimiya: 330010,330010
Fischl: 330011,Fischl: 330011,330011
Razor: 330012,Razor: 330012,330012
Keqing: 330013,Keqing: 330013,330013
Sucrose: 330014,Sucrose: 330014,330014
Jean: 330015,Jean: 330015,330015
Ningguang: 330016,Ningguang: 330016,330016
Noelle: 330017,Noelle: 330017,330017
Collei: 330018,Collei: 330018,330018
Rhodeia of Loch: 330019,Tinh Linh Nước Trong - Rhodeia: 330019,330019
Fatui Pyro Agent: 330020,Người Xử Lý Nợ Hỏa: 330020,330020
Maguu Kenki: 330021,Maguu Kenki: 330021,330021
Stonehide Lawachurl: 330022,Vua Mũ Đá Hilichurl: 330022,330022
Diona: 330023,Diona: 330023,330023
Cyno: 330024,Cyno: 330024,330024
Barbara: 330025,Barbara: 330025,330025
Mirror Maiden: 330026,Thiếu Nữ Kính: 330026,330026
Jadeplume Terrorshroom: 330027,Nấm Thúy Linh: 330027,330027
Klee: 330032,Klee: 330032,330032
Beidou: 330034,Beidou: 330034,330034
Undivided Heart: 330500,Duy Thử Nhất Tâm: 330500,330500
Cold-Blooded Strike: 330501,Lãnh Huyết Kiếm: 330501,330501
Steady Breathing: 330502,Hơi Thở Bình Yên: 330502,330502
Kanten Senmyou Blessing: 330503,Lời Chúc Kanten Senmyou: 330503,330503
The Scent Remained: 330504,Mùi Hương Vương Vấn: 330504,330504
Prophecy of Submersion: 330505,Tiên Tri Chìm Đắm: 330505,330505
Flowing Flame: 330506,Lòng Như Lửa Đốt: 330506,330506
Crossfire: 330507,Hỏa Lực Đan Chéo: 330507,330507
Grand Expectation: 330508,Tầm Nhìn Phiêu Lưu: 330508,330508
Naganohara Meteor Swarm: 330510,Chòm Sao Băng Naganohara: 330510,330510
Stellar Predator: 330511,Ác Điểu Nuốt Sao: 330511,330511
Awakening: 330512,Thức Tỉnh: 330512,330512
Thundering Penance: 330513,Sự Trừng Phạt Sấm Sét: 330513,330513
Chaotic Entropy: 330514,Thuyết Hỗn Loạn: 330514,330514
Lands of Dandelion: 330515,Lãnh Thổ Bồ Công Anh: 330515,330515
Strategic Reserve: 330516,Kiếm Củi Ba Năm Thiêu Một Giờ: 330516,330516
I Got Your Back: 330517,Chi Viện Cứ Giao Cho Tôi: 330517,330517
Floral Sidewinder: 330518,Lá Khẽ Bay Nghiêng: 330518,330518
Streaming Surge: 330519,Trăm Sông Tuôn Chảy: 330519,330519
Paid in Full: 330520,Đòi Lại Tất Cả: 330520,330520
Transcendent Automaton: 330521,Cơ Xảo Thần Thông: 330521,330521
Stonehide Reforged: 330522,Đúc Lại: 330522,330522
"Shaken, Not Purred: 330523",Vuốt Mèo Lắc Đá: 330523,330523
Featherfall Judgment: 330524,Lạc Vũ Phán Quyết: 330524,330524
Glorious Season: 330525,Mùa Huy Hoàng: 330525,330525
Mirror Cage: 330526,Lồng Kính: 330526,330526
Proliferating Spores: 330527,Bào Tử Sinh Sôi: 330527,330527
Pounding Surprise: 330530,Món Quà Bằng Bằng: 330530,330530
Lightning Storm: 330531,Sấm Sét Đầy Trời: 330531,330531
Magic Guide: 331000,Tóm Tắt Ma Pháp: 331000,331000
Sacrificial Fragments: 331001,Mảnh Chương Tế Lễ: 331001,331001
Skyward Atlas: 331002,Quyển Thiên Không: 331002,331002
Raven Bow: 331003,Cung Lông Quạ: 331003,331003
Sacrificial Bow: 331004,Cung Tế Lễ: 331004,331004
Skyward Harp: 331005,Cánh Thiên Không: 331005,331005
White Iron Greatsword: 331006,Kiếm Bạch Thiết: 331006,331006
Sacrificial Greatsword: 331007,Đại Kiếm Tế Lễ: 331007,331007
Wolf's Gravestone: 331008,Đường Cùng Của Sói: 331008,331008
White Tassel: 331009,Thương Bạch Anh: 331009,331009
Lithic Spear: 331010,Thương Thiên Nham: 331010,331010
Skyward Spine: 331011,Xương Sống Thiên Không: 331011,331011
Traveler's Handy Sword: 331012,Kiếm Lữ Hành: 331012,331012
Sacrificial Sword: 331013,Kiếm Tế Lễ: 331013,331013
Aquila Favonia: 331014,Phong Ưng Kiếm: 331014,331014
Adventurer's Bandana: 331015,Khăn Nhà Mạo Hiểm: 331015,331015
Lucky Dog's Silver Circlet: 331016,Vòng Bạc May Mắn: 331016,331016
Traveling Doctor's Handkerchief: 331017,Khăn Thầy Thuốc: 331017,331017
Gambler's Earrings: 331018,Hoa Tai Con Bạc: 331018,331018
Instructor's Cap: 331019,Nón Giáo Quan: 331019,331019
Exile's Circlet: 331020,Vương Miện Kẻ Lưu Đày: 331020,331020
Broken Rime's Echo: 331021,Tiếng Vọng Băng Vỡ Tuyết Rơi: 331021,331021
Blizzard Strayer: 331022,Dũng Sĩ Trong Băng Giá: 331022,331022
Wine-Stained Tricorne: 331023,Mũ Đượm Rượu: 331023,331023
Heart of Depth: 331024,Trái Tim Trầm Luân: 331024,331024
Witch's Scorching Hat: 331025,Nón Ma Nữ Lo Lắng: 331025,331025
Crimson Witch of Flames: 331026,Diệm Liệt Ma Nữ Cháy Rực: 331026,331026
Thunder Summoner's Crown: 331027,Vương Miện Gọi Sét: 331027,331027
Thundering Fury: 331028,Như Sấm Thịnh Nộ: 331028,331028
Viridescent Venerer's Diadem: 331029,Nón Thợ Săn: 331029,331029
Viridescent Venerer: 331030,Bóng Hình Màu Xanh: 331030,331030
Mask of Solitude Basalt: 331031,Mặt Nạ Huyền Thạch: 331031,331031
Archaic Petra: 331032,Phiến Đá Lâu Đời: 331032,331032
Laurel Coronet: 331033,Vương Miện Của Nguyệt Quế: 331033,331033
Deepwood Memories: 331034,Ký Ức Rừng Sâu: 331034,331034
Liyue Harbor Wharf: 332000,Bến Cảng Liyue: 332000,332000
Knights of Favonius Library: 332001,Thư Viện Đội Kỵ Sĩ: 332001,332001
Jade Chamber: 332002,Quần Ngọc Các: 332002,332002
Dawn Winery: 332003,Tửu Trang Dawn: 332003,332003
Wangshu Inn: 332004,Nhà Trọ Vọng Thư: 332004,332004
Favonius Cathedral: 332005,Đại Giáo Đường Tây Phong: 332005,332005
Paimon: 332006,Paimon: 332006,332006
Katheryne: 332007,Katheryne: 332007,332007
Timaeus: 332008,Timaeus: 332008,332008
Wagner: 332009,Wagner: 332009,332009
Chef Mao: 332010,Thầy Mao: 332010,332010
Tubby: 332011,Tubby: 332011,332011
Timmie: 332012,Timmie: 332012,332012
Liben: 332013,Liben: 332013,332013
Chang the Ninth: 332014,Thường Cửu Gia: 332014,332014
Ellin: 332015,Ellin: 332015,332015
Iron Tongue Tian: 332016,Tian Miệng Sắt: 332016,332016
Liu Su: 332017,Liu Su: 332017,332017
Parametric Transformer: 332018,Máy Biến Đổi Tham Số: 332018,332018
NRE: 332019,Túi Dinh Dưỡng Bỏ Túi: 332019,332019
Elemental Resonance: 333000,Cộng Hưởng Nguyên Tố: 333000,333000
Elemental Resonance: 333001,Cộng Hưởng Nguyên Tố: 333001,333001
Elemental Resonance: 333002,Cộng Hưởng Nguyên Tố: 333002,333002
Elemental Resonance: 333003,Cộng Hưởng Nguyên Tố: 333003,333003
Elemental Resonance: 333004,Cộng Hưởng Nguyên Tố: 333004,333004
Elemental Resonance: 333005,Cộng Hưởng Nguyên Tố: 333005,333005
Elemental Resonance: 333006,Cộng Hưởng Nguyên Tố: 333006,333006
Elemental Resonance: 333007,Cộng Hưởng Nguyên Tố: 333007,333007
Elemental Resonance: 333008,Cộng Hưởng Nguyên Tố: 333008,333008
Elemental Resonance: 333009,Cộng Hưởng Nguyên Tố: 333009,333009
Elemental Resonance: 333010,Cộng Hưởng Nguyên Tố: 333010,333010
Elemental Resonance: 333011,Cộng Hưởng Nguyên Tố: 333011,333011
Elemental Resonance: 333012,Cộng Hưởng Nguyên Tố: 333012,333012
Elemental Resonance: 333013,Cộng Hưởng Nguyên Tố: 333013,333013
The Bestest Travel Companion!: 333014,Đồng Đội Tốt Nhất!: 333014,333014
Changing Shifts: 333015,Thời Gian Thay Ca: 333015,333015
Toss-Up: 333016,Một Ném Càn Khôn: 333016,333016
Strategize: 333017,Bàn Luận Chiến Lược: 333017,333017
I Haven't Lost Yet!: 333018,Bổn Đại Gia Chưa Thua Đâu!: 333018,333018
Leave it to Me!: 333019,Cứ Giao Cho Tôi!: 333019,333019
When the Crane Returned: 333020,Khi Hạc Quay Về: 333020,333020
Starsigns: 333021,Trời Sao Dự Báo: 333021,333021
Calx's Arts: 333022,Thuật Vôi Trắng: 333022,333022
Master of Weaponry: 333023,Tinh Thông Võ Thuật: 333023,333023
Blessing of the Divine Relic's Installation: 333024,Lời Chúc Thần Bảo Dời Cung: 333024,333024
Quick Knit: 333025,Thuật May Vá Cấp Tốc: 333025,333025
Send Off: 333026,Tiễn Bạn Lên Đường: 333026,333026
Guardian's Oath: 333027,Lời Thề Hộ Pháp: 333027,333027
Abyssal Summons: 333028,Tiếng Gọi Của Vực Sâu: 333028,333028
Jueyun Guoba: 333029,Cơm Cháy Tuyệt Vân: 333029,333029
Adeptus' Temptation: 333030,Tiên Nhảy Tường: 333030,333030
Lotus Flower Crisp: 333031,Bánh Hoa Sen: 333031,333031
Northern Smoked Chicken: 333032,Gà Xông Khói Phía Bắc: 333032,333032
Sweet Madame: 333033,Gà Nấu Hoa Ngọt: 333033,333033
Mondstadt Hash Brown: 333034,Bánh Khoai Tây Mondstadt: 333034,333034
Mushroom Pizza: 333035,Pizza Nấm Rơm Nướng: 333035,333035
Minty Meat Rolls: 333036,Thịt Rừng Cuộn Bạc Hà: 333036,333036
Ganyu: 334000,Ganyu: 334000,334000
Kaeya: 334001,Kaeya: 334001,334001
Chongyun: 334002,Chongyun: 334002,334002
Kamisato Ayaka: 334003,Kamisato Ayaka: 334003,334003
Xingqiu: 334004,Xingqiu: 334004,334004
Mona: 334005,Mona: 334005,334005
Diluc: 334006,Diluc: 334006,334006
Xiangling: 334007,Xiangling: 334007,334007
Bennett: 334008,Bennett: 334008,334008
Yoimiya: 334010,Yoimiya: 334010,334010
Fischl: 334011,Fischl: 334011,334011
Razor: 334012,Razor: 334012,334012
Keqing: 334013,Keqing: 334013,334013
Sucrose: 334014,Sucrose: 334014,334014
Jean: 334015,Jean: 334015,334015
Ningguang: 334016,Ningguang: 334016,334016
Noelle: 334017,Noelle: 334017,334017
Collei: 334018,Collei: 334018,334018
Rhodeia of Loch: 334019,Tinh Linh Nước Trong - Rhodeia: 334019,334019
Fatui Pyro Agent: 334020,Người Xử Lý Nợ Hỏa: 334020,334020
Maguu Kenki: 334021,Maguu Kenki: 334021,334021
Stonehide Lawachurl: 334022,Vua Mũ Đá Hilichurl: 334022,334022
Diona: 334023,Diona: 334023,334023
Cyno: 334024,Cyno: 334024,334024
Barbara: 334025,Barbara: 334025,334025
Mirror Maiden: 334026,Thiếu Nữ Kính: 334026,334026
Jadeplume Terrorshroom: 334027,Nấm Thúy Linh: 334027,334027
Beidou: 334028,Beidou: 334028,334028
Klee: 334029,Klee: 334029,334029
Undivided Heart: 334500,Duy Thử Nhất Tâm: 334500,334500
Cold-Blooded Strike: 334501,Lãnh Huyết Kiếm: 334501,334501
Steady Breathing: 334502,Hơi Thở Bình Yên: 334502,334502
Kanten Senmyou Blessing: 334503,Lời Chúc Kanten Senmyou: 334503,334503
The Scent Remained: 334504,Mùi Hương Vương Vấn: 334504,334504
Prophecy of Submersion: 334505,Tiên Tri Chìm Đắm: 334505,334505
Flowing Flame: 334506,Lòng Như Lửa Đốt: 334506,334506
Crossfire: 334507,Hỏa Lực Đan Chéo: 334507,334507
Grand Expectation: 334508,Tầm Nhìn Phiêu Lưu: 334508,334508
Naganohara Meteor Swarm: 334510,Chòm Sao Băng Naganohara: 334510,334510
Stellar Predator: 334511,Ác Điểu Nuốt Sao: 334511,334511
Awakening: 334512,Thức Tỉnh: 334512,334512
Thundering Penance: 334513,Sự Trừng Phạt Sấm Sét: 334513,334513
Chaotic Entropy: 334514,Thuyết Hỗn Loạn: 334514,334514
Lands of Dandelion: 334515,Lãnh Thổ Bồ Công Anh: 334515,334515
Strategic Reserve: 334516,Kiếm Củi Ba Năm Thiêu Một Giờ: 334516,334516
I Got Your Back: 334517,Chi Viện Cứ Giao Cho Tôi: 334517,334517
Floral Sidewinder: 334518,Lá Khẽ Bay Nghiêng: 334518,334518
Streaming Surge: 334519,Trăm Sông Tuôn Chảy: 334519,334519
Paid in Full: 334520,Đòi Lại Tất Cả: 334520,334520
Transcendent Automaton: 334521,Cơ Xảo Thần Thông: 334521,334521
Stonehide Reforged: 334522,Đúc Lại: 334522,334522
"Shaken, Not Purred: 334523",Vuốt Mèo Lắc Đá: 334523,334523
Featherfall Judgment: 334524,Lạc Vũ Phán Quyết: 334524,334524
Glorious Season: 334525,Mùa Huy Hoàng: 334525,334525
Mirror Cage: 334526,Lồng Kính: 334526,334526
Proliferating Spores: 334527,Bào Tử Sinh Sôi: 334527,334527
Lightning Storm: 334528,Sấm Sét Đầy Trời: 334528,334528
Pounding Surprise: 334529,Món Quà Bằng Bằng: 334529,334529
Magic Guide: 335000,Tóm Tắt Ma Pháp: 335000,335000
Sacrificial Fragments: 335001,Mảnh Chương Tế Lễ: 335001,335001
Skyward Atlas: 335002,Quyển Thiên Không: 335002,335002
Raven Bow: 335003,Cung Lông Quạ: 335003,335003
Sacrificial Bow: 335004,Cung Tế Lễ: 335004,335004
Skyward Harp: 335005,Cánh Thiên Không: 335005,335005
White Iron Greatsword: 335006,Kiếm Bạch Thiết: 335006,335006
Sacrificial Greatsword: 335007,Đại Kiếm Tế Lễ: 335007,335007
Wolf's Gravestone: 335008,Đường Cùng Của Sói: 335008,335008
White Tassel: 335009,Thương Bạch Anh: 335009,335009
Lithic Spear: 335010,Thương Thiên Nham: 335010,335010
Skyward Spine: 335011,Xương Sống Thiên Không: 335011,335011
Traveler's Handy Sword: 335012,Kiếm Lữ Hành: 335012,335012
Sacrificial Sword: 335013,Kiếm Tế Lễ: 335013,335013
Aquila Favonia: 335014,Phong Ưng Kiếm: 335014,335014
Adventurer's Bandana: 335015,Khăn Nhà Mạo Hiểm: 335015,335015
Lucky Dog's Silver Circlet: 335016,Vòng Bạc May Mắn: 335016,335016
Traveling Doctor's Handkerchief: 335017,Khăn Thầy Thuốc: 335017,335017
Gambler's Earrings: 335018,Hoa Tai Con Bạc: 335018,335018
Instructor's Cap: 335019,Nón Giáo Quan: 335019,335019
Exile's Circlet: 335020,Vương Miện Kẻ Lưu Đày: 335020,335020
Broken Rime's Echo: 335021,Tiếng Vọng Băng Vỡ Tuyết Rơi: 335021,335021
Blizzard Strayer: 335022,Dũng Sĩ Trong Băng Giá: 335022,335022
Wine-Stained Tricorne: 335023,Mũ Đượm Rượu: 335023,335023
Heart of Depth: 335024,Trái Tim Trầm Luân: 335024,335024
Witch's Scorching Hat: 335025,Nón Ma Nữ Lo Lắng: 335025,335025
Crimson Witch of Flames: 335026,Diệm Liệt Ma Nữ Cháy Rực: 335026,335026
Thunder Summoner's Crown: 335027,Vương Miện Gọi Sét: 335027,335027
Thundering Fury: 335028,Như Sấm Thịnh Nộ: 335028,335028
Viridescent Venerer's Diadem: 335029,Nón Thợ Săn: 335029,335029
Viridescent Venerer: 335030,Bóng Hình Màu Xanh: 335030,335030
Mask of Solitude Basalt: 335031,Mặt Nạ Huyền Thạch: 335031,335031
Archaic Petra: 335032,Phiến Đá Lâu Đời: 335032,335032
Laurel Coronet: 335033,Vương Miện Của Nguyệt Quế: 335033,335033
Deepwood Memories: 335034,Ký Ức Rừng Sâu: 335034,335034
Liyue Harbor Wharf: 336000,Bến Cảng Liyue: 336000,336000
Knights of Favonius Library: 336001,Thư Viện Đội Kỵ Sĩ: 336001,336001
Jade Chamber: 336002,Quần Ngọc Các: 336002,336002
Dawn Winery: 336003,Tửu Trang Dawn: 336003,336003
Wangshu Inn: 336004,Nhà Trọ Vọng Thư: 336004,336004
Favonius Cathedral: 336005,Đại Giáo Đường Tây Phong: 336005,336005
Paimon: 336006,Paimon: 336006,336006
Katheryne: 336007,Katheryne: 336007,336007
Timaeus: 336008,Timaeus: 336008,336008
Wagner: 336009,Wagner: 336009,336009
Chef Mao: 336010,Thầy Mao: 336010,336010
Tubby: 336011,Tubby: 336011,336011
Timmie: 336012,Timmie: 336012,336012
Liben: 336013,Liben: 336013,336013
Chang the Ninth: 336014,Thường Cửu Gia: 336014,336014
Ellin: 336015,Ellin: 336015,336015
Iron Tongue Tian: 336016,Tian Miệng Sắt: 336016,336016
Liu Su: 336017,Liu Su: 336017,336017
Parametric Transformer: 336018,Máy Biến Đổi Tham Số: 336018,336018
NRE: 336019,Túi Dinh Dưỡng Bỏ Túi: 336019,336019
Elemental Resonance: 337000,Cộng Hưởng Nguyên Tố: 337000,337000
Elemental Resonance: 337001,Cộng Hưởng Nguyên Tố: 337001,337001
Elemental Resonance: 337002,Cộng Hưởng Nguyên Tố: 337002,337002
Elemental Resonance: 337003,Cộng Hưởng Nguyên Tố: 337003,337003
Elemental Resonance: 337004,Cộng Hưởng Nguyên Tố: 337004,337004
Elemental Resonance: 337005,Cộng Hưởng Nguyên Tố: 337005,337005
Elemental Resonance: 337006,Cộng Hưởng Nguyên Tố: 337006,337006
Elemental Resonance: 337007,Cộng Hưởng Nguyên Tố: 337007,337007
Elemental Resonance: 337008,Cộng Hưởng Nguyên Tố: 337008,337008
Elemental Resonance: 337009,Cộng Hưởng Nguyên Tố: 337009,337009
Elemental Resonance: 337010,Cộng Hưởng Nguyên Tố: 337010,337010
Elemental Resonance: 337011,Cộng Hưởng Nguyên Tố: 337011,337011
Elemental Resonance: 337012,Cộng Hưởng Nguyên Tố: 337012,337012
Elemental Resonance: 337013,Cộng Hưởng Nguyên Tố: 337013,337013
The Bestest Travel Companion!: 337014,Đồng Đội Tốt Nhất!: 337014,337014
Changing Shifts: 337015,Thời Gian Thay Ca: 337015,337015
Toss-Up: 337016,Một Ném Càn Khôn: 337016,337016
Strategize: 337017,Bàn Luận Chiến Lược: 337017,337017
I Haven't Lost Yet!: 337018,Bổn Đại Gia Chưa Thua Đâu!: 337018,337018
Leave it to Me!: 337019,Cứ Giao Cho Tôi!: 337019,337019
When the Crane Returned: 337020,Khi Hạc Quay Về: 337020,337020
Starsigns: 337021,Trời Sao Dự Báo: 337021,337021
Calx's Arts: 337022,Thuật Vôi Trắng: 337022,337022
Master of Weaponry: 337023,Tinh Thông Võ Thuật: 337023,337023
Blessing of the Divine Relic's Installation: 337024,Lời Chúc Thần Bảo Dời Cung: 337024,337024
Quick Knit: 337025,Thuật May Vá Cấp Tốc: 337025,337025
Send Off: 337026,Tiễn Bạn Lên Đường: 337026,337026
Guardian's Oath: 337027,Lời Thề Hộ Pháp: 337027,337027
Abyssal Summons: 337028,Tiếng Gọi Của Vực Sâu: 337028,337028
Jueyun Guoba: 337029,Cơm Cháy Tuyệt Vân: 337029,337029
Adeptus' Temptation: 337030,Tiên Nhảy Tường: 337030,337030
Lotus Flower Crisp: 337031,Bánh Hoa Sen: 337031,337031
Northern Smoked Chicken: 337032,Gà Xông Khói Phía Bắc: 337032,337032
Sweet Madame: 337033,Gà Nấu Hoa Ngọt: 337033,337033
Mondstadt Hash Brown: 337034,Bánh Khoai Tây Mondstadt: 337034,337034
Mushroom Pizza: 337035,Pizza Nấm Rơm Nướng: 337035,337035
Minty Meat Rolls: 337036,Thịt Rừng Cuộn Bạc Hà: 337036,337036
Origin: 339000,Nguyên Sơ: 339000,339000
Mondstadt: 339001,Mondstadt: 339001,339001
Liyue: 339002,Liyue: 339002,339002
Inazuma: 339003,Inazuma: 339003,339003
Sumeru: 339004,Sumeru: 339004,339004
Legend: 339009,Huyền Thoại: 339009,339009
Adept: 339010,Lão Luyện: 339010,339010
Hydro Crystal Chunk: 339011,Mảnh Pha Lê: 339011,339011
Magical Crystal Chunk: 339012,Mảnh Ma Tinh: 339012,339012
Amethyst Lump: 339013,Miếng Tử Tinh: 339013,339013
Flaming Flower Stamen: 339014,Nhụy Hoa Liệt Hỏa: 339014,339014
Mist Flower Corolla: 339015,Đóa Hoa Băng Vụ: 339015,339015
Electro Crystal: 339016,Pha Lê Điện: 339016,339016
Dandelion Seed: 339017,Hạt Bồ Công Anh: 339017,339017
Hoa Cecilia: 339018,Hoa Cecilia: 339018,339018
Glaze Lily: 339019,Bách Hợp Lưu Ly: 339019,339019
Dendrobium: 339020,Hoa Lan Máu: 339020,339020
Mondstadt: 339500,Mondstadt: 339500,339500
Liyue: 339501,Liyue: 339501,339501
Inazuma: 339502,Inazuma: 339502,339502
Sumeru: 339503,Sumeru: 339503,339503
Beginner Player Badge: 339901,Huy Hiệu Bài Thủ Tập Sự: 339901,339901
Advanced Player Badge: 339902,Huy Hiệu Bài Thủ Cao Cấp: 339902,339902
Expert Player Badge: 339903,Huy Hiệu Bài Thủ Chuyên Nghiệp: 339903,339903
Master Player Badge: 339904,Huy Hiệu Bài Thủ Bậc Thầy: 339904,339904
Legend Player Badge: 339905,Huy Hiệu Bài Thủ Huyền Thoại: 339905,339905
Summertime Sparkle: 340000,Mùa Hè Rực Rỡ: 340000,340000
Sea Breeze Dandelion: 340001,Giấc Mộng Gió Biển: 340001,340001
Orchid's Evening Gown: 340002,U Lan Tinh Diệu: 340002,340002
Opulent Splendor: 340003,Vũ Điệu Nghê Thường: 340003,340003
Red Dead of Night: 340004,Màn Đêm Đỏ Thẫm: 340004,340004
Ein Immernachtstraum: 340005,Giấc Mộng Đêm Khuya: 340005,340005
Gunnhildr's Legacy: 340006,Thừa Kế Của Gunnhildr: 340006,340006
100% Outrider: 340007,Kỵ Sĩ Trinh Thám 100%: 340007,340007
Pact of Stars and Moon: 340008,Ước Hẹn Trăng Sao: 340008,340008
To the Church's Free Spirit: 340009,Tu Nữ Tự Do: 340009,340009
Springbloom Missive: 340010,Thư Từ Hoa Xuân: 340010,340010
A Sobriquet Under Shade: 340011,Danh Vang Trong Lá: 340011,340011
Adventurer Camp: 350001,Doanh trại tạm thời của Nhà Mạo Hiểm: 350001,350001
Frontier Life: 350002,Cuộc Sống Nơi Đài Canh Gác: 350002,350002
Rocks & Plants: 350003,Thảm Cỏ Và Núi Đá: 350003,350003
Plain Liyue Bedroom: 350004,Phòng Ngủ Liyue Đơn Giản: 350004,350004
Corner of the Teahouse: 350005,Một Thoáng Trà Quán: 350005,350005
Suburbia Lighting: 350006,Ánh Đèn Ngoại Ô: 350006,350006
Table & Chairs: 350007,Bàn Ghế Đa Chức Năng: 350007,350007
Busy Kitchen: 350008,Phòng Bếp Bận Rộn: 350008,350008
Tea Talk: 350009,Trà Chiều Thảnh Thơi: 350009,350009
Book Lover's Study: 350010,Vạn Sách Ngàn Thư: 350010,350010
Fully Furnished Mondstadt Bedroom: 350011,Phòng Ngủ Mondstadt Nội Thất Đầy Đủ: 350011,350011
"Meeting Room of the ""Strategic Six"": 350012",Phòng Họp 6 Người: 350012,350012
Wine o' Clock: 350013,Thời Gian Tiệc Tùng: 350013,350013
Merchant's Working Lunch: 350014,Cơm Trưa Văn Phòng: 350014,350014
Parlor Cordiality: 350015,Phòng Tuyến Ấm Áp Phòng Tiếp Khách: 350015,350015
Well-Equipped Study: 350016,Phòng Đọc Sách Tiện Nghi: 350016,350016
Hermit's Hut: 350017,Nhà Nhỏ Giữa Núi Rừng: 350017,350017
Hamlet House: 350018,Sân Nhỏ Thôn Trấn: 350018,350018
Harvest Season Stall: 350019,Sạp Nhỏ Vào Lúc Thu Hoạch: 350019,350019
Fruit & Veg Market: 350020,Chợ Rau Quả Phong Phú: 350020,350020
Training Ground: 350021,Một Góc Khu Luyện Binh: 350021,350021
Arms Factory: 350022,Phố Binh Khí Chiến Đấu: 350022,350022
Cargo Transfer Station: 350023,Khu Trung Chuyển Hàng Hóa: 350023,350023
Festival Market: 350024,Chợ Mừng Lễ: 350024,350024
Thoroughfare Entrance: 350025,Cổng Chính Đường Lớn - Yêu Tà Lui Bước: 350025,350025
Ever-Popular Eatery: 350026,Tiệm Ăn Đắt Khách: 350026,350026
Rural Water Source: 350027,Nguồn Nước Thôn Quê: 350027,350027
Lone and Cautious Adventurer: 350028,Nhà Mạo Hiểm Cô Đơn Mà Thận Trọng: 350028,350028
Climate Crossover: 350029,Khu Khí Hậu Giao Thoa: 350029,350029
Dialogue Twixt Ancient Tree and Rock: 350030,Cuộc Đối Thoại Gỗ Mục Và Đá Tảng: 350030,350030
Amidst Poetic Pondering: 350033,Phòng Thơ Ca Trầm Tư: 350033,350033
Amidst Whispering Winds: 350034,Phòng Tiếng Gió Thì Thầm: 350034,350034
Feiyun Study Room: 350035,Phòng Sách Phi Vân: 350035,350035
Cloudy Haze Dream-Court: 350036,Yên Hà Nhập Mộng Các: 350036,350036
Secret Research Lab: 350037,Viện Nghiên Cứu Bí Thuật: 350037,350037
Cottage Kitchen: 350038,Khói Bếp Lam Chiều: 350038,350038
Weapon Forging Station: 350039,Trạm Rèn Vũ Khí: 350039,350039
Idyllic Town: 350040,Thị Trấn Mục ca: 350040,350040
Bird and Blossom Park: 350041,Công Viên Hoa Và Chim: 350041,350041
Gathering of Gourmets: 350042,Phố Ăn Đêm: 350042,350042
Glittering Street: 350043,Phố Rực Rỡ: 350043,350043
Qingce Cloud Residence: 350044,Khinh Sách Nhàn Vân Cư: 350044,350044
Of Hunting and Dancing: 350045,Doanh Trại Săn Bắn Và Múa Ca: 350045,350045
Iter Ad Astra Abyssosque: 350046,Hành Trình Ngôi Sao Và Vực Sâu: 350046,350046
Dawn Orchard: 350047,Vườn Cây Dawn: 350047,350047
Court of the Upright: 350048,Đình Viện Chính Thống: 350048,350048
Wakeful Spring: 350049,Suối Nước Nóng Bừng Tỉnh: 350049,350049
Rural Concealment: 350050,Hình Bóng Thôn Làng: 350050,350050
Ancient Branch Shrine: 350051,Cảnh Cổ Đền Xưa: 350051,350051
Military Exercise Grounds: 350052,Sân Tập Thiên Quân: 350052,350052
Jade Wilds: 350053,Ngoại Ô Thơ Mộng: 350053,350053
Summer Night's Recollection: 350054,Hồi Ức Đêm Hè: 350054,350054
Sakura-Hued Street: 350055,Phố Hoa Anh Đào: 350055,350055
Eternal Domain of Fleeting Dreams: 350056,Giấc Mộng Êm Đềm: 350056,350056
A Thousand Swings: 350057,Thiên Chấn Trí Nghiệp: 350057,350057
Scholarly Trove: 350058,Thư Xá Trầm Mặc: 350058,350058
Of Maple and Tea Scents Entwined: 350059,Phòng Trà Đậm Hương Phong: 350059,350059
Forest Patrol Anecdotes: 350060,Chuyện Thú Vị Trên Đường Kiểm Lâm: 350060,350060
Coalesced Brilliance: 350061,Sắc Thái Lung Linh: 350061,350061
Fervid Aroma: 350062,Hương Thơm Nồng Nhiệt: 350062,350062
Of Settled Thoughts: 350063,Nơi Tri Thức Lắng Đọng: 350063,350063
A Farewell Brief to Bustle and Bother: 350064,Tạm Biệt Ưu Phiền: 350064,350064
Dwelling Amidst the Sands: 350065,Thân Nơi Cát Bụi: 350065,350065
Amidst Prospering Markets: 350066,Khu Chợ Náo Nhiệt: 350066,350066
Deep in the Quiet Forest: 350067,Trú Ngụ Trong Rừng Sâu: 350067,350067
Of Twirling Dances Unfettered: 350068,Điệu Múa Huyền Diệu: 350068,350068
Quiet Times by the Riverbank: 350069,Thời Khắc An Yên Bên Bờ Hồ: 350069,350069
Setekh Demurs: 350070,Nơi Tránh Gió: 350070,350070
The Traveling Troop's Pomp: 350071,Trận Địa Của Lữ Đoàn: 350071,350071
Amidst Scents and Serenity: 350072,Đắm Chìm Trong Hương Thơm Nhàn Nhã: 350072,350072
Chorus of Desert and Wood: 350073,Bản Hợp Tấu Giữa Rừng Rậm Và Sa Mạc: 350073,350073
Wall 1: 360001,Mặt Tường 1: 360001,360001
Wall 2: 360002,Mặt Tường 2: 360002,360002
Floor 1: 360003,Mặt Đất 1: 360003,360003
Floor 2: 360004,Mặt Đất 2: 360004,360004
Ceiling 1: 360005,Trần Nhà 1: 360005,360005
Ceiling 2: 360006,Trần Nhà 2: 360006,360006
Ceiling Lamp 1: 360007,Đèn Treo 1: 360007,360007
Ceiling Lamp 2: 360008,Đèn Treo 2: 360008,360008
Timber Wall With Jade Eaves: 360101,Tường Cao Mặt Ngọc: 360101,360101
Dark Wood Arch Wall: 360102,Tường Vòm Gỗ Sẫm Màu: 360102,360102
Maple Wood Vaulted Wall: 360103,Tường Vòm Gỗ Phong: 360103,360103
Simple Brightwood Carved Wall: 360104,Tường Điêu Khắc Gỗ Sáng: 360104,360104
Traditional Cedar Flooring: 360201,Sàn Gỗ Thùy Hương Truyền Thống: 360201,360201
Colorful Checkered Tile: 360202,Gạch Lát Nền Ca Rô: 360202,360202
Brown Maple Flooring: 360203,Nền Gỗ Phong Nâu: 360203,360203
Dark Brightwood Flooring: 360204,Nền Hoa Văn Gỗ Sáng: 360204,360204
Checkered Cedar Ceiling: 360301,Trần Caro Gỗ Thùy Hương: 360301,360301
Dark Checkered Ceiling: 360302,Trần Caro Hoa Văn Tối Màu: 360302,360302
Maple Wood Square Ceiling: 360303,Trần Caro Gỗ Phong: 360303,360303
Brightwood Chiseled Ceiling: 360304,Trần Nhà Điêu Khắc Gỗ Sáng: 360304,360304
Two-Tier Candle Chandelier: 360401,Đèn Treo Giá Nến 2 Tầng: 360401,360401
Eight-Sided Lantern: 360402,Đèn Lồng Bát Giác - May Mắn: 360402,360402
Six-Sided Lantern: 360403,Đèn Lồng Lục Giác - Hòa Khí: 360403,360403
"""Night of the Party Pumpkins"": 360404",Lễ Hội Ma Bí Ngô: 360404,360404
Embroidered Lantern: 360405,Đèn Hoa Gấm - Phi Các Lưu Đan: 360405,360405
Tasseled Lantern: 360406,Đèn Hoa Anh Đào - Gấm Hoa: 360406,360406
Teahouse Candlestand: 360407,Giá Cắm Nến Phòng Trà - Ngọn Lửa Tẻ Nhạt: 360407,360407
Teahouse Lamp: 360408,Đèn Phòng Trà - Che Giấu Ánh Sáng: 360408,360408
Maple Wood Lamp: 360409,Đèn Gỗ Phong - Hương Đêm Bay Xa: 360409,360409
Maple Wood Floor Lamp: 360410,Đèn Sàn Gỗ Phong - Sáng Tỏ: 360410,360410
Court Lantern: 360411,Đèn Lồng Ngự Điện - Sấm Sét Quay Cuồng: 360411,360411
Court Lantern: 360412,Đèn Lồng Ngự Điện - Tiệc Trăng Máu: 360412,360412
Court Lantern: 360413,Đèn Lồng Ngự Điện - Trái Tim Sấm Sét: 360413,360413
Maple Wood Chandelier: 360414,Đèn Treo Gỗ Phong - Rực Sáng: 360414,360414
Blooming Candle: 360415,"Ngọn Nến Bung Tỏa - ""Trong Trẻo Như Sen"": 360415",360415
Rainbow Lights: 360416,Đèn Cầu Vồng - Nguyên Thần Cát Khánh: 360416,360416
Countless Homes Light Up the Moon: 360417,Vạn Gia Hoa Đăng Chiếu Lãng Nguyệt: 360417,360417
Stoneworks Lamp: 360418,Đèn Nham Xưởng - Nến Vực Sâu: 360418,360418
Slumbering Dewlight: 360419,Ánh Sáng Giấc Ngủ: 360419,360419
Dripping Verdant Light: 360420,Ánh Sáng Xanh Rờn: 360420,360420
Deepwood Illumination: 360421,Ánh Sáng Rừng Sâu: 360421,360421
Immersive Light: 360422,Ánh Sáng Chuyên Tâm: 360422,360422
Perennial Illumination: 360423,Ánh Sáng Thường Lệ: 360423,360423
Blooming Illumination: 360424,Ánh Sáng Rực Rỡ: 360424,360424
Between Moonlit Hills: 360425,Cảnh Trăng Giữa Núi Rừng: 360425,360425
Fluttering Light: 360426,Ánh Sáng Nhẹ Nhàng: 360426,360426
Light of Slumber: 360427,Ánh Sáng Nghỉ Ngơi: 360427,360427
Efflorescent Illumination: 360504,Ánh Sáng Trăm Hoa: 360504,360504
Northern Birch Folding Counter: 361101,Quầy Hàng Chữ L Gỗ Hoa Cực Bắc: 361101,361101
Open-Top Fir Shelf: 361102,Kệ Hàng Gỗ Sam Đơn Giản: 361102,361102
Fir Case Shelf Combination: 361103,Tủ Gỗ Sam Dạng Kết Hợp: 361103,361103
Classic Fir Cabinet: 361104,Tủ Gỗ Sam Cổ Điển: 361104,361104
Large Birch Wardrobe: 361105,Tủ Áo Gỗ Hoa To: 361105,361105
Gold-Lined Sandbearer Wardrobe: 361106,Tủ Áo Vân Vàng Gỗ Khước Sa: 361106,361106
Plain Brightwood Shelf: 361107,Kệ Gỗ Sáng: 361107,361107
Desert Desk: 361108,Bàn Tủ Sa Mạc - Hoan Nghênh: 361108,361108
"Adhigama Wood ""Versatile"" Shelves: 361109","Kệ Đồ ""Hỗn Loạn"" Gỗ Adhigama: 361109",361109
"Brightwood ""Invigorating"" Nightstand: 361110","Tủ Đầu Giường ""Chữa Trị"" Gỗ Sáng: 361110",361110
Athel Triple Drawer Cabinet: 361111,Tủ Gỗ Sanh Ba Lớp: 361111,361111
Athel Pottery Shelf: 361112,Tủ Trưng Đồ Gốm Gỗ Sanh: 361112,361112
Two-Tier Library Bookshelf: 361201,Kệ Sách Hai Tầng Thư Viện: 361201,361201
Exquisite Cuihua Bookshelf: 361202,Kệ Sách Gỗ Tụy Hoa Tinh Xảo: 361202,361202
Economy Cuihua Bookshelf: 361203,Kệ Sách Gỗ Tụy Hoa Kinh Tế: 361203,361203
"""Lost Between the Pages of a Book"": 361204",Đắm Chìm Giữa Trang Sách: 361204,361204
"""Archivist's Treasure Trove"": 361205",Kho Báu Của Thủ Thư: 361205,361205
Red Cedar Scroll Shelf: 361206,Kệ Sách Cuộn Gỗ Thùy Hương Đỏ: 361206,361206
Red Cedar Curio Stand: 361207,Bách Bảo Các Thùy Hương Đỏ: 361207,361207
Shopkeeper's Cedar Shelf: 361208,Tủ Đứng Gỗ Thùy Hương: 361208,361208
Maple Wood Bookcase: 361209,Tủ Sách Gỗ Phong - Tim Mực: 361209,361209
Maple Wood Bookcase: 361210,Tủ Sách Gỗ Phong - Kho Tàng Tri Thức: 361210,361210
Whimsical Collections: 361211,Tuyển Chọn Bất Thường: 361211,361211
Desert Cabinet: 361212,Tủ Đứng Sa Mạc - Đồ Linh Tinh: 361212,361212
Treasure from the Land of Wisdom: 361213,Báu Vật Ở Vùng Đất Trí Tuệ: 361213,361213
Scrolls from the Land of Wisdom: 361214,Kho Tàng Ở Vùng Đất Trí Tuệ: 361214,361214
Sturdy Library Table: 361301,Bàn Thư Viện Dài: 361301,361301
Favonius Office Table: 361302,Bàn Làm Việc Đội Kỵ Sĩ: 361302,361302
Favonius Conference Table: 361303,Bàn Họp Đội Kỵ Sĩ: 361303,361303
Wide Stone Stove: 361304,Bếp Lò Đá: 361304,361304
Portable Stove: 361305,Bếp Tiện Lợi: 361305,361305
Long Table With Tablecloth: 361306,Bàn Dài Với Khăn Hình Thoi: 361306,361306
Multi-Seat Round Pine Table: 361307,Bàn Ăn Gỗ Thông Tròn Nhiều Ghế: 361307,361307
Intricately Carved Calligraphy Table: 361308,Bàn Thư Pháp Tinh Tế: 361308,361308
Square Pine Tea Table: 361309,Bàn Trà Gỗ Vuông: 361309,361309
Red Cedar Round Table: 361310,Bàn Tròn Gỗ Thùy Hương Đỏ: 361310,361310
Sturdy Birch Vanity: 361311,Tủ Trang Điểm Gỗ Hoa Chắc Chắn: 361311,361311
Common Cast Iron Stove: 361313,Bếp Gang Đa Năng: 361313,361313
"Yumemiru ""Cold and Warmth"" Kotatsu: 361314","Kotatsu ""Lạnh Lẽo Và Ấm Áp"" Gỗ Mơ Mộng: 361314",361314
"""Sekijou"" Aralia Tea Table: 361315","Bàn Trà ""Sekijou"" Gỗ Khổng Tước: 361315",361315
Teahouse Long Table: 361316,Bàn Dài Phòng Trà - Không Khoảng Cách: 361316,361316
Brightwood Pottery Worktable: 361317,Bàn Xoay Làm Gốm: 361317,361317
Long Athelwood Table: 361318,Bàn Dài Gỗ Sanh: 361318,361318
A Choice of Delicacies: 361319,Lựa Chọn Đủ Loại Món Ngon: 361319,361319
Spirit of the Banquet: 361320,Bữa Tiệc Hào Sảng: 361320,361320
A Table for Two: 361321,Nhâm Nhi Vài Chén: 361321,361321
Long Adhigama Chamfer Table: 361322,Bàn Gỗ Adhigama Dài: 361322,361322
Breeze-Blessed Bed: 361401,Giường Bảo Vệ Êm Ái: 361401,361401
Cloudy Haze Bed: 361402,Giường Giấc Mơ Bềnh Bồng: 361402,361402
"Yumemiru ""Sakura's Rest"" Bed: 361403","Giường ""Giấc Ngủ Anh Đào"" Gỗ Mơ Mộng: 361403",361403
"Brightwood ""Concord"" Bed: 361404","Giường ""Định Thần"" Gỗ Sáng: 361404",361404
"Adhigama Wood ""Comfort"" Bed: 361405","Giường ""Thoải Mái"" Gỗ Adhigama: 361405",361405
Pine Reception Counter: 361501,Quầy Lễ Tân Phòng Trọ Gỗ Thông: 361501,361501
Teahouse Counter: 361502,"Quầy Phòng Trà - ""Toshimaru"": 361502",361502
Desert Stone Platform: 361503,Bệ Đá Sa Mạc - Kiên Cố: 361503,361503
Desert Fireplace: 361504,Bếp Đá Sa Mạc - Ấm Áp: 361504,361504
Desert Study: 361505,Bàn Sa Mạc - Tận Tâm: 361505,361505
Witness of Tavern Affairs: 361506,Chứng Nhân Của Mọi Chuyện Tại Quán Rượu: 361506,361506
Sofa Êm Ái: 362101,Sofa Êm Ái: 362101,362101
"""Clear Blue Afternoon"": 362102",Chiều Tà Xanh Biếc: 362102,362102
"""Unwavering Determination"": 362103","""Ý Chí Kiên Định"": 362103",362103
Pine Dining Chair: 362104,Ghế Ăn Gỗ Thông: 362104,362104
Pine-Backed Tea Chair: 362105,Ghế Uống Trà Gỗ Thông: 362105,362105
Red Pine Wood Round Stool: 362106,Ghế Tròn Gỗ Thông Đỏ: 362106,362106
Teahouse Round Stool: 362108,Ghế Tròn Phòng Trà - Vỗ Về Niềm Đau: 362108,362108
"Karmaphala Wood ""Subdued Speech"" Bench: 362109","Ghế Dài ""Tịnh Ngữ"" Gỗ Karmaphala: 362109",362109
"Karmaphala Wood ""Counter-Assault"" Dining Chair: 362110","Ghế ""Phản Truy Bắt"" Gỗ Karmaphala: 362110",362110
Satisfaction of Sated Thirst: 362111,Niềm Vui Lúc Nhàn Rỗi: 362111,362111
Adhigama Vine-Backed Chair: 362112,Ghế Tựa Lưng Dây Leo Adhigama: 362112,362112
A Seat of Sophisticated Luxury: 362113,Ghế Lộng Lẫy: 362113,362113
Northern Stone Hearth: 362201,Lò Sưởi Bằng Đá Bắc Địa: 362201,362201
Pine Folding Screen: 362202,Bình Phong Gỗ Thông - Cánh Buồm Mây Nước: 362202,362202
Hardwood Screen: 362203,Bình Phong Gỗ Cứng - Sương Phủ Mây Mờ: 362203,362203
Birch Double Drawer Nightstand: 362204,Tủ Đầu Giường 2 Ngăn Gỗ Hoa: 362204,362204
Gold-Lined Sandbearer Nightstand: 362205,Tủ Đầu Giường Vân Vàng Gỗ Khước Sa: 362205,362205
Silk Curtains: 362206,Rèm Tranh Nghê Thường - Ráng Đỏ: 362206,362206
Floral Screen: 362207,Bình Phong - Ngọc Trâm Kim Bích: 362207,362207
Thundering Heavens Drum: 362208,Chấn Hiểu Vân Thiên Cổ: 362208,362208
Lantern-Lit Stage: 362209,Sân Khấu Hoa Đăng - Tiếng Ca Nhộn Nhịp: 362209,362209
Teahouse Cushion: 362210,Vật Dụng Phòng Trà - Đệm Rơm: 362210,362210
Maple Wood Ritual Drum: 362211,Trống Nghi Lễ Gỗ Phong - Tiệc Âm Nhạc: 362211,362211
Maple Wood Ritual Drum: 362212,Trống Nghi Lễ Gỗ Phong - Sôi Sục: 362212,362212
Teahouse Folding Screen: 362213,Bình Phong Phòng Trà - Con Tim Thanh Khiết: 362213,362213
Ancestral Sword Rack: 362214,"Giá Để Đao - ""Tứ Thường Pháp"": 362214",362214
Hatamoto Armor: 362215,Giáp Hatamoto - Eijin Genkou: 362215,362215
"Yumemiru ""Jukaku"" Folding Screen: 362216","Bình Phong ""Jukaku"" Gỗ Mơ Mộng: 362216",362216
Euphonium Unbound: 362217,"""Âm Vang Vạn Dặm - Mậu Nhiễu"": 362217",362217
Festive Fragrance: 362218,"Hương Thơm Lễ Hội - ""Đoàn Thuyền Ra Khơi"": 362218",362218
Festive Fragrance: 362219,"Hương Thơm Lễ Hội - ""Kim Tương Ngọc Chất"": 362219",362219
"""Master Chef's Summertime Banquet"": 362220",Tiệc Hè Của Đầu Bếp Đặc Biệt: 362220,362220
Hued Vase: 362221,Bình Sắc Màu - Tùng Lam: 362221,362221
Hued Vase: 362222,Bình Sắc Màu - Xanh Lục: 362222,362222
Hued Vase: 362223,Bình Sắc Màu - Lúa Chín: 362223,362223
Plain Vase: 362224,Bình Thuần Khiết - Đồng: 362224,362224
Plain Vase: 362225,Bình Thuần Khiết - Yên Hạt: 362225,362225
Plain Vase: 362226,Bình Thuần Khiết - Giả Hoàng: 362226,362226
Plain Vase: 362227,Bình Thuần Khiết - Đào Tông: 362227,362227
Hued Vase: 362228,Bình Sắc Màu - Vỏ Sò: 362228,362228
Hued Vase: 362229,Bình Sắc Màu - Đá Đen: 362229,362229
Amidst the Fleeing Smoke: 362231,"""Trong Làn Khói Mờ Ảo"": 362231",362231
Uplifting Growth: 362232,Biến Chuyển Phấn Chấn: 362232,362232
Forest Watcher's Fastidiousness: 362233,Đội Trưởng Kiểm Lâm Cẩn Trọng: 362233,362233
Forest Ranger's Provisions: 362234,Kiểm Lâm Tác Chiến: 362234,362234
Deepwood Dweller's Delicacies: 362235,Bữa Ăn Của Cư Dân Rừng Sâu: 362235,362235
Aroma of High-Heat Barbecue: 362236,Thơm Nồng Món Nướng: 362236,362236
Fragrance of Low-Heat Roast: 362237,Hương Thơm Tươi Mới: 362237,362237
Deepwood Dweller's Aggregation: 362238,Tiết Kiệm Của Cư Dân Rừng Sâu: 362238,362238
Hued Vase: 362239,Bình Sắc Màu - Cát Nóng: 362239,362239
Mondstadt Rug: 362301,Thảm Mondstadt - Ngọn Lửa Nhiệt Tình: 362301,362301
Mondstadt Rug: 362302,Thảm Mondstadt - Tìm Tòi Không Mệt Mỏi: 362302,362302
Tavern Rug: 362303,Thảm Nhà Trọ - Tiếp Đón Chu Đáo: 362303,362303
Entrance Rug: 362304,Thảm Đón Khách - Chăm Sóc Hài Lòng: 362304,362304
Glorious Emerald Tapestry: 362305,Hoa Văn Huy Hoàng: 362305,362305
Dazzling Golden Tapestry: 362306,Hoa Văn Bắt Mắt: 362306,362306
Musing Tawny Tapestry: 362307,Hoa Văn Trầm Ấm: 362307,362307
Sun-Scorched Solemnity: 362308,"""Hoa Văn Trang Trọng"": 362308",362308
The Olive Grove: 362309,"""Hoa Văn Ô Liu"": 362309",362309
Pure Like Wheat Sprouts: 362310,Hoa Văn Thuần Khiết Như Mầm Lúa Mì: 362310,362310
Trusty Portable Lamp: 363101,Đèn Treo Ánh Sáng Bất Tận: 363101,363101
Liuli Pavilion Sandbearer Floor Lamp: 363102,Đèn Cao Gỗ Khước Sa Lưu Ly Đình: 363102,363102
Tianyuan Lantern: 363103,Đèn Lồng Thiên Viên - Tỏa Sáng Rực Rỡ: 363103,363103
Seashell Table Lamp: 363104,Đèn Bàn Với Chụp Đèn Vỏ Sò: 363104,363104
Flash of Glory: 363105,"""Tia Sáng Vinh Quang"": 363105",363105
Tranquil Starlight: 363106,Ánh Sao Trong Vắt: 363106,363106
Desert Lamp: 363107,Đèn Sa Mạc - Ánh Sáng: 363107,363107
Joyful Illumination: 363108,Ánh Sáng Hoan Ca: 363108,363108
Light of the Land of Wisdom: 363109,Ánh Sáng Ở Vùng Đất Trí Tuệ: 363109,363109
Nightwatcher's Candlelight: 363110,Ánh Nến Bất Tận: 363110,363110
Listening Candelight: 363111,Ánh Nến Lắng Nghe: 363111,363111
Two-Way Iron Lamp: 363112,Đèn Sắt Đa Dụng: 363112,363112
Flower Arrangement: 363201,Bình Hoa - Ung Dung Nhạt Nhòa: 363201,363201
Potted Plant: 363202,Chậu Cây Xanh - Gió Lộng: 363202,363202
Flower Arrangement: 363203,Bình Hoa - Nở Rộ Đỏ Rực: 363203,363203
Potted Flower: 363204,Chậu Hoa - Ngụy Trang Ngọt Ngào: 363204,363204
Potted Plant: 363205,Chậu Cây Xanh - Thông Xanh: 363205,363205
Cast in Clay: 363206,Bình Men Truyền Thống: 363206,363206
The Essential Vase: 363207,Bình Tối Giản: 363207,363207
A Favor Returned: 363208,Bình Trả Ơn: 363208,363208
Classical Lyre: 363301,Đàn Cổ Điển - Lắng Nghe Lời Gió: 363301,363301
Neat Stack of Books: 363302,Chồng Sách Ngay Ngắn: 363302,363302
"""Scholar's Weariness"": 363303",Sự Uể Oải Của Học Giả: 363303,363303
"""Etiquette of Correspondence"": 363304",Lễ Tiết Thư Từ: 363304,363304
Exquisite Hourglass Ornament: 363305,Đồng Hồ Cát Tinh Xảo: 363305,363305
Alchemic Device: 363306,Thiết Bị Giả Kim - Giữa Nước Và Lửa: 363306,363306
Alchemic Component: 363307,Linh Kiện Giả Kim - Trọng Lượng Mạt Bụi: 363307,363307
Calligraphy Set: 363308,Mực Tàu Giấy Đỏ - Luyện Tập Thư Pháp: 363308,363308
Golden Triple-Arm Candelabrum: 363309,Đế Cắm Nến Vàng Ba Tầng: 363309,363309
Glazed Porcelain Tea Set: 363310,Bộ Ấm Trà Sứ Trắng – Tâm Hồn Cao Thượng: 363310,363310
White Heron Hairpin: 363311,Trâm Bạch Lộc Lưu Quang: 363311,363311
"""Tea Wisp-Clouded White Couch"": 363312",Bàn Trà Trắng: 363312,363312
Teahouse Vessel: 363313,Vật Dụng Phòng Trà - Tỏa Hương Hạp: 363313,363313
Calligraphy Set: 363314,Bút Nghiên Giấy Mực - Bút Lông Tuyệt Mỹ: 363314,363314
Evil-Slaying Bows: 363315,Cung Trừ Tà: 363315,363315
Spiritchaser Screen: 363316,Vợt Đuổi Quỷ: 363316,363316
"""Divine Nose: 363317","Kitsu-Kitsu Daruma ""Khứu Giác Của Thần"": 363317",363317
"""True Cookery"": 363318","Nuki-Nuki Daruma ""Vua Đầu Bếp"": 363318",363318
A Guest of Noble Character: 363319,Tao Nhã Phiêu Hương: 363319,363319
Tavern Shaker: 363320,Bình Lắc - Dao Động Mạnh Mẽ: 363320,363320
A Mask: 363321,Mặt Nạ: 363321,363321
Cosmos Within: 363322,Thiên Tượng Hồi Chuyển: 363322,363322
Cauldron of Herbs: 363323,Nồi Thuốc Thơm Ngát: 363323,363323
Viparyas: 363324,Viparyas: 363324,363324
A Lush Glimpse: 363325,Cảnh Sắc Um Tùm: 363325,363325
Jubilant Posture: 363326,Hình Thái Vui Vẻ: 363326,363326
Songs Amongst the Stones: 363327,"""Bài Ca Trong Đá"": 363327",363327
Miniature Zubayr Theater: 363328,Nhà Hát Zubayr Thu Nhỏ: 363328,363328
The General Mahamatra on Duty: 363329,"""Tổng Quản Mahamatra Đang Làm Việc"": 363329",363329
The Mellow Pot: 363330,"""Trong Chiếc Ấm Êm Dịu"": 363330",363330
The Crisp Sweetness: 363331,"""Trong Vị Ngọt Giòn Tan"": 363331",363331
The Twisting Mist: 363332,"""Trong Sương Mù Quanh Quẩn"": 363332",363332
Singing Majalis: 363333,Linh Lan Ca Hát: 363333,363333
Wisdom Orb Model: 363334,"Mô Hình ""Ngọc Trí Tuệ"": 363334",363334
Appraiser's Treasure: 363335,Báu Vật Của Tiệm: 363335,363335
Ceramic Centerpiece: 363336,Đường Vân Của Tiệm: 363336,363336
Ephemeral Spirit: 363337,Rượu Mạnh Không Thể Để Lâu: 363337,363337
Amidst Bitter Aromas: 363338,"""Trong Vị Đắng Thơm Ngát"": 363338",363338
Deepwood Dweller's Ingenuity: 363339,Công Thức Của Cư Dân Rừng Sâu: 363339,363339
Deepwood Dweller's Brilliance: 363340,Vinh Quang Của Cư Dân Rừng Sâu: 363340,363340
Hued Vase: 363341,Bình Sắc Màu - Mầm Xanh: 363341,363341
Star-Shaped Multipurpose Bottle: 363342,Bình Đa Dụng Hình Sao Góc Cạnh: 363342,363342
"""Realizations from the Land of Wisdom"": 363501",Thức Tỉnh Ở Vùng Đất Trí Tuệ: 363501,363501
Restorative Fragrance: 363502,Hương Thơm Giải Khát: 363502,363502
The Art of Retaining Water: 363504,Nghệ Thuật Tiết Kiệm Nước Sạch: 363504,363504
Landscape Painting: 364101,Tranh Phong Cảnh - Quê Hương: 364101,364101
Landscape Painting: 364102,Tranh Phong Cảnh - Mây Trời: 364102,364102
Landscape Painting: 364103,Tranh Phong Cảnh - Vách Núi: 364103,364103
Fine Brushwork: 364104,Tranh Sơn Thủy - Núi Non Trùng Điệp: 364104,364104
Fine Brushwork: 364105,Tranh Sơn Thủy - Sắc Xuân Đậm Đà: 364105,364105
Fine Brushwork: 364106,Tranh Sơn Thủy - Sương Vây Đỉnh Núi: 364106,364106
Painted Vision: 364107,"Tranh Treo Tường - ""Khoảng Không"": 364107",364107
Painted Vision: 364108,"Tranh Treo Tường - ""Ánh Nước"": 364108",364108
Replica Mural: 364109,Tranh Treo Tường - Núi Giữa Biển Sương: 364109,364109
Replica Mural: 364110,Tranh Treo Tường - Nghi Lễ Biển Sương: 364110,364110
Wooden Restaurant Signboard: 364201,Bảng Hiệu Nhà Hàng Bằng Gỗ: 364201,364201
Bright Vase-Shaped Sconce: 364202,Đèn Áp Tường Kiểu Lọ Hoa: 364202,364202
Well-Worn Buckler: 364203,Khiên Tròn Cũ Kỹ: 364203,364203
Well-Worn Shield: 364204,Tấm Khiên Cũ Kỹ: 364204,364204
Well-Worn Sword: 364205,Kiếm Đơn Cũ Kỹ: 364205,364205
Rally Banner: 364206,Cờ Ý Chí Chiến Đấu: 364206,364206
Pure Spirit Banner: 364207,Cờ Linh Hồn Thuần Khiết: 364207,364207
Favonius Coat of Arms: 364208,Huy Hiệu Đội Kỵ Sĩ: 364208,364208
Mounted Record Board: 364209,Bảng Ghi Chép Treo Tường: 364209,364209
Mounted Noticeboard: 364210,Biển Quảng Cáo Treo Tường: 364210,364210
Embroidered Curtains: 364211,Rèm Gấm: 364211,364211
A Dragon's Wondrous Sight: 364212,"""Cảnh Tượng Tạo Rồng Điểm Mắt"": 364212",364212
Athelwood Metal Buckler: 364213,Khiên Gỗ Sanh Tròn: 364213,364213
Desert Wall-Drapes: 364214,Trang Trí Tường Sa Mạc - Hoàng Hôn: 364214,364214
Desert Wall-Drapes: 364215,Trang Trí Tường Sa Mạc - Hỏa Vũ: 364215,364215
Forest Watcher's Considerations: 364216,Ghi Nhớ Của Đội Trưởng Kiểm Lâm: 364216,364216
Athelwood Metal Combat Shield: 364217,Khiên Tấn Công Bằng Sắt Cứng Gỗ Sanh: 364217,364217
Fragrant Cedar Door: 364301,Cửa Gỗ Thùy Hương: 364301,364301
Favonius Fir Door: 364302,Cửa Gỗ Sam Đội Kỵ Sĩ: 364302,364302
Estate Maple Doorway: 364303,Cửa Nhà Gỗ Phong: 364303,364303
Brightwood Room Doors: 364304,Cửa Phòng Gỗ Sáng: 364304,364304
Fragrant Cedar Cornering Stairs: 364401,Bậc Thang Gỗ Thùy Hương Gấp Khúc: 364401,364401
Fir Wood Cornering Stairs: 364402,Bậc Thang Gỗ Sam Gấp Khúc: 364402,364402
Maple Wood Cornering Stairs: 364403,Bậc Thang Gỗ Phong Gấp Khúc: 364403,364403
Brightwood Cornering Stairs: 364404,Cầu Thang Xoay Gỗ Sáng: 364404,364404
Lingering Moment: 364501,Thời Khắc Nhớ Nhung: 364501,364501
Keepsake Photo of Twilight Theater: 364502,Ảnh Lưu Niệm Đoàn Kịch Hoàng Hôn: 364502,364502
Keepsake Photo of Twilight Theater: 364503,Ảnh Lưu Niệm Đoàn Kịch Hoàng Hôn: 364503,364503
"""Evermotion Mechanical Painting"": 364504",Tranh Máy Móc Vĩnh Cửu: 364504,364504
Beauteous Hues: 364505,Sắc Màu Trang Nhã: 364505,364505
Mirrorpool Horned Owl: 364601,Cú Mặt Nước - Xoay: 364601,364601
Mirrorpool Horned Owl: 364602,Cú Mặt Nước - Múa: 364602,364602
Mirrorpool Horned Owl: 364603,Cú Mặt Nước - Bay: 364603,364603
Thundering Horned Owl: 364604,Cú Lôi Đình - Xoay: 364604,364604
Thundering Horned Owl: 364605,Cú Lôi Đình - Múa: 364605,364605
Thundering Horned Owl: 364606,Cú Lôi Đình - Bay: 364606,364606
Flowfire Horned Owl: 364607,Cú Hỏa Diệm - Xoay: 364607,364607
Flowfire Horned Owl: 364608,Cú Hỏa Diệm - Múa: 364608,364608
Flowfire Horned Owl: 364609,Cú Hỏa Diệm - Bay: 364609,364609
Mirrorpool Triped: 364610,Robot Ba Chân Mặt Nước - Đội: 364610,364610
Mirrorpool Triped: 364611,Robot Ba Chân Mặt Nước - Nhảy: 364611,364611
Mirrorpool Triped: 364612,Robot Ba Chân Mặt Nước - Ngồi: 364612,364612
Thundering Triped: 364613,Robot Ba Chân Lôi Đình - Đội: 364613,364613
Thundering Triped: 364614,Robot Ba Chân Lôi Đình - Nhảy: 364614,364614
Thundering Triped: 364615,Robot Ba Chân Lôi Đình - Ngồi: 364615,364615
Flowfire Triped: 364616,Robot Ba Chân Hỏa Diệm - Đội: 364616,364616
Flowfire Triped: 364617,Robot Ba Chân Hỏa Diệm - Nhảy: 364617,364617
Flowfire Triped: 364618,Robot Ba Chân Hỏa Diệm - Ngồi: 364618,364618
Traveling Horned Owl: 364619,Cú Lữ Hành: 364619,364619
Traveling Triped: 364620,Robot Ba Chân Lữ Hành: 364620,364620
Kaedehara Kazuha: 368101,Kaedehara Kazuha: 368101,368101
Yanfei: 368102,Yanfei: 368102,368102
Eula: 368103,Eula: 368103,368103
Jean: 368104,Jean: 368104,368104
Lisa: 368105,Lisa: 368105,368105
Barbara: 368106,Barbara: 368106,368106
Kaeya: 368107,Kaeya: 368107,368107
Diluc: 368108,Diluc: 368108,368108
Razor: 368109,Razor: 368109,368109
Amber: 368110,Amber: 368110,368110
Venti: 368111,Venti: 368111,368111
Xiangling: 368112,Xiangling: 368112,368112
Beidou: 368113,Beidou: 368113,368113
Xingqiu: 368114,Xingqiu: 368114,368114
Xiao: 368115,Xiao: 368115,368115
Ningguang: 368116,Ningguang: 368116,368116
Klee: 368117,Klee: 368117,368117
Zhongli: 368118,Zhongli: 368118,368118
Fischl: 368119,Fischl: 368119,368119
Bennett: 368120,Bennett: 368120,368120
Tartaglia: 368121,Tartaglia: 368121,368121
Noelle: 368122,Noelle: 368122,368122
Qiqi: 368123,Qiqi: 368123,368123
Chongyun: 368124,Chongyun: 368124,368124
Ganyu: 368125,Ganyu: 368125,368125
Albedo: 368126,Albedo: 368126,368126
Diona: 368127,Diona: 368127,368127
Mona: 368128,Mona: 368128,368128
Keqing: 368129,Keqing: 368129,368129
Sucrose: 368130,Sucrose: 368130,368130
Xinyan: 368131,Xinyan: 368131,368131
Rosaria: 368132,Rosaria: 368132,368132
Hu Tao: 368133,Hu Tao: 368133,368133
Paimon: 368134,Paimon: 368134,368134
Yoimiya: 368135,Yoimiya: 368135,368135
Sayu: 368136,Sayu: 368136,368136
Kamisato Ayaka: 368137,Kamisato Ayaka: 368137,368137
Raiden Shogun: 368138,Raiden Shogun: 368138,368138
Sangonomiya Kokomi: 368139,Sangonomiya Kokomi: 368139,368139
Kujou Sara: 368140,Kujou Sara: 368140,368140
Aloy: 368141,Aloy: 368141,368141
Thoma: 368142,Thoma: 368142,368142
Gorou: 368143,Gorou: 368143,368143
Arataki Itto: 368144,Arataki Itto: 368144,368144
Shenhe: 368145,Shenhe: 368145,368145
Yun Jin: 368146,Yun Jin: 368146,368146
Yae Miko: 368147,Yae Miko: 368147,368147
Kamisato Ayato: 368148,Kamisato Ayato: 368148,368148
Yelan: 368149,Yelan: 368149,368149
Kuki Shinobu: 368150,Kuki Shinobu: 368150,368150
Shikanoin Heizou: 368151,Shikanoin Heizou: 368151,368151
Tighnari: 368152,Tighnari: 368152,368152
Collei: 368153,Collei: 368153,368153
Dori: 368154,Dori: 368154,368154
Nilou: 368155,Nilou: 368155,368155
Cyno: 368156,Cyno: 368156,368156
Candace: 368157,Candace: 368157,368157
Nahida: 368158,Nahida: 368158,368158
Layla: 368159,Layla: 368159,368159
#{REALNAME[ID(1)|HOSTONLY(true)]}: 368160,#{REALNAME[ID(1)|HOSTONLY(true)]}: 368160,368160
Faruzan: 368161,Faruzan: 368161,368161
Yaoyao: 368162,Yaoyao: 368162,368162
Alhaitham: 368163,Alhaitham: 368163,368163
Jade-Eyed Cat: 369101,Mèo Mắt Biếc: 369101,369101
Northland Hound: 369102,Chó Bắc Địa: 369102,369102
Forest Boar: 369103,Heo Rừng Hoang Dã: 369103,369103
Azure Crane: 369104,Cò Lông Xanh: 369104,369104
Forest-Patrol Hound: 369105,Chó Canh Rừng: 369105,369105
Shiba: 369106,Shiba: 369106,369106
Black-Back Hound: 369107,Chó Săn Lưng Đen: 369107,369107
Northland Cat: 369108,Mèo Phương Bắc: 369108,369108
Tiger-Striped Cat: 369109,Mèo Vằn Hổ: 369109,369109
Sheriff Cat: 369110,Mèo Cảnh Sát: 369110,369110
Kageroumaru: 369111,Kageroumaru: 369111,369111
Snowboar: 369112,Heo Tuyết: 369112,369112
Golden Crab: 369113,Cua Hoàng Kim: 369113,369113
Sun Crab: 369114,Cua Thái Dương: 369114,369114
Ocean Crab: 369115,Cua Biển Xanh: 369115,369115
General Crab: 369116,Cua Tướng Quân: 369116,369116
Pale Red Crab: 369117,Cua Đỏ: 369117,369117
Snow Fox: 369118,Cáo Tuyết: 369118,369118
Crimson Fox: 369119,Cáo Đỏ: 369119,369119
Squirrel: 369120,Sóc: 369120,369120
Sapphire: 369121,Lam Bảo Thạch: 369121,369121
Gray Snow Cat: 369122,Mèo Tuyết Xám: 369122,369122
Snow Weasel: 369123,Chồn Sóc Trắng: 369123,369123
Red-Tailed Weasel: 369124,Chồn Sóc Đuôi Đỏ: 369124,369124
Boot Weasel: 369125,Chồn Sóc Hình Giày: 369125,369125
Kitsune: 369126,Hồ Ly: 369126,369126
Violet Ibis: 369127,Cò Tím: 369127,369127
Anemo Crystalfly: 369128,Phong Tinh Điệp: 369128,369128
Geo Crystalfly: 369129,Nham Tinh Điệp: 369129,369129
Cryo Crystalfly: 369130,Băng Tinh Điệp: 369130,369130
Electro Crystalfly: 369131,Lôi Tinh Điệp: 369131,369131
Blue Horned Lizard: 369132,Rồng Đất Lam: 369132,369132
Red Horned Lizard: 369133,Rồng Đất Đỏ: 369133,369133
Green Horned Lizard: 369134,Rồng Đất Lục: 369134,369134
Sunset Loach: 369135,Cá Chạch Hoàng Hôn: 369135,369135
Golden Loach: 369136,Cá Chạch Kim: 369136,369136
Sunny Loach: 369137,Cá Chạch Ngày Nắng: 369137,369137
Marrow Lizard: 369138,Rồng Đất Ăn Tủy: 369138,369138
Ếch Xanh: 369139,Ếch Xanh: 369139,369139
Mud Frog: 369140,Ếch Nước: 369140,369140
Ếch Lam: 369141,Ếch Lam: 369141,369141
Adorned Unagi: 369142,Unagi Lộng Lẫy: 369142,369142
Red-Finned Unagi: 369143,Unagi Đỏ Thẫm: 369143,369143
White Pigeon: 369144,Bồ Câu Trắng: 369144,369144
Brightcrown Pigeon: 369145,Bồ Câu Li Quán: 369145,369145
Graywing Pigeon: 369146,Bồ Câu Xám: 369146,369146
Crimsonflank Pigeon: 369147,Bồ Câu Đỏ: 369147,369147
Black King Pigeon: 369148,Bồ Câu Đen: 369148,369148
Crow: 369149,Quạ: 369149,369149
Crimson Finch: 369150,Chim Sẻ Đỏ: 369150,369150
Golden Finch: 369151,Chim Sẻ Vàng: 369151,369151
Snow Finch: 369152,Chim Sẻ Tuyết: 369152,369152
Emerald Finch: 369153,Chim Sẻ Xanh: 369153,369153
Deep Sea Unagi: 369154,Cá Chình Biển Sâu: 369154,369154
Coral Butterfly: 369155,Bướm San Hô: 369155,369155
Lucklight Fly: 369156,Bọ Cát Quang: 369156,369156
Bluethunder Weasel: 369157,Chồn Sóc Sét Xanh: 369157,369157
Dendro Crystalfly: 369158,Thảo Tinh Điệp: 369158,369158
Forest Tree Frog: 369159,Ếch Nhiệt Đới: 369159,369159
Red Tailed Lizard: 369160,Rồng Đất Đuôi Đỏ: 369160,369160
Puny Shroomboar: 369161,Heo Nấm Nhỏ: 369161,369161
Shroomboar: 369162,Heo Nấm: 369162,369162
Dusk Bird: 369163,Chim Hoàng Hôn: 369163,369163
Sacred Ibis: 369164,Cò Thánh: 369164,369164
Masked Weasel: 369165,Chồn Sóc Mặt Nạ: 369165,369165
Scarab: 369166,Bọ Thánh Kim: 369166,369166
Quicksand Eel: 369167,Lươn Sa Mạc: 369167,369167
Desert Fox: 369168,Cáo Sa Mạc: 369168,369168
Straw Hut: 370101,Nhà Tranh: 370101,370101
Straw Depot: 370102,Kho Rơm: 370102,370102
Liyue House: 370103,Nhà Liyue - Sống Ẩn Dật: 370103,370103
Liyue House: 370104,Nhà Liyue - Xà Treo Bằng Đá: 370104,370104
Liyue Pitstop: 370105,Trạm Dịch Liyue - Trà Đạo: 370105,370105
Liyue House: 370106,Nhà Liyue - Trăng Nằm Trên Mái: 370106,370106
Liyue House: 370107,Nhà Liyue - Hòa Thuận Đầm Ấm: 370107,370107
Liyue Shop: 370108,Cửa Hàng Liyue - Khách Đông Nườm Nượp: 370108,370108
Wing House: 370109,Hiên Nhà Cổ - Sớm Tối Có Nhau: 370109,370109
Pavilion: 370110,Đình Nghỉ Ngơi - Ngắm Nhìn Trời Đêm: 370110,370110
"""Hyoutei"" Stacked Aralia Wood Boxes: 370111","Hộp Gỗ Khổng Tước Xếp Chồng ""Hyoutei"": 370111",370111
"Aralia ""Bangaku"" Shelf: 370112","Tủ Khổng Tước ""Bangaku"": 370112",370112
"Aralia ""Fusen"" Cupboard: 370113","Tủ Bếp Khổng Tước ""Fusen"": 370113",370113
"Yumemiru ""Dewcover"" Wardrobe: 370114","Tủ Áo ""Ẩn Hiện"" Gỗ Mơ Mộng: 370114",370114
"Yumemiru ""Decorum"" Kimono Rack: 370115","Giá Treo Kimono ""Nghi Lễ"" Gỗ Mơ Mộng: 370115",370115
Pear Orchard Stage: 370116,Sân Khấu Kịch - Kiểu Vân Hàn: 370116,370116
Multi-Arched Mondstadt Building: 370201,Kiến Trúc Mondstadt Nhiều Mái Vòm: 370201,370201
Mondstadt House With Overhanging Attic: 370202,Nhà Mondstadt Có Gác Xép: 370202,370202
Warm and Dry Mondstadt Apartment: 370203,Nhà Trọ Mondstadt Không Sợ Ẩm Ướt: 370203,370203
Old Wind-Resistant Mondstadt House: 370204,Nhà Cũ Mondstadt Chống Bão: 370204,370204
Country Home With Tall Attic: 370205,Nhà Gác Cao Nông Thôn: 370205,370205
Classic Country Home: 370206,Gian Nhà Cổ Điển: 370206,370206
Pocket-Sized Pine Cabin: 370207,Nhà Nhỏ Gỗ Thông Bỏ Túi: 370207,370207
Liyue House: 370208,Nhà Liyue - Thời Gian Thoi Đưa: 370208,370208
Bustling Sundry Stand: 370301,Sạp Tạp Hóa Lửa Đỏ Náo Nhiệt: 370301,370301
Profitable Fruit Stand: 370302,Sạp Trái Cây Kinh Doanh Ổn Định: 370302,370302
Real Deal Fruit Stand: 370303,Sạp Trái Cây Hàng Ngon Giá Tốt: 370303,370303
Open-Air Workshop: 370304,Xưởng Bếp Lò Ngoài Trời: 370304,370304
Bountiful Harvest Fruit Cart: 370305,Xe Trái Cây Đầy Ắp: 370305,370305
"""Traveling Merchant North of the Stone Gate"": 370306",Gian Hàng Phía Bắc Cổng Đá: 370306,370306
Roll-Roofed Fruit and Vegetable Cart: 370307,Xe Bán Rau Quả Hình Vòm: 370307,370307
"""Four-Quadrant Cooking Cauldron"": 370308",Nồi Bách Vị: 370308,370308
Fruit and Veggie Stall: 370309,Sạp Rau Quả - Cánh Đồng Thu Nhỏ: 370309,370309
Otogi Wood Ramen Stand: 370310,Quầy hàng Ramen Gỗ Otogi: 370310,370310
Woven Depth: 370311,Chiều Sâu Đan Dệt: 370311,370311
Woven Length: 370312,Kích Thước Đan Dệt: 370312,370312
Woven Fruition: 370313,Bảo Ngọc Đan Dệt: 370313,370313
Sweetness in Exchange: 370314,Ngọt Ngào Giữa Dòng Chảy: 370314,370314
Sweetness in the Shade: 370315,Ngọt Ngào Dưới Bóng Râm: 370315,370315
Sweetness in Storage: 370316,Lọ Gốm Ngọt Ngào: 370316,370316
Fisherman's Dealings: 370317,Phố Chợ Đánh Bắt: 370317,370317
Fisherman's Preservation Trick: 370318,Quy Định Đánh Bắt: 370318,370318
Fisherman's Maintenance: 370319,Tận Dụng Đánh Bắt: 370319,370319
Brightwood Grocery Stall: 370320,Quầy Hàng Mái Vải: 370320,370320
Brightwood Kebab Cart: 370321,Quầy Đồ Nướng Di Động: 370321,370321
Abundance of Crisp Air: 370322,Giữ Hàng Khô Ráo: 370322,370322
Deliberation of Choice: 370323,Sau Tuyển Chọn Đa Dạng: 370323,370323
Hilichurl Outpost Hut: 370401,Trạm Gác Hilichurl: 370401,370401
Hilichurl Chieftain Hall: 370402,Doanh Trại Thủ Lĩnh Hilichurl: 370402,370402
"""Clouds East of Bishui"": 370501",Vân Du Bích Thủy Đông: 370501,370501
Straw Shed: 370502,Lều Tranh: 370502,370502
Lightning Protective Tent: 370503,Lều Tránh Sét: 370503,370503
Simple Single-Person Tent: 370504,Túp Lều Giản Dị: 370504,370504
Otogi Wood Rice Cake Soup Stand: 370505,Quầy Zoni Đường Phố Otogi: 370505,370505
Otogi Wood Granary Cart: 370507,Xe Đẩy Lương Thực Otogi: 370507,370507
Umbrella Shop: 370508,Sạp Dù - Ảo Mộng: 370508,370508
Fruit and Veggie Stall: 370509,Sạp Rau Quả - Đặc Sản Địa Phương: 370509,370509
"Festival ""Teiban"" Store: 370510","Quầy Bách Hóa ""Teiban"" Lễ Hội: 370510",370510
"Festival ""Kiban"" Store: 370511","Quầy Bách Hóa ""Kiban"" Lễ Hội: 370511",370511
"""Kouki"" Aralia Mask Rack: 370512","Giá Mặt Nạ Gỗ Khổng Tước ""Kouki"": 370512",370512
Fine Stall: 370513,Sạp Quà Tặng - Sắc Màu: 370513,370513
Rainbow Stall: 370514,Sạp Cầu Vồng - Xanh Thẫm: 370514,370514
Rainbow Stall: 370515,Sạp Cầu Vồng - Đỏ Ngọc: 370515,370515
"Festival Booth - ""Strange Wonders"": 370516",Gian Hàng Lễ Hội - Kỳ Quan Kỳ Lạ: 370516,370516
"Festival Booth - ""Literary Talent"": 370517",Gian Hàng Lễ Hội - Tài Năng Văn Học: 370517,370517
Dodoco's Summertime: 370518,Mùa Hè Của Dodoco: 370518,370518
Kimodameshi Vivaciousness: 370519,Đại Hội Dũng Cảm Náo Nhiệt: 370519,370519
Ritual Shrine: 370601,Đền Vĩnh Hằng: 370601,370601
Cleansing Shrine: 370602,Đền Tịnh Tâm: 370602,370602
Inazuman Mansion: 370603,Dinh Thự Inazuma - Nhất Trí Một Lòng: 370603,370603
Inazuman Store: 370604,Cửa Tiệm Inazuma - Trăm Ngọc Nghìn Ngà: 370604,370604
Inazuman Home: 370605,Nhà Dân Inazuma - Tam Đại Đồng Đường: 370605,370605
Inazuman Home: 370606,Nhà Dân Inazuma - Biến Tấu Dễ Dàng: 370606,370606
Inazuman Workshop: 370607,Công Xưởng Inazuma - Tận Tụy Chuyên Tâm: 370607,370607
Inazuman Home: 370608,Nhà Dân Inazuma - Thân Tâm An Lạc: 370608,370608
Inazuman Bamboo-Roofed Home: 370609,Nhà Tre Inazuma - Tịnh Độ An Yên: 370609,370609
Inazuman Bamboo-Roofed Home: 370610,Nhà Tre Inazuma - Con Tim Nhàn Hạ: 370610,370610
Inazuman Workshop: 370611,Công Xưởng Inazuma - Công Năng Đa Dạng: 370611,370611
Inazuman Home: 370612,Nhà Dân Inazuma - Có Công Mài Sắt: 370612,370612
Inazuman Workshop: 370613,Công Xưởng Inazuma - Bữa Ăn Ấm Lòng: 370613,370613
Inazuman Home: 370614,Nhà Dân Inazuma - Không Ngừng Quan Sát: 370614,370614
Inazuman Official Residence: 370615,Dinh Phủ Inazuma - Uy Nghi Lẫm Liệt: 370615,370615
Inazuman Official Residence: 370616,Dinh Phủ Inazuma - Nghiêm Túc Chấp Hành: 370616,370616
Official Residence Corridor: 370617,Hành Lang Dinh Phủ - Cung Đường Quyền Thế: 370617,370617
Camp Watchtower: 370618,Tháp Canh - Giám Sát: 370618,370618
Camp Tent: 370619,Lều Trại - Chiến Lược: 370619,370619
Camp Dwelling: 370620,Lều Trại - Kiên Cố: 370620,370620
Camp Gate: 370621,Cổng Doanh Trại - Trung Kiên: 370621,370621
Fortune Slip Stand: 370623,Quầy Thẻ Ngự Thần - Giải Quẻ: 370623,370623
Shrine Hall: 370624,Chính Điện Đền Thần - Tâm Nguyện: 370624,370624
Shrine Annex: 370625,Gian Bên Đền Thần - Hân Hạnh Phục Vụ: 370625,370625
Estate Reception: 370626,Phòng Khách - Lễ Độ: 370626,370626
Estate Storehouse: 370627,Nhà Kho - Mọi Thứ Đủ Đầy: 370627,370627
Inazuman Home: 370628,Nhà Dân Inazuma - Ký Ức Watatsumi: 370628,370628
Inazuman Home: 370629,Nhà Dân Inazuma - Ngôi Nhà San Hô: 370629,370629
Inazuman Home: 370630,Nhà Dân Inazuma - Ngôi Nhà Sóng Gió: 370630,370630
Woodland Stand: 370700,Quầy Trưng Bày Rừng Sâu: 370700,370700
Deepwood Dweller's Deliberation: 370701,Châm Chước Của Cư Dân Rừng Sâu: 370701,370701
Deepwood Dweller's Estimation: 370702,Ước Tính Của Cư Dân Rừng Sâu: 370702,370702
Deepwood Dweller's Lonesome: 370703,Hoài Bão Của Cư Dân Rừng Sâu: 370703,370703
Deepwood Dweller's Perseverance: 370704,Kiên Trì Của Cư Dân Rừng Sâu: 370704,370704
Desert House: 370705,Ngôi Nhà Sa Mạc - Bình Dị: 370705,370705
Desert House: 370706,Ngôi Nhà Sa Mạc - Hương Thơm: 370706,370706
Desert House: 370707,Ngôi Nhà Sa Mạc - Hiệu Lệnh: 370707,370707
Desert House: 370708,Ngôi Nhà Sa Mạc - Giấc Ngủ Ngắn: 370708,370708
Desert House: 370709,Ngôi Nhà Sa Mạc - Ánh Sáng Tiềm Ẩn: 370709,370709
Desert House: 370710,Ngôi Nhà Sa Mạc - Lưu Trữ: 370710,370710
Mansion Pagoda — Flower of Revelation: 370711,"Tháp ""Hoa Giác Ngộ"": 370711",370711
Mansion Pagoda — Tree of Pondering: 370712,"Tháp ""Cây Suy Ngẫm"": 370712",370712
Mansion Courtyard — Warbling Pavilion: 370713,"Mái Đình ""Tiếng Chim Ngân"": 370713",370713
Mansion Courtyard — Watchtower of Foresight: 370714,"Mái Đình ""Lầu Vọng Cảnh"": 370714",370714
Mansion Courtyard — Place of Repose: 370715,"Mái Đình ""Nơi Thưởng Trà"": 370715",370715
Mansion Courtyard — Cuisinier's Abode: 370716,"Mái Đình ""Nơi Khói Tỏa"": 370716",370716
Nilotpala Cup Tournament Stage: 370717,"Sân Đấu ""Cúp Nilotpala"": 370717",370717
Treasures of the City of Wisdom: 370718,Tài Sản Của Thành Phố Trí Tuệ: 370718,370718
Delicacies of the City of Wisdom: 370719,Mỹ Thực Của Thành Phố Trí Tuệ: 370719,370719
Aromas of the City of Wisdom: 370720,Làn Gió Thơm Của Thành Phố Trí Tuệ: 370720,370720
Tenacity of the City of Wisdom: 370721,Sự Kiên Cường Của Thành Phố Trí Tuệ: 370721,370721
Commerce of the City of Wisdom: 370722,Giao Dịch Của Thành Phố Trí Tuệ: 370722,370722
Shade in the Tranquil Court: 370723,Bóng Râm Trong Khu Vườn Tĩnh Mịch: 370723,370723
Light in the Tranquil Court: 370724,Sắc Thủy Tinh Trong Khu Vườn Tĩnh Mịch: 370724,370724
Replica of the Theater's Glory: 370725,Bản Sao Của Nhà Hát: 370725,370725
Fabric of the City of Wisdom: 370726,Sợi Tơ Của Thành Phố Trí Tuệ: 370726,370726
Pottery of the City of Wisdom: 370727,Nung Đốt Của Thành Phố Trí Tuệ: 370727,370727
Diligence of the City of Wisdom: 370728,Sự Cần Mẫn Của Thành Phố Trí Tuệ: 370728,370728
Building Block of the City of Wisdom: 370729,Sự Bình Dị Của Thành Phố Trí Tuệ: 370729,370729
Contrasts of the City of Wisdom: 370730,Sự Tương Phản Của Thành Phố Trí Tuệ: 370730,370730
Peace in the City of Wisdom: 370731,Hòa Bình Của Thành Phố Trí Tuệ: 370731,370731
Errands in the City of Wisdom: 370732,Việc Vặt Của Thành Phố Trí Tuệ: 370732,370732
Silky Queller of Sea Monsters: 370733,Lụa Đuổi Hải Thú: 370733,370733
Night of Serenity in the Sandy Breeze: 370734,Gió Cát Giữa Đêm Lặng: 370734,370734
Bird and Blossom Design Fountain: 371101,Đài Phun Nước Hoa Và Chim: 371101,371101
Hilichurl Spiral Watchtower: 371102,Tháp Canh Hilichurl: 371102,371102
Hilichurl Straw Hut: 371103,Lều Cỏ Hilichurl: 371103,371103
"""Ballad-Spinning Windwheel"": 371104",Mục Ca Và Cối Xay Gió: 371104,371104
Temporary Work Quarters: 371107,Điểm Tạm Trú Công Trình: 371107,371107
"""Pure Gorgeous Summer"": 371109",Mùa Hè Rực Rỡ Và Tươi Mát: 371109,371109
Scarlet Torii Gate: 371110,Cổng Torii - Cánh Cổng Chân Tịnh: 371110,371110
Scarlet Torii Gate: 371112,Cổng Torii - Tâm An Vạn Sự An: 371112,371112
Estate Gate: 371113,Cổng Nhà - Cánh Cổng Gió Thoảng: 371113,371113
Estate Corridor: 371114,Hành Lang - Bước Đi Thư Giãn: 371114,371114
Estate Courtyard Corner: 371115,Hành Lang - Khiêm Nhường: 371115,371115
Whitestone Hot Spring: 371116,Suối Nước Nóng Đá Trắng - Dòng Chảy Ấm Áp: 371116,371116
Of Fields Green: 371117,Khu Vườn Xanh Ngát - Thác Băng Thanh: 371117,371117
Sub-Space Cabochon: 371118,Kỳ Thạch - Phi Thăng Đằng Thực: 371118,371118
Stoneworks Crane: 371119,Cần Trục Nham Xưởng - Dời Núi: 371119,371119
Stoneworks Crane: 371120,Cần Trục Nham Xưởng - San Bằng: 371120,371120
Desert Hut: 371122,Túp Lều Sa Mạc - Vụn Vặt: 371122,371122
Desert Hut: 371123,Túp Lều Sa Mạc - Hỏi Chuyện: 371123,371123
Desert Hut: 371124,Túp Lều Sa Mạc - Khô Héo: 371124,371124
Desert Hut: 371125,Túp Lều Sa Mạc - Nghỉ Ngơi: 371125,371125
Theater's Cool Mist: 371126,Hơi Nước Tươi Mát Của Nhà Hát: 371126,371126
Clarity from the Land of Wisdom: 371127,Sự Trong Sáng Ở Vùng Đất Trí Tuệ: 371127,371127
Port Ormos GP Crane III: 371129,Cần Cẩu Đa Năng Loại 3 Cảng Ormos: 371129,371129
Composite Timber Long-Distance Hand Cart: 371130,Xe Hàng Đường Dài Gỗ Hỗn Hợp: 371130,371130
Composite Timber In-Port Transfer Cart: 371131,Xe Hàng Trong Cảng Gỗ Hỗn Hợp: 371131,371131
Three-Wheeled Mountain Hand Cart: 371132,Xe Hàng Đường Núi Hai Loại Bánh: 371132,371132
God of the Stove Statue: 371133,"Tượng ""Ma Thần Bếp"": 371133",371133
Adeptus Gate: 371201,Tam Nhãn Thủ Tiên Bài: 371201,371201
Birch Main Courtyard Gate: 371202,Cổng Chính Trang Viên: 371202,371202
Carved Courtyard Fence Ending: 371203,Chân Tường Đình Viện Khắc Hoa: 371203,371203
Carved Courtyard Fence: 371204,Tường Đình Viện Khắc Hoa: 371204,371204
Scenic Corridor: 371205,Hành Lang Cổ - Dạo Chơi Trong Rừng: 371205,371205
Courtyard Wall: 371206,Tường Viện Cổ - Bốn Mùa Dưới Hiên Nhà: 371206,371206
Wall Corner: 371207,Góc Tường Cổ - Một Góc U Buồn: 371207,371207
Courtyard Wall: 371208,Tường Viện Cổ - Dát Châu Ngọc: 371208,371208
Courtyard Wall: 371209,Tường Viện Cổ - Bình Yên Ngang Qua: 371209,371209
Main Entrance: 371210,Cổng Lầu Cổ - Vân Môn: 371210,371210
Perimeter Wall: 371211,Tường Cảnh Cổ - Vòm Liễu: 371211,371211
Veranda Corner: 371212,Góc Hành Lang - Từng Bước Nên Thơ: 371212,371212
Key Gateway: 371213,Cổng Trọng Địa - Dưới Bóng Mây: 371213,371213
Key Fence: 371214,Hàng Rào Trọng Địa - Bức Tường Giao Ước: 371214,371214
Fence Corner: 371215,Góc Hàng Rào - Giám Sát Chặt Chẽ: 371215,371215
"Otogi ""Kintake"" Courtyard Gate: 371216","Cổng Sân ""Kintake"" Gỗ Otogi: 371216",371216
"Otogi ""Kintake"" Fence: 371217","Hàng Rào ""Kintake"" Gỗ Otogi: 371217",371217
Encampment Fence: 371218,Hàng Rào Doanh Trại - Lộn Xộn: 371218,371218
Encampment Fence: 371219,Hàng Rào Doanh Trại - Chặn Đứng: 371219,371219
Encampment Fence: 371220,Cột Gỗ Doanh Trại - Mũi Nhọn: 371220,371220
Shrine Corridor: 371221,Hành Lang Đền Thần - Đường Rợp Cánh Hoa: 371221,371221
Shrine Corridor: 371222,Hành Lang Đền Thần - Nhìn Về Xa Xăm: 371222,371222
Estate Courtyard Wall: 371223,Bờ Tường - Đề Phòng Đá Lăn: 371223,371223
Estate Courtyard Wall: 371224,Bờ Tường - Chung Sống Hòa Thuận: 371224,371224
Estate Courtyard Wall: 371225,Bờ Tường - Ranh Giới Tiềm Ẩn: 371225,371225
Estate Wall Corner: 371226,Góc Tường - Thành Cũ Tường Xưa: 371226,371226
Hot Spring Folding Screen: 371227,Bình Phong Suối Nước Nóng - Phân Cách: 371227,371227
Hot Spring Outer Wall: 371228,Tường Rào Suối Nước Nóng - Khó Vượt: 371228,371228
Hot Spring Wall: 371229,Vách Tường Suối Nước Nóng - Vững Chắc: 371229,371229
Hot Spring Foyer: 371230,Cổng Suối Nước Nóng - Trốn Lạnh: 371230,371230
Of Fields Green: 371231,Khu Vườn Xanh Ngát - Biên Giới Của Giấc Mơ: 371231,371231
Of Fields Green: 371232,Khu Vườn Xanh Ngát - Hàng Rào Hoa Sao: 371232,371232
Of Fields Green: 371233,Khu Vườn Xanh Ngát - Mê Cung Sương Khói: 371233,371233
"""Gate of Phantasm"": 371234",Cánh Cổng Ảo Mộng: 371234,371234
Fisherman's Fence: 371235,Đường Ranh Đánh Bắt: 371235,371235
"""No Fishing Ahead"": 371236",Giới Hạn Đánh Bắt: 371236,371236
Desert Stone Steps: 371237,Bậc Đá Sa Mạc - Leo Núi: 371237,371237
Desert Wall: 371238,Bức Tường Sa Mạc - Tấn Công Bất Ngờ: 371238,371238
Desert Wall: 371239,Bức Tường Sa Mạc - Phòng Thủ Nghiêm Ngặt: 371239,371239
Desert Gate: 371240,Cổng Sa Mạc - Tránh Gió: 371240,371240
Domed Gate: 371241,Cửa Dinh Thự - Hát Ca Giữa Rừng: 371241,371241
Domed Wall: 371242,Tường Dinh Thự - Đàn Chim Hót: 371242,371242
Sub-Space Boulder: 372101,Bàn Thạch - Khước Lạp: 372101,372101
Sub-Space Boulder: 372102,Bàn Thạch - Quy Âm: 372102,372102
Sub-Space Boulder: 372103,Bàn Thạch - Bích Tiếu: 372103,372103
Sub-Space Boulder: 372104,Bàn Thạch - Miên Vân: 372104,372104
Sub-Space Boulder: 372105,Bàn Thạch - Thiên Giai: 372105,372105
Sub-Space Boulder: 372106,Bàn Thạch - Linh Lung: 372106,372106
Foundations of Stone: 372107,"Nền Đá - ""Thời Đại May Mắn"": 372107",372107
Sub-Space Boulder: 372108,Bàn Thạch - Khoáng Mạc: 372108,372108
Sub-Space Boulder: 372109,Bàn Thạch - Sỏi Đá: 372109,372109
Hiding Grazestone: 372201,Phục Thanh Thạch: 372201,372201
Recreation Stone: 372202,Tề Thân Thạch: 372202,372202
Unmoving Kingstone: 372203,Đế Đài Thạch: 372203,372203
Moonlight Stone: 372204,Chiếu Nguyệt Thạch: 372204,372204
Sunset Stone: 372205,Thẩm Hà Thạch: 372205,372205
Scorched Stone: 372206,Ánh Hồng Thạch: 372206,372206
Goldchime Stone: 372207,Kim Thanh Thạch: 372207,372207
Goldbud Stone: 372208,Kim Nha Thạch: 372208,372208
Summer Solstice Rock: 372209,Khởi Hạ Thạch: 372209,372209
Formation Rock: 372210,Binh Trận Thạch: 372210,372210
"""Dainty Fists"": 372211",Khiên Chưởng Thạch: 372211,372211
Chasm's Doorstep: 372212,Lâm Uyên Thạch: 372212,372212
Parched Stone: 372213,Kiệt Trạch Thạch: 372213,372213
Ashen Stone: 372214,Lư Khôi Thạch: 372214,372214
Sartorial Stone: 372215,Bố Y Thạch: 372215,372215
Moss-Covered Stone: 372216,Ngọa Đài Thạch: 372216,372216
Stratus-Cloud Stone: 372217,Đoạn Vân Thạch: 372217,372217
Stepping Stone: 372218,Xuyên Giản Thạch: 372218,372218
Unprecedentedly Average Stone: 372219,Vô Điển Thạch: 372219,372219
Adeptus Amber: 372220,Tiên Gia Hộ Phách - Cang Liệt Tự Kiến: 372220,372220
Adeptus Amber: 372221,Tiên Gia Hộ Phách - Họa Lao Tỏa Trành: 372221,372221
Weeping Stone: 372222,Phiến Đá Sầu: 372222,372222
Ardent Cinnabar: 372223,Đá Chu Ân: 372223,372223
"""Seal of the Provisional Head Priestess"": 372224","""Dấu Chân Guuji Đại Diện"": 372224",372224
Meditation Stone: 372225,Đá Tịnh Tâm: 372225,372225
Wading Stones: 372226,Đá Cưỡi Sóng: 372226,372226
Hot Spring Whitestone: 372227,Đá Trắng Suối Nước Nóng - Nguồn Nhiệt: 372227,372227
Disk-Patterned Terracotta: 372228,Đá Gốm Hình Đĩa: 372228,372228
Painted Oblique Stone: 372229,Đá Gốm Vòng Cung: 372229,372229
"""The Color of the Wind"": 372301",Màu Xanh Của Gió: 372301,372301
Silversand Coconut Tree: 372302,Dừa Trắng Ngân Câu: 372302,372302
Whitesand Coconut Tree: 372303,Dừa Trắng Minh Sa: 372303,372303
Tianheng Red Maple: 372304,Phong Đỏ Thiên Hành - Lá Đỏ Như Lửa: 372304,372304
Peculiar Knotwood Tree: 372305,Cây Bàn Phục Kỳ Lạ: 372305,372305
Yellow Sandbearer Tree: 372306,Cây Khước Sa Lá Vàng: 372306,372306
Mature Cuihua Tree: 372307,Cây Tụy Hoa Mạnh Mẽ: 372307,372307
Cuihua Sapling: 372308,Cây Tụy Hoa Non Nớt: 372308,372308
Tall Birch: 372309,Cây Hoa Cao To: 372309,372309
Birch Sapling: 372310,Cây Hoa Mới Nhú: 372310,372310
Golden Knotwood Tree: 372311,Cây Bàn Phục Lá Vàng: 372311,372311
Green Knotwood Tree: 372312,Cây Bàn Phục Lá Xanh: 372312,372312
Amber Knotwood Tree: 372313,Cây Bàn Phục Lá Vàng Nhạt: 372313,372313
Amber Irontrunk Tree: 372314,Cây Kiếm Cốt Lá Vàng Nhạt: 372314,372314
Golden Irontrunk Tree: 372315,Cây Kiếm Cốt Lá Vàng: 372315,372315
Green Irontrunk Tree: 372316,Cây Kiếm Cốt Lá Xanh: 372316,372316
Qingce Heronleaf Bamboo: 372317,Trúc Lộc Đỉnh: 372317,372317
Qingce Skysail Bamboo: 372318,Trúc Hành Vân: 372318,372318
Qingce Jadestone Bamboo: 372319,Trúc Hàn Ngọc: 372319,372319
"""Between Nine Steps"": 372320","""Tâm Tư Chín Bước Chân"": 372320",372320
Cyangrass: 372321,Lục Lam Xen Kẽ: 372321,372321
Stonenet: 372322,Lưới Đá: 372322,372322
Greenspire: 372323,Lửa Xanh: 372323,372323
Verdant Ancient: 372324,Tán Rừng Nghìn Tuổi: 372324,372324
Flower's First Blushing Bloom: 372325,Hoa Tươi Vừa Chớm Nở: 372325,372325
"Doves the World Over, Repose Seeking: 372326",Chim Rừng Tìm Bến Đỗ: 372326,372326
The Precious Pink of Spring: 372327,Một Khắc Nhuộm Sắc Xuân: 372327,372327
The Red Kite's Waking and Sleeping: 372328,Đàn Chim Say Giấc Ngủ: 372328,372328
The Wandering Bird Within: 372329,Nơi Chim Nhạn Di Cư: 372329,372329
Sappan and Vermilion Enjoined: 372330,Nơi Đỏ Bạc Giao Thoa: 372330,372330
Thoughts Beyond the Pale: 372331,Lưu Tâm Vào Chi Tiết: 372331,372331
The Bellflower Bids the Gloom Farewell: 372332,Sắc Tím Đượm Buồn: 372332,372332
Burgundy Dewtree: 372333,Cây Yên Hồng Thùy Lộ: 372333,372333
Burgundy Needletree: 372334,Cây Yên Hồng Huyền Trâm: 372334,372334
Fervid Nutrients: 372335,Dinh Dưỡng Mãnh Liệt: 372335,372335
Gloomy Glamour: 372336,Sắc Màu Trầm Lắng: 372336,372336
Pristine Vessel: 372337,Vùng Đất Tinh Khiết: 372337,372337
Slanted Meandering Wood: 372338,Cây Lan Trải Nghiêng Mình: 372338,372338
Verdant Meandering Wood: 372339,Cây Lan Trải Sum Suê: 372339,372339
Viridite Noonwood: 372340,Chiều Tà Sắt Xanh: 372340,372340
Viridite Dawnwood: 372341,Hoàng Hôn Sắt Xanh: 372341,372341
Secluded Hibiscus Branches: 372342,Cành Cây Tĩnh Lặng: 372342,372342
Fragrant Cedar Vegetable Rack: 372401,Kệ Nhà Bếp Gỗ Thùy Hương: 372401,372401
Blooming Hedge: 372402,Bụi Cây Nở Hoa: 372402,372402
Ordinary Garden Hedge: 372403,Bụi Cây Bằng Phẳng: 372403,372403
"""Concealing Leaves"": 372404",Lá Ẩn Thân: 372404,372404
"""Green Fountain"": 372405",Đài Phun Nước Xanh: 372405,372405
"""Kindletree"": 372406",Cây Lửa: 372406,372406
"""Crystalfly's Perch"": 372407",Cành Bướm Pha Lê: 372407,372407
"""Southern Sweetleaves"": 372408",Lá Phong Thơm Nam Cảnh: 372408,372408
"""Brightcrown Plumebush"": 372409",Lá Lông Vũ: 372409,372409
Overgrown Wildvest: 372410,Thanh Sam Cảnh Thước: 372410,372410
Hazel Wildvest: 372411,Thanh Sam Vấn Hàn: 372411,372411
Wine-Red Wildvest: 372412,Thanh Sam Tự Chước: 372412,372412
Verdurous Feast: 372413,Bữa Tiệc Đồng Xanh: 372413,372413
Verdurous Waiter: 372414,Người Hầu Đồng Xanh: 372414,372414
Golden Pearlroot Tree: 372415,Cây Lá Vàng: 372415,372415
Amber Pearlroot Tree: 372416,Cây Lá Vàng Nhạt: 372416,372416
Withered Pearlroot Tree: 372417,Cây Lá Khô: 372417,372417
Green Pearlroot Tree: 372418,Cây Lá Tươi: 372418,372418
Profuse Smokeleaf: 372419,Lư Thanh Tươi Tốt: 372419,372419
Vivacious Smokeleaf: 372420,Lư Thanh Non: 372420,372420
Profuse Lacquerleaf: 372421,Đồng Đan Tươi Tốt: 372421,372421
Vivacious Lacquerleaf: 372422,Đồng Đan Non: 372422,372422
Profuse Awlking: 372423,Điệp Lục Tươi Tốt: 372423,372423
Vivacious Awlking: 372424,Điệp Lục Non: 372424,372424
Luscious Bloom: 372425,Phi Tuyền Cẩm Thốc: 372425,372425
Verdant Bloom: 372426,Nha Lục Cẩm Thốc: 372426,372426
Meadow Bloom: 372427,Ngô Chi Cẩm Thốc: 372427,372427
Gemini Verdance: 372428,Nha Lục Song Sinh: 372428,372428
Gemini Jasmine: 372429,Tố Hinh Song Sinh: 372429,372429
"""A Seat in the Wilderness"": 372430",Ghế Cánh Đồng Xanh: 372430,372430
"""Hunter's Vantage"": 372431",Còi Của Thợ Săn: 372431,372431
"""Prey's Cloak of Refuge"": 372432",Áo Choàng Săn Bắn: 372432,372432
The Aster's Sigh: 372433,Sắc Tím Than Thở: 372433,372433
"Melancholy, the Dewgrass Shadowing: 372434",Ảo Ảnh Qua Ngọn Cỏ: 372434,372434
Of Promises Unkept the Night Flowers Speak: 372435,Lời Hứa Hoa Đêm: 372435,372435
Trees of Azure Jade: 372436,Sắc Xanh Nhuộm Nhánh Ngọc: 372436,372436
Through White Foam the Jade Butterfly Soars: 372437,Bướm Vượt Sóng Biển: 372437,372437
Scarlet-Scented Fan Dance: 372438,Vũ Điệu Hương Đỏ: 372438,372438
A Thousand Petals of Red Glaze: 372439,Nghìn Cánh Hoa Men Đỏ: 372439,372439
Midsummer Tea-Fragrance: 372440,Hương Trà Mùa Hè: 372440,372440
Of Bamboo Teal: 372441,Trỗi Dậy Xanh Thẫm: 372441,372441
Amidst Dew-Covered Lilac Leaves: 372442,Giữa Tán Lá Xoan: 372442,372442
Thrice-Dyed Crimson Snowmelt: 372443,Đỏ Rực Giữa Tuyết: 372443,372443
Evernight Glitterbough: 372445,Nhánh Phát Sáng: 372445,372445
Evernight Blazeshrub: 372446,Cây Phát Sáng: 372446,372446
Mauve Shiverstroke Shroom: 372447,Nấm Cẩm Quỳ Đản Bút: 372447,372447
Mauve Lute's-Edge Shroom: 372448,Nấm Cẩm Quỳ Trúc Phong: 372448,372448
Scarlet Swayshroom: 372449,Nấm Đung Đưa Đỏ Rực: 372449,372449
Brown Treeshroom: 372450,Nấm Thẳng Đứng Sắc Nâu: 372450,372450
Withered Buttershroom: 372451,Nấm Vàng Ngân Hạnh: 372451,372451
Sandy Domeshroom: 372452,Nấm Nhô Màu Cát Vàng: 372452,372452
Umbrella of Calm: 372453,Chiếc Lá Hình Ô: 372453,372453
The Belying Toughness: 372454,Kết Cấu Dẻo Dai: 372454,372454
Like an Omen of Daybreak: 372455,Như Điềm Báo Của Bình Minh: 372455,372455
Like the Dangling White Stars: 372456,Như Những Ngôi Sao Trắng Lơ Lửng: 372456,372456
Like the Moon's Shattered Shards: 372457,Như Mảnh Vỡ Của Ánh Trăng: 372457,372457
Like the Encircling Eventide: 372458,Như Hoàng Hôn Bao Quanh: 372458,372458
The Hidden Sweetness: 372459,Mật Ngọt Tiềm Ẩn: 372459,372459
The Concealed Salt: 372460,Quả Mặn Tiềm Ẩn: 372460,372460
Chilling Sand Grilling: 372461,Sự Mát Mẻ Của Cát Nóng: 372461,372461
The Fragrant Branches Asleep: 372462,Cành Cây Say Ngủ: 372462,372462
"The Leaf Veins, Supple and Subtle: 372463",Gân Lá Dẻo Dai: 372463,372463
Like the Shimmering Distant Stars: 372464,Như Những Ngôi Sao Lấp Lánh Xa Xăm: 372464,372464
Colors in the Water Roiling: 372465,Tranh Trong Nước: 372465,372465
Letters in the Sands Half-Buried: 372466,Lá Thư Trong Cát: 372466,372466
Like the Blistering Sunlight: 372467,Như Mặt Trời Thiêu Đốt: 372467,372467
"No Jumping, No Tramping: 372468",Khu Vực Cấm Chạy Nhảy: 372468,372468
A Forest Corner's Miracle: 372469,Dấu Tích Diệu Kỳ Nơi Rừng Hoang: 372469,372469
Flaming Azure: 372470,Ánh Xanh Bao Phủ: 372470,372470
Concentrated Alabaster: 372471,Ánh Trắng Nhẹ Nhàng: 372471,372471
Flaming Catalyst: 372472,Xúc Tác Rực Lửa: 372472,372472
Prolongation Medium: 372473,Xúc Tác Lâu Dài: 372473,372473
Balancing Dye: 372474,Điều Hòa Sắc Ấm: 372474,372474
Peaceful Hibiscus Purple: 372475,Tím Khói Tĩnh Lặng: 372475,372475
Fountain of Scorching Sands: 372476,Vòi Phun Cát Chảy: 372476,372476
Sunset Reflection: 372477,Hình Chiếu Ánh Dương: 372477,372477
Umbrella of Dewdrops: 372478,Tán Ô Ngậm Sương: 372478,372478
The Bountiful Waterside: 372479,Phì Nhiêu Bên Bờ: 372479,372479
Umbrella of Refuge: 372480,Tán Ô Trú Mình: 372480,372480
A Different Kind of Sweetness: 372481,Thơm Ngọt Mới Lạ: 372481,372481
A Path of Value: 372501,Thửa Ruộng Phỉ Thúy: 372501,372501
A Path of Value: 372502,Thửa Ruộng Phì Nhiêu: 372502,372502
A Path of Value: 372503,Thửa Ruộng Trật Tự: 372503,372503
Sub-Space Boulder: 372601,Bàn Thạch - Không Sơn: 372601,372601
Sub-Space Boulder: 372602,Bàn Thạch - Cô Sơn: 372602,372602
Sub-Space Boulder: 372603,Bàn Thạch - Vụ Cư: 372603,372603
Sub-Space Boulder: 372604,Bàn Thạch - Phù Sơn: 372604,372604
Sub-Space Cabochon: 372605,Kỳ Thạch - Cao Bay Xa Chạy: 372605,372605
Sub-space Structure: 372606,Kiệt Tác Ngoại Cảnh - Đường Mòn Sương Khói: 372606,372606
Sub-Space Structure: 372607,Kiệt Tác Ngoại Cảnh - Bước Đi Trên Cành: 372607,372607
Test Grill: 373100,Lò nướng: 373100,373100
Messy Pile of Fir Crates: 373101,Rương Hàng Gỗ Sam Chất Chồng: 373101,373101
Neat Stack of Fir Kegs: 373102,Thùng Rượu Gỗ Sam Xếp Ngay Ngắn: 373102,373102
Heavy Hay Bale: 373103,Đống Cỏ Khô Nặng Trĩu: 373103,373103
Wine Jar With Bamboo Casing: 373104,Vò Rượu Khung Tre - Mỹ Tửu Chờ Trăng: 373104,373104
Toy Stand: 373105,Sạp Đồ Chơi - Niềm Vui Lấp Lánh: 373105,373105
Umbrella Shop: 373106,Sạp Dù - Sắc Màu: 373106,373106
Storage Sack: 373107,Túi Đựng Đồ - Rút Lui Như Chớp: 373107,373107
Fruit Seller's Caution: 373108,Sự Cẩn Thận Của Người Bán Rau Quả: 373108,373108
Fruit Seller's Toil: 373109,Sự Mệt Nhọc Của Người Bán Rau Quả: 373109,373109
Hardened Glazed Vase: 373110,Lọ Gốm Sặc Sỡ: 373110,373110
Hilichurl Archery Target: 373111,Bia Bắn Tên Hilichurl: 373111,373111
Hilichurl Horned Pot: 373112,Nồi Lớn Hilichurl: 373112,373112
Deadwood Road Sign: 373113,Biển Chỉ Đường Bằng Gỗ: 373113,373113
"""The Adventurer's Burdens"": 373114",Tai Họa Khó Tránh Của Nhà Mạo Hiểm: 373114,373114
Sturdy Wooden Barrel: 373115,Thùng Gỗ Chắc Chắn: 373115,373115
Tall Wooden Pole: 373116,Trụ Gỗ Cao: 373116,373116
Wood Bundle: 373117,Bó Gỗ: 373117,373117
Rainproof Fir Cargo Container: 373118,Rương Gỗ Sam Chống Mưa: 373118,373118
Stone Cup-Shaped Pool: 373119,Hồ Đá Hình Tròn: 373119,373119
"""Feather-Light Praise"": 373120",Lời Ca Tụng Bay Bổng: 373120,373120
"""A Bloatty Floatty's Dream of the Sky"": 373121",Ước Mơ Bầu Trời Của Quả Bồng Bồng: 373121,373121
"""A Guide in the Summer Woods"": 373122",Chỉ Dẫn Khu Rừng Mùa Hè: 373122,373122
Training Ground Support Stakes: 373123,Cột Gỗ Khu Luyện Binh: 373123,373123
"""A Messenger in the Summer Woods"": 373124",Tín Sứ Rừng Hè: 373124,373124
"""Courtyard Cleansing Pool"": 373125",Hồ Tịnh Niệm: 373125,373125
Headquarters Alarm: 373126,Hồi Chuông Cảnh Tỉnh - Tiếng Sét Vang Trời: 373126,373126
War Drum: 373127,Trống Trận Liên Hồi - Dư Âm Phá Trận: 373127,373127
Simple Otogi Workshop: 373128,Lều Gỗ Otogi Giản Dị: 373128,373128
"Otogi ""Rikuyou"" Wooden Barrel: 373129","Thùng Otogi ""Rikuyou"": 373129",373129
"Otogi ""Tanin"" Wood Barrel: 373130","Thùng Otogi ""Tanin"": 373130",373130
"""Kokutan"" Thick-Walled Clay Water Tank: 373131","Lu Nước Đất Sét ""Kokutan"": 373131",373131
Replica Ancient Otogi Keg: 373132,Bản Sao Thùng Rượu Otogi Cổ: 373132,373132
Replica Ancient Otogi Crate: 373133,Bản Sao Thùng Hàng Otogi Cổ: 373133,373133
Mountain of Festive Gifts: 373134,Núi Quà Mừng Lễ: 373134,373134
"""Slumbering Fireworks"": 373135","""Pháo Hoa Say Ngủ"": 373135",373135
"""Leisurely Fireworks"": 373136","""Pháo Hoa Nhàn Nhã"": 373136",373136
Heavy-Duty Restaurant Stove: 373137,Bếp Nhà Hàng Hạng Nặng: 373137,373137
Serene Flames: 373138,Ngọn Lửa Yên Bình: 373138,373138
Pear Orchard Snare Drum: 373139,Trống Đoàn Kịch - Nhất Xướng Tam Thán: 373139,373139
Pear Orchard Percussion: 373140,Nhạc Cụ Đoàn Kịch - Trống Chiêng Tưng Bừng: 373140,373140
Allegro Bloom: 373141,Hoa Tốc Âm - Giai Điệu Đặc Biệt: 373141,373141
Fisherman's Catch: 373142,Reo Hò Bội Thu: 373142,373142
Fisherman's Delicacy: 373143,Bữa Cơm Thường Ngày Của Ngư Dân: 373143,373143
Fisherman's Storage Solution: 373144,Kế Hoạch Buôn Bán Của Cư Dân: 373144,373144
Fisherman's Efforts: 373145,Nỗ Lực Của Ngư Dân: 373145,373145
Fisherman's Clemency: 373146,Sự Nhạy Bén Của Ngư Dân: 373146,373146
Taste of Warmth: 373147,"""Hương Vị Ấm Áp"": 373147",373147
Heavy Brightwood Pottery Wheel: 373148,Kệ Làm Gốm Nặng Gỗ Sáng: 373148,373148
"""Iron, Sand, Treasure"": 373149","Sắt, Cát Và Tiền Bạc: 373149",373149
"""Iron, Blood, Broken Armor"": 373150","Sắt, Máu Và Phá Giáp: 373150",373150
"""Iron, Water, Steam"": 373151","Sắt, Nước Và Hơi Nước: 373151",373151
Karmaphala Wood Liquid Cargo Rack: 373152,Kệ Hàng Chất Lỏng Hàng Hải Gỗ Karmaphala: 373152,373152
"""String, Feather, Trajectory"": 373153","Dây, Lông Vũ Và Đường Tên: 373153",373153
Ingenuity of the Forest Forager: 373154,Bí Quyết Kiếm Ăn Trong Rừng: 373154,373154
"""It Just Might Work!"": 373155",Không Chừng Thành Công Thì Sao!: 373155,373155
Coloration and Precipitation: 373156,Nhuốm Màu Và Đóng Cặn: 373156,373156
Potted Plant: 373201,Chậu Cây Xanh - Xanh Ngắt Mát Mẻ: 373201,373201
Water-Retaining Flower Beds: 373202,Bồn Hoa Giữ Nước: 373202,373202
Soil-Carrying Wooden Barrel: 373203,Thùng Gỗ Chuyển Bùn Đất: 373203,373203
"""Pines Awaiting the Twilight"": 373204",Tùng Xanh Đợi Sớm Hôm: 373204,373204
Forceful Tea Pine: 373205,Trà Thông Mạnh Mẽ: 373205,373205
Of Fields Green: 373206,Khu Vườn Xanh Ngát - Sắc Màu Bay Bổng: 373206,373206
Of Fields Green: 373207,Khu Vườn Xanh Ngát - Người Hầu Meo Meo: 373207,373207
Of Fields Green: 373208,Khu Vườn Xanh Ngát - Vệ Binh Lông Lá: 373208,373208
A Theater's Dream of Flowers: 373209,Vườn Hoa Của Nhà Hát: 373209,373209
Longing in the Tranquil Court: 373210,Dấu Tích Trong Khu Vườn Tĩnh Mịch: 373210,373210
Floral Green's Shallow Slumber: 373211,Cánh Hoa Say Ngủ: 373211,373211
Dappled Butterfly: 373212,Bươm Bướm Lốm Đốm: 373212,373212
Fir Shelves: 373301,Kệ Đồ Gỗ Sam: 373301,373301
Fir Weapon Rack: 373302,Kệ Vũ Khí Gỗ Sam: 373302,373302
Hardwood Weapon Rack: 373303,Kệ Vũ Khí Gỗ Cứng: 373303,373303
Simple Cargo Cart: 373304,Xe Kéo Hàng Thô Sơ: 373304,373304
Sturdy Stone Well: 373305,Giếng Đá Chắc Chắn: 373305,373305
Farmer's Scarecrow: 373306,Người Rơm Áo Đỏ: 373306,373306
Old Well: 373307,Giếng Nước Kiểu Cũ: 373307,373307
Roofed Well: 373308,Giếng Mái Che - Trong Veo: 373308,373308
Stone Lion Statue: 373309,Tượng Sư Tử - Thiên Lộc: 373309,373309
Stone Lion Statue: 373310,Tượng Sư Tử - Bách Giải: 373310,373310
Countryside Tea Stand: 373311,Quán Trà Dân Gian: 373311,373311
"""The Adventurer's Treasures"": 373312",Bảo Vật Tùy Thân Của Nhà Mạo Hiểm: 373312,373312
"""Witch's Chorus"": 373313",Tiếng Hát Ma Nữ: 373313,373313
Resonant Melody: 373314,Tiếng Đàn Vang Vọng: 373314,373314
"Yumemiru ""Saikyo"" Fortune Slip Hanger: 373315","Bảng Ngự Thần ""Giải Hạn"" Gỗ Mơ Mộng: 373315",373315
Narukami's Banner: 373316,Cờ Tôn Chủ Narukami Ogosho: 373316,373316
Camp Bow-Rack: 373317,"Giá Treo Cung - ""Hưởng Vũ"": 373317",373317
Camp Spear-Rack: 373318,"Giá Đựng Thương - ""Mũi Nhọn"": 373318",373318
Camp Bonfire: 373319,"Lửa Trại - ""Huy Hoàng"": 373319",373319
Camp Barricade: 373320,"Rào Chắn - ""Ngăn Cách"": 373320",373320
Sky Kitsune Statue: 373321,"Tượng Thiên Hồ - ""Trấn Vật Seirai"": 373321",373321
High-Flying Fish Flag: 373322,Cờ Cá Sắc Màu: 373322,373322
Maple Wood Tanuki: 373323,Búp Bê Tanuki: 373323,373323
Maple Wood White Kitsune: 373324,Búp Bê Kitsune: 373324,373324
Red-Iron Coral: 373325,"""San Hô Sắt Đỏ"": 373325",373325
Glowstone Parasol: 373326,"""Dù Đá"": 373326",373326
Shrine Statue: 373327,"Tượng Đền Thần - ""Trấn Vật Seirai"": 373327",373327
Village Well: 373328,"Giếng Nước Thôn Quê - ""Nước Ngầm"": 373328",373328
"Yumemiru ""Seiken"" Offering Box: 373329","Hòm Công Đức ""Seiken"" Gỗ Mơ Mộng: 373329",373329
Ancestral Sword Rack: 373330,"Giá Để Đao -""Mài Sắt"": 373330",373330
The Bamboo's Call: 373331,"""Tiếng Vọng Của Tre Nước"": 373331",373331
"""Henji"" Aralia Noticeboard: 373332","Bảng Thông Báo Khổng Tước ""Henji"": 373332",373332
Village Well: 373333,Giếng Nước Thôn Quê - Kho Báu Chôn Giấu: 373333,373333
"""The Spring Mist Weaves the Sakura Rain"": 373334","""Mơ thấy hoa hạ dệt mưa anh đào"": 373334",373334
"""A Portrait of Paimon, the Greatest Companion"": 373335","""Chân dung của Paimon, người bạn đồng hành thân thiết"": 373335",373335
Euphonium Unbound: 373336,"""Âm Vang Vạn Dặm - Phiêu Dương"": 373336",373336
Rainbow Lights: 373337,Đèn Cầu Vồng - Cảnh Đêm Yên Bình: 373337,373337
Rainbow Cloud Flying Satin Pole: 373338,Tường Vân Uyển Hồng Phi Đoạn Trụ Y: 373338,373338
Gold-Inscribed Evil-Cleansing Banner: 373339,Kim Văn Vũ Tiết Trừ Túy Đan Kỳ: 373339,373339
Stone Statue: 373340,Tượng Đá - Giichiro: 373340,373340
"Statue of Her Excellency, the Almighty Narukami Ogosho, God of Thunder: 373341",Tượng Đại Nhân Narukami Ogosho: 373341,373341
Mt. Yougou Night Walk Red Kitsune Doll: 373342,Búp Bê Xích Hồ Núi Yougou: 373342,373342
Tanuki Hugs Photo Board: 373343,Bảng Chụp Ảnh Tanuki Ôm Ấp: 373343,373343
"""Kitsune Guuji"" Exclusive Painted Flag Banner: 373344","Cờ Tranh ""Guuji Hồ Ly"" Giới Hạn: 373344",373344
"""The Five Kasen"" Nishiki-e: 373345","Bình Phong ""Ngũ Ca Tiên"": 373345",373345
Pear Orchard Screen: 373346,Bình Phong Đoàn Kịch - Lên Đài: 373346,373346
Pear Orchard Screen: 373347,Bình Phong Đoàn Kịch - Xuống Đài: 373347,373347
Storm Braver: 373348,Linh Hồn Xuyên Dông Bão: 373348,373348
Fabled Emperor Onikabuto: 373349,Vua Onikabuto Trong Truyền Thuyết: 373349,373349
Dodoco's Travel Bag: 373350,Hành Trang Lên Đường Của Dodoco: 373350,373350
Dodoco's Dodo Stove: 373351,Lò Dodo Của Dodoco: 373351,373351
Dodoco's Beach Nap: 373352,Giấc Ngủ Trên Bãi Biển Của Dodoco: 373352,373352
Dodoco's Collection Cupboard: 373353,Tủ Sưu Tầm Của Dodoco: 373353,373353
Dodoco's Sunshade Umbrella: 373354,Chiếc Ô Mát Mẻ Của Dodoco: 373354,373354
Fisherman's Craftsmanship: 373355,Tay Nghề Khéo Léo Của Ngư Dân: 373355,373355
The Essentials: 373356,Vật Không Thể Thiếu: 373356,373356
The Eremites' Flame of Vigor: 373357,Ngọn Lửa Uy Nghi Của Lữ Đoàn: 373357,373357
Embodiment of Warfare: 373358,Hiện Thân Của Công Kích: 373358,373358
Steel Stopper: 373359,Trụ Sắt Chặn Đường: 373359,373359
The Eremites' Odyssey: 373360,Cuộc Chinh Phục Của Lữ Đoàn: 373360,373360
The Eremites' Fame: 373361,Thanh Danh Lữ Đoàn: 373361,373361
An Elegant Voice: 373362,Chất Giọng Tao Nhã: 373362,373362
A Mellow Voice: 373363,Âm Thanh Êm Dịu: 373363,373363
Karmaphala Three-Ply Noticeboard: 373364,Bảng Quảng Cáo Karmaphala Ba Mặt: 373364,373364
Tea-Break Shade: 373365,Bóng Râm Thưởng Trà: 373365,373365
Propitious Screen: 373366,Bình Phong Cát Tường - Núi Mù Sương: 373366,373366
Propitious Screen: 373367,Bình Phong Cát Tường - Tung Cánh Sóng Xanh: 373367,373367
Propitious Screen: 373368,Bình Phong Cát Tường - Nhạc Đưa Lá Trúc: 373368,373368
Propitious Screen: 373369,Bình Phong Cát Tường - Khúc Xưa Vang Vọng: 373369,373369
Propitious Screen: 373370,Bình Phong Cát Tường - Mây Mù Bủa Vây: 373370,373370
Propitious Screen: 373371,Bình Phong Cát Tường - Giai Điệu Ngân Xa: 373371,373371
"""Trumpet and Firewood"": 373372",Tù Và Với Củi Đốt: 373372,373372
Prototype Aranara: 373373,Aranara Nguyên Mẫu: 373373,373373
Wrought Iron Carved Street Light: 373401,Đèn Đường Khắc Hoa: 373401,373401
Pine Street Light: 373402,Đèn Đường Ngoại Ô: 373402,373402
Evil-Repelling Lantern: 373403,Đèn Đuổi Tà - Soi Sáng Xung Quanh: 373403,373403
Four Corners Lantern: 373404,Đèn Bốn Mặt - Tình Bạn Phương Xa: 373404,373404
Shadow Lamp: 373405,Đèn Sáng Rực - Mặc Ảnh: 373405,373405
Stone Lantern: 373406,Đèn Lồng Đá - Ánh Sáng Bất Động: 373406,373406
"""Three Reaches Bright"": 373407",Chiếu Sáng Ba Thước: 373407,373407
"Whitestone ""Meichuu"" Standing Lamp: 373408",Trụ Đèn Đá Trắng: 373408,373408
"Otogi ""Meichuu"" Standing Lamp: 373409",Trụ Đèn Gỗ Otogi: 373409,373409
Five-Lantern Festival Gate: 373410,Cổng Tế Lễ Ngũ Trùng Đăng: 373410,373410
"Yumemiru ""Kuukai"" Street Lamp: 373411","Đèn Đường ""Kuukai"" Gỗ Mơ Mộng: 373411",373411
"Yumemiru ""Juunen"" Street Lamp: 373412","Đèn Đường ""Juunen"" Gỗ Mơ Mộng: 373412",373412
White Fish Tallow Candle: 373413,"Nến Dầu Cá - ""Ánh Sáng"": 373413",373413
Otogi Countryside Street Lamp: 373414,Đèn Đường Otogi - Ngoại Thành: 373414,373414
Simple Otogi Street Lamp: 373415,Đèn Đường Otogi - Đơn Giản: 373415,373415
"Aralia ""Renzou"" Street Lamp: 373416","Đèn Đường ""Renzou"" Gỗ Khổng Tước: 373416",373416
Sub-Space Waypoint: 373501,Điểm Dịch Chuyển Bên Ngoài: 373501,373501
Pool of Sapphire Grace: 373601,Hồ Linh Vân: 373601,373601
Shaded Clarity: 373602,"""Sóng Nước Du Ảnh"": 373602",373602
Flower Stand: 373701,Kệ Cổ Điển: 373701,373701
Flower Stand: 373702,Kệ Mộng Mơ: 373702,373702
Flower Stand: 373703,Kệ Tao Nhã: 373703,373703
Orange Sakura Kurotobi Flower Vessel: 373711,Bình Hoa Diều Hâu Đen Anh Đào Cam: 373711,373711
Gold-Patterned Butterfly Wings Flower Vessel: 373712,Bình Hoa Cánh Bướm Vàng: 373712,373712
Mountain Silhouettes Flower Vessel: 373713,Bình Hoa Bóng Núi: 373713,373713
Dawn Kogecha Flower Vessel: 373714,Bình Hoa Trà Xám: 373714,373714
Spring Dew Star Hibiscus: 373801,Sao Hibiscus - Sương Xuân: 373801,373801
Autumn Star Hibiscus: 373802,Sao Hibiscus - Chớm Thu: 373802,373802
Violet Silk Star Hibiscus: 373803,Sao Hibiscus - Gấm Tím: 373803,373803
Fluorescent Pearbell: 373804,Chuông Hải Đường - Lập Lòe: 373804,373804
Sandbank Lotus Pearbell: 373805,Chuông Hải Đường - Sen Hồ: 373805,373805
Greenhat Pearbell: 373806,Chuông Hải Đường - Trúc Xanh: 373806,373806
Dawnrouge Silkpod: 373807,Quả Gấm - Rạng Đông: 373807,373807
Twilight Silkpod: 373808,Quả Gấm - Mây Trôi: 373808,373808
Noontide Silkpod: 373809,Quả Gấm - Ban Trưa: 373809,373809
[CHS] - （test）家园花10: 373810,[CHS] - （test）家园花10: 373810,373810
[CHS] - （test）家园花11: 373811,[CHS] - （test）家园花11: 373811,373811
[CHS] - （test）家园花12: 373812,[CHS] - （test）家园花12: 373812,373812
[CHS] - （test）家园花13: 373813,[CHS] - （test）家园花13: 373813,373813
[CHS] - （test）家园花14: 373814,[CHS] - （test）家园花14: 373814,373814
[CHS] - （test）家园花15: 373815,[CHS] - （test）家园花15: 373815,373815
[CHS] - （test）家园花16: 373816,[CHS] - （test）家园花16: 373816,373816
[CHS] - （test）家园花17: 373817,[CHS] - （test）家园花17: 373817,373817
[CHS] - （test）家园花18: 373818,[CHS] - （test）家园花18: 373818,373818
[CHS] - （test）家园花19: 373819,[CHS] - （test）家园花19: 373819,373819
[CHS] - （test）家园花20: 373820,[CHS] - （test）家园花20: 373820,373820
[CHS] - （test）家园花21: 373821,[CHS] - （test）家园花21: 373821,373821
Moonlight on Sand: 373831,Vết Trăng Trên Cát: 373831,373831
Crystal Ripples: 373832,Pha Lê Gợn Sóng: 373832,373832
Wild Laurel: 373833,Hoang Dã Xanh Biếc: 373833,373833
Flourishing Bloom: 373834,Muôn Hoa Rực Rỡ: 373834,373834
Swaying Shion: 373835,Tử Uyển Đung Đưa: 373835,373835
Dewdrop Cabochon: 373836,Giọt Sương Trên Đá: 373836,373836
Verdant Leaves in the Balmy Breeze: 373837,Gió Ấm Và Lá Xanh: 373837,373837
Flowing Melodies and Rainbow Branches: 373838,Vần Điệu Cầu Vồng: 373838,373838
Suzumecha Swirl: 373841,Vòng Xoáy Tước Trà: 373841,373841
Champagne Bloom: 373842,Hương Thoảng Bay Xa: 373842,373842
Fox Ear Tamago: 373843,Hạt Ngọc Tai Cáo: 373843,373843
Lotus in the Rain: 373844,Hoa Sen Trong Mưa: 373844,373844
Water Lily's Dreams: 373845,Giấc Mộng Hoa Sen: 373845,373845
Pale Blush of Brush: 373846,Ngòi Bút Điểm Hồng: 373846,373846
Silhouette of the Wind's Reverie: 373847,Đường Nét Của Gió: 373847,373847
Promise of Blue Skies: 373848,Lời Hứa Giữa Trời Quang: 373848,373848
Sunset Shadows: 373849,Chiếc Bóng Hoàng Hôn: 373849,373849
Mirror of the Sun: 373850,Gương Của Mặt Trời: 373850,373850
Ring of Hearts: 373851,Chiếc Vòng Của Trái Tim: 373851,373851
Plume of Wishes: 373852,Lông Vũ Ước Nguyện: 373852,373852
Arrange Dreamblooms: 373900,"Sắp xếp ""Hoa Mộng Mơ"": 373900",373900
Build a Snowman: 373901,Đắp người tuyết: 373901,373901
Build a Snowman: 373902,Đắp người tuyết: 373902,373902
Build a Snowman: 373903,Đắp người tuyết: 373903,373903
Build a Snowman: 373904,Đắp người tuyết: 373904,373904
Snowman Torso: 374001,Thân Người Tuyết - Ngồi Ngoan: 374001,374001
Snowman Torso: 374002,Thân Người Tuyết - Thỏ Nhảy: 374002,374002
Snowman Torso: 374003,Thân Người Tuyết - Bánh Trứng Cổ Điển: 374003,374003
Snowman Torso: 374004,Thân Người Tuyết - Quyết Đoán: 374004,374004
Snowman Head: 374005,Đầu Người Tuyết - Mèo Kêu Gào: 374005,374005
Snowman Head: 374006,Đầu Người Tuyết - Vui Cười: 374006,374006
Snowman Head: 374007,Đầu Người Tuyết - Hạnh Phúc: 374007,374007
Snowman Head: 374008,Đầu Người Tuyết - Cau Có: 374008,374008
Snowman Hands: 374009,Tay Người Tuyết - Kỵ Sĩ Quét Dọn: 374009,374009
Snowman Hands: 374010,Tay Người Tuyết - Tiện Tay: 374010,374010
Snowman Hands: 374011,Tay Người Tuyết - Găng May Mắn: 374011,374011
Snowman Hands: 374012,Tay Người Tuyết - Quái Vật Vui Vẻ: 374012,374012
Snowman Hat: 374013,Mũ Người Tuyết - Vệ Sĩ Sắt: 374013,374013
Snowman Hat: 374014,Mũ Người Tuyết - Khách Quý: 374014,374014
Snowman Hat: 374015,Mũ Người Tuyết - Đêm Mộng Mơ: 374015,374015
Snowman Hat: 374016,Mũ Người Tuyết - Bảo Vệ Tóc: 374016,374016
Snowman Scarf: 374017,Khăn Người Tuyết - Ấm Áp: 374017,374017
Snowman Scarf: 374018,Khăn Người Tuyết - Diễn Viên: 374018,374018
Snowman Scarf: 374019,Khăn Người Tuyết - Bánh Mứt: 374019,374019
Snowman Scarf: 374020,Khăn Người Tuyết - Đá Bào Móc Câu: 374020,374020
Snowman Eyes: 374021,Mắt Người Tuyết - Trí Tuệ: 374021,374021
Snowman Eyes: 374022,Mắt Người Tuyết - Tầm Bảo: 374022,374022
Snowman Eyes: 374023,Mắt Người Tuyết - Quên Ăn: 374023,374023
Snowman Eyes: 374024,Mắt Người Tuyết - Dừng Tay: 374024,374024
Snowman Nose: 374025,Mũi Người Tuyết - Khoai Tây: 374025,374025
Snowman Nose: 374026,Mũi Người Tuyết - Cà Rốt: 374026,374026
Snowman Nose: 374027,Mũi Người Tuyết - Tiếp Xúc: 374027,374027
Snowman Nose: 374028,Mũi Người Tuyết - Bom Táo: 374028,374028
Wooden Torso: 374031,Thân Màu Gỗ - Ngả Nghiêng: 374031,374031
Wooden Torso: 374032,Thân Màu Gỗ - Ngoan Ngoãn Nghỉ Ngơi: 374032,374032
Wooden Torso: 374033,Thân Màu Gỗ - Grừ Grừ: 374033,374033
Wooden Torso: 374034,Thân Màu Gỗ - Lão Thông Thái: 374034,374034
Pink Torso: 374035,Thân Màu Hoa - Ngả Nghiêng: 374035,374035
Pink Torso: 374036,Thân Màu Hoa - Ngoan Ngoãn Nghỉ Ngơi: 374036,374036
Pink Torso: 374037,Thân Màu Hoa - Grừ Grừ: 374037,374037
Pink Torso: 374038,Thân Màu Hoa - Lão Thông Thái: 374038,374038
Blue Torso: 374039,Thân Màu Nước - Ngả Nghiêng: 374039,374039
Blue Torso: 374040,Thân Màu Nước - Ngoan Ngoãn Nghỉ Ngơi: 374040,374040
Blue Torso: 374041,Thân Màu Nước - Grừ Grừ: 374041,374041
Blue Torso: 374042,Thân Màu Nước - Lão Thông Thái: 374042,374042
Wooden Head: 374051,Đầu Màu Gỗ - Hơ Hơ: 374051,374051
Wooden Head: 374052,Đầu Màu Gỗ - Hi Hi: 374052,374052
Wooden Head: 374053,Đầu Màu Gỗ - Hừ Hừ: 374053,374053
Wooden Head: 374054,Đầu Màu Gỗ - Hu Hu: 374054,374054
Pink Head: 374055,Đầu Màu Hoa - Hơ Hơ: 374055,374055
Pink Head: 374056,Đầu Màu Hoa - Hi Hi: 374056,374056
Pink Head: 374057,Đầu Màu Hoa - Hừ Hừ: 374057,374057
Pink Head: 374058,Đầu Màu Hoa - Hu Hu: 374058,374058
Blue Head: 374059,Đầu Màu Nước - Hơ Hơ: 374059,374059
Blue Head: 374060,Đầu Màu Nước - Hi Hi: 374060,374060
Blue Head: 374061,Đầu Màu Nước - Hừ Hừ: 374061,374061
Blue Head: 374062,Đầu Màu Nước - Hu Hu: 374062,374062
Wood-Carved Eyes: 374071,Mắt Tượng Gỗ - Nghe Nè: 374071,374071
Wood-Carved Eyes: 374072,Mắt Tượng Gỗ - Xin Chào: 374072,374072
Wood-Carved Eyes: 374073,Mắt Tượng Gỗ - Bạn Nói Gì: 374073,374073
Wood-Carved Eyes: 374074,Mắt Tượng Gỗ - Không Phải Chứ: 374074,374074
Wood-Carved Hat: 374081,Nón Tượng Gỗ - Thương Nhân: 374081,374081
Wood-Carved Hat: 374082,Nón Tượng Gỗ - Cư Dân Rừng Rậm: 374082,374082
Wood-Carved Hat: 374083,Nón Tượng Gỗ - Thầy Bói: 374083,374083
Wood-Carved Hat: 374084,Nón Tượng Gỗ - Lười Biếng: 374084,374084
Wood-Carved Hat: 374085,Nón Tượng Gỗ - Đưa Tiễn: 374085,374085
Wood-Carved Cape: 374091,Áo Choàng Tượng Gỗ - Kiểm Lâm: 374091,374091
Wood-Carved Cape: 374092,Áo Choàng Tượng Gỗ - Bác Học: 374092,374092
Wood-Carved Cape: 374093,Áo Choàng Tượng Gỗ - Ca Sĩ: 374093,374093
Weathered Bamboo Fence: 374101,Hàng Rào Trúc Sờn Cũ: 374101,374101
Sturdy Pine Fence: 374102,Hàng Rào Gỗ Thông: 374102,374102
Wooden Hilichurl Fence: 374103,Hàng Rào Gỗ Hilichurl: 374103,374103
Hilichurl Totem Fence: 374104,Hàng Rào Vật Tổ Hilichurl: 374104,374104
Lush Grapevine: 374105,Dây Nho Xanh Ngát: 374105,374105
Newly Grown Grapevines: 374106,Dây Nho Non: 374106,374106
Simple Wooden Fence: 374107,Hàng Rào Gỗ Giản Dị: 374107,374107
Half-Constructed Fence: 374108,Hàng Rào Gần Xong: 374108,374108
The Fruit Farmer's Thrift: 374109,"""Nông Dân Cần Kiệm"": 374109",374109
"""Kyuukou"" Otogi Flower Terrace: 374110","Bồn Hoa Otogi ""Kyuukou"": 374110",374110
"""Sanzai"" Otogi Flower Terrace: 374111","Bồn Hoa Otogi ""Sanzai"": 374111",374111
Smooth Wooden Bench: 374201,Ghế Gỗ Dài: 374201,374201
Smooth Stone Bench: 374202,Ghế Đá Dài: 374202,374202
Googol Chair: 374203,Ghế Googol: 374203,374203
Square Yumemiru Stool: 374204,Ghế Gỗ Mơ Mộng: 374204,374204
"Otogi ""Rakushi"" Square Stool: 374205","Ghế Gỗ Otogi ""Rakushi"": 374205",374205
Chair of Flowing Hues: 374206,Ghế Kỳ Ảo: 374206,374206
Pear Orchard Seat: 374207,Ghế Đoàn Kịch - Tập Hợp Niềm Vui: 374207,374207
Two-Story Hilichurl Sentry Tower: 374301,Tháp Canh Hilichurl Hai Tầng: 374301,374301
Doorless Pine Cupboard: 374302,Tủ Bếp Gỗ Thông: 374302,374302
Heavy Fir Forging Table: 374303,Bệ Đúc Hạng Nặng: 374303,374303
Long Pine Table: 374304,Bàn Dài Rộng Rãi: 374304,374304
Large Stone Mill: 374305,Cối Xay Lớn: 374305,374305
Alchemist's Crafting Bench: 374306,Đài Giả Kim: 374306,374306
Two-Tier Vendor's Booth: 374307,Gian Hàng Đôi - Cao Vời Vợi: 374307,374307
Bamboo Outdoor Tea Table: 374308,Bàn Trà Trúc Lộ Thiên: 374308,374308
Wooden Outdoor Tea Table: 374309,Bàn Trà Gỗ Lộ Thiên: 374309,374309
"""Summer Forest Banquet"": 374310",Tiệc Rừng Mùa Hạ: 374310,374310
Googol Table: 374311,Bàn Googol: 374311,374311
Long Yumemiru Table: 374312,Bàn Dài Mơ Mộng: 374312,374312
"Otogi ""Rakushi"" Square Table: 374313","Bàn Gỗ Otogi ""Rakushi"": 374313",374313
Table of Swirling Shades: 374314,Bàn Kỳ Ảo: 374314,374314
Pear Orchard Seat: 374315,Ghế Đoàn Kịch - Hương Trà Trong Nhạc: 374315,374315
Pear Orchard Accessory: 374316,Phụ Kiện Đoàn Kịch - Tạm Nghe Phân Giải: 374316,374316
Karmaphala Display Table: 374317,Bàn Trưng Bày Bằng Gỗ Karmaphala: 374317,374317
Wine Shop Display Counter: 374401,Tủ Rượu - Uống Cạn Trăm Ly: 374401,374401
Crude Double-Decker Pallet: 374402,Ván 2 Tầng Tránh Sóng: 374402,374402
"""Cradle of Flowers"": 374403",Cội Nguồn Biển Hoa: 374403,374403
"""The Blue Ocean's Treasure"": 374404",Kho Báu Biển Xanh: 374404,374404
Foundations of Stone: 374501,"Nền Đá - ""Tu Tâm Dưỡng Tính"": 374501",374501
Foundations of Stone: 374502,"Nền Đá - ""Mưa Rào Giải Hạn"": 374502",374502
Foundations of Stone: 374503,"Nền Đá - ""Thần Tốc"": 374503",374503
Of Fields Green: 374504,Khu Vườn Xanh Ngát - Con Đường Bánh Quy: 374504,374504
Foundations of Stone: 374505,"Nền Đá - ""Rộng Lớn"": 374505",374505
Favonian Goodies: 374700,Quầy Hàng Từ Thiện Gió Tây Vù Vù: 374700,374700
Shop Frame: 374701,Khung Sạp - Mâm Xôi Đỏ: 374701,374701
Shop Frame: 374702,Khung Sạp - Bồ Công Anh Lục: 374702,374702
Shop Frame: 374703,Khung Sạp - Hồ Rượu Trái Cây Xanh: 374703,374703
Landscape Accessory: 374704,Phụ Kiện Phong Cảnh - Thêm Ngọt Vừa Phải: 374704,374704
Landscape Accessory: 374705,Phụ Kiện Phong Cảnh - Quà Tặng Bất Ngờ: 374705,374705
Landscape Accessory: 374706,Phụ Kiện Phong Cảnh - Hương Thơm Thanh Khiết: 374706,374706
Shop Ornament: 374707,Đồ Trang Trí Sạp - Phong Cách Trực Quan: 374707,374707
Shop Ornament: 374708,Đồ Trang Trí Sạp - Xếp Hàng Có Thứ Tự: 374708,374708
Shop Ornament: 374709,Đồ Trang Trí Sạp - Người Hầu Của Chim: 374709,374709
Shop Ornament: 374710,Đồ Trang Trí Sạp - Một Miếng Là Được: 374710,374710
Shop Ornament: 374711,Đồ Trang Trí Sạp - Một Giỏ Mùi Hương: 374711,374711
Shop Ornament: 374712,Đồ Trang Trí Sạp - Chào Mừng Quý Khách: 374712,374712
Storefront Furnishing: 374713,Đồ Trang Trí Trước Sạp - Mời Thưởng Thức Bữa Ăn: 374713,374713
Storefront Furnishing: 374714,Đồ Trang Trí Trước Sạp - Ưu Đãi Đặc Biệt: 374714,374714
Storefront Furnishing: 374715,Đồ Trang Trí Trước Sạp - Hương Thơm Mạnh Mẽ: 374715,374715
Mondstadt Mansion: 375101,Nhà Mondstadt - Trang Viên Hướng Gió: 375101,375101
Inazuman Walled House: 375103,Biệt Phủ Inazuma - Dinh Tao Nhã: 375103,375103
Sumeru Mansion: 375104,Dinh Thự Sumeru - Tịnh Tâm Suy Nghĩ: 375104,375104
Leisure Device: 376101,Cơ Quan Giải Trí - Nhịp Xung Kích: 376101,376101
Activation Panel: 376102,"""Bàn Vẽ Khởi Động"": 376102",376102
Destination Ring: 376103,"""Vòng Sáng Điểm Cuối"": 376103",376103
Speedy Rhythm: 376111,Nhịp Điệu Thần Tốc - Mầm Xanh: 376111,376111
Scoreboard: 376112,"""Giá Đèn Tính Điểm - Mầm Xanh"": 376112",376112
Flash Step: 376113,"""Ván Đạp Nhấp Nháy - Mầm Xanh"": 376113",376113
Speedy Rhythm: 376121,"""Nhịp Điệu Thần Tốc - Lam Ngọc"": 376121",376121
Scoreboard: 376122,"""Giá Đèn Tính Điểm - Lam Ngọc"": 376122",376122
Flash Step: 376123,"""Ván Đạp Nhấp Nháy - Lam Ngọc"": 376123",376123
Speedy Rhythm: 376131,"""Nhịp Điệu Thần Tốc - Sừng Hươu"": 376131",376131
Scoreboard: 376132,"""Giá Đèn Tính Điểm - Sừng Hươu"": 376132",376132
Flash Step: 376133,"""Ván Đạp Nhấp Nháy - Sừng Hươu"": 376133",376133
Speedy Rhythm: 376141,"""Nhịp Điệu Thần Tốc - Cẩm Quỳ"": 376141",376141
Scoreboard: 376142,"""Giá Đèn Tính Điểm - Cẩm Quỳ"": 376142",376142
Flash Step: 376143,"""Ván Đạp Nhấp Nháy - Cẩm Quỳ"": 376143",376143
Leisure Device: 376151,Cơ Quan Giải Trí - Xạ Thủ Cừ Khôi: 376151,376151
Activation Plate: 376152,Bia Gỗ Khởi Động: 376152,376152
Target Range I: 376153,Khu Vực Bia Bắn 1: 376153,376153
Target Range II: 376154,Khu Vực Bia Bắn 2: 376154,376154
Leisure Device: 376161,Cơ Quan Giải Trí - Động Lực Tối Đa: 376161,376161
Practice Plaque: 376162,Bia Gỗ Luyện Tập: 376162,376162
Practice Stake: 376163,Cột Gỗ Luyện Tập: 376163,376163
Practice Stake: 376164,Cột Gỗ Luyện Tập: 376164,376164
Practice Stake: 376165,Cột Gỗ Luyện Tập: 376165,376165
Practice Stake: 376166,Cột Gỗ Luyện Tập: 376166,376166
Practice Stake: 376167,Cột Gỗ Luyện Tập: 376167,376167
Practice Stake: 376168,Cột Gỗ Luyện Tập: 376168,376168
Leisure Device: 376171,Cơ Quan Giải Trí - Mơ Mơ Hồ Hồ: 376171,376171
Seeker's Board: 376172,Bia Gỗ Tìm Vật: 376172,376172
Confuzzled Tubbers: 376173,Tròn Tròn Bối Rối: 376173,376173
Confuzzled Tubbers: 376174,Tròn Tròn Bối Rối: 376174,376174
Confuzzled Tubbers: 376175,Tròn Tròn Bối Rối: 376175,376175
Confuzzled Tubbers: 376176,Tròn Tròn Bối Rối: 376176,376176
Confuzzled Tubbers: 376177,Tròn Tròn Bối Rối: 376177,376177
Confuzzled Tubbers: 376178,Tròn Tròn Bối Rối: 376178,376178
Confuzzled Tubbers: 376179,Tròn Tròn Bối Rối: 376179,376179
Confuzzled Tubbers: 376180,Tròn Tròn Bối Rối: 376180,376180
Confuzzled Tubbers: 376181,Tròn Tròn Bối Rối: 376181,376181
Confuzzled Tubbers: 376182,Tròn Tròn Bối Rối: 376182,376182
Confuzzled Tubbers: 376183,Tròn Tròn Bối Rối: 376183,376183
Confuzzled Tubbers: 376184,Tròn Tròn Bối Rối: 376184,376184
Set Furnishings: 377101,Nội Thất Theo Bộ: 377101,377101
Medaka: 379001,Cá Khổng Tước: 379001,379001
Glaze Medaka: 379002,Cá Khổng Tước Lưu Ly: 379002,379002
Sweet-Flower Medaka: 379003,Cá Khổng Tước Ngọt: 379003,379003
Aizen Medaka: 379004,Cá Khổng Tước Lam: 379004,379004
Dawncatcher: 379005,Cá Bình Minh: 379005,379005
Crystalfish: 379006,Cá Pha Lê: 379006,379006
Lunged Stickleback: 379007,Cá Thân Gai: 379007,379007
Betta: 379008,Cá Gai Đấu Sĩ: 379008,379008
Venomspine Fish: 379009,Cá Gai Độc: 379009,379009
Akai Maou: 379010,Xích Ma Vương: 379010,379010
Snowstrider: 379011,Tuyết Quân Tử: 379011,379011
Golden Koi: 379012,Cá Rồng Xích Kim: 379012,379012
Rusty Koi: 379013,Cá Rồng Thép: 379013,379013
Brown Shirakodai: 379014,Cá Bướm Vân Đất: 379014,379014
Purple Shirakodai: 379015,Cá Bướm Vân Tím: 379015,379015
Tea-Colored Shirakodai: 379016,Cá Bướm Vân Trà: 379016,379016
Abiding Angelfish: 379017,Trường Sinh Tiên: 379017,379017
Raimei Angelfish: 379018,Lôi Minh Tiên: 379018,379018
Moonfin: 379019,Cá Ánh Trăng: 379019,379019
Pufferfish: 379020,Cá Pháo: 379020,379020
Bitter Pufferfish: 379021,Cá Pháo Cay Đắng: 379021,379021
Divda Ray: 379022,Cá Đuối Divda: 379022,379022
Formalo Ray: 379023,Cá Đuối Formalo: 379023,379023
True Fruit Angler: 379024,Cá Nóc Trái Cây: 379024,379024
Peach of the Deep Waves: 379025,Cá Nóc Trái Đào: 379025,379025
Sandstorm Angler: 379026,Cá Nóc Bão Cát: 379026,379026
Sunset Cloud Angler: 379027,Cá Nóc Mây Mù: 379027,379027
Lazurite Axe Marlin: 379028,Cá Rìu Lam Ngọc: 379028,379028
Halcyon Jade Axe Marlin: 379029,Cá Rìu Bích Ngọc: 379029,379029
Timber Wall With Jade Eaves: 380101,Tường Cao Mặt Ngọc: 380101,380101
Dark Wood Arch Wall: 380102,Tường Vòm Gỗ Sẫm Màu: 380102,380102
Maple Wood Vaulted Wall: 380103,Tường Vòm Gỗ Phong: 380103,380103
Simple Brightwood Carved Wall: 380104,Tường Điêu Khắc Gỗ Sáng: 380104,380104
Traditional Cedar Flooring: 380201,Sàn Gỗ Thùy Hương Truyền Thống: 380201,380201
Colorful Checkered Tile: 380202,Gạch Lát Nền Ca Rô: 380202,380202
Brown Maple Flooring: 380203,Nền Gỗ Phong Nâu: 380203,380203
Dark Brightwood Flooring: 380204,Nền Hoa Văn Gỗ Sáng: 380204,380204
Checkered Cedar Ceiling: 380301,Trần Caro Gỗ Thùy Hương: 380301,380301
Dark Checkered Ceiling: 380302,Trần Caro Hoa Văn Tối Màu: 380302,380302
Maple Wood Square Ceiling: 380303,Trần Caro Gỗ Phong: 380303,380303
Brightwood Chiseled Ceiling: 380304,Trần Nhà Điêu Khắc Gỗ Sáng: 380304,380304
Two-Tier Candle Chandelier: 380401,Đèn Chùm Giá Nến 2 Tầng: 380401,380401
Eight-Sided Lantern: 380402,Đèn Lồng Bát Giác - May Mắn: 380402,380402
Six-Sided Lantern: 380403,Đèn Lồng Lục Giác - Hòa Khí: 380403,380403
"""Night of the Party Pumpkins"": 380404",Lễ Hội Ma Bí Ngô: 380404,380404
Embroidered Lantern: 380405,Đèn Hoa Gấm - Phi Các Lưu Đan: 380405,380405
Tasseled Lantern: 380406,Đèn Hoa Anh Đào - Gấm Hoa: 380406,380406
Teahouse Candlestand: 380407,Giá Cắm Nến Phòng Trà - Ngọn Lửa Tẻ Nhạt: 380407,380407
Teahouse Lamp: 380408,Đèn Phòng Trà - Che Giấu Ánh Sáng: 380408,380408
Maple Wood Lamp: 380409,Đèn Gỗ Phong - Hương Đêm Bay Xa: 380409,380409
Maple Wood Floor Lamp: 380410,Đèn Sàn Gỗ Phong - Sáng Tỏ: 380410,380410
Court Lantern: 380411,Đèn Lồng Ngự Điện - Sấm Sét Quay Cuồng: 380411,380411
Court Lantern: 380412,Đèn Lồng Ngự Điện - Tiệc Trăng Máu: 380412,380412
Court Lantern: 380413,Đèn Lồng Ngự Điện - Trái Tim Sấm Sét: 380413,380413
Maple Wood Chandelier: 380414,Đèn Treo Gỗ Phong - Rực Sáng: 380414,380414
Blooming Candle: 380415,"Ngọn Nến Bung Tỏa - ""Trong Trẻo Như Sen"": 380415",380415
Rainbow Lights: 380416,Đèn Cầu Vồng - Nguyên Thần Cát Khánh: 380416,380416
Countless Homes Light Up the Moon: 380417,Vạn Gia Hoa Đăng Chiếu Lãng Nguyệt: 380417,380417
Stoneworks Lamp: 380418,Đèn Nham Xưởng - Nến Vực Sâu: 380418,380418
Slumbering Dewlight: 380419,Ánh Sáng Giấc Ngủ: 380419,380419
Dripping Verdant Light: 380420,Ánh Sáng Xanh Rờn: 380420,380420
Deepwood Illumination: 380421,Ánh Sáng Rừng Sâu: 380421,380421
Immersive Light: 380422,Ánh Sáng Chuyên Tâm: 380422,380422
Perennial Illumination: 380423,Ánh Sáng Thường Lệ: 380423,380423
Blooming Illumination: 380424,Ánh Sáng Rực Rỡ: 380424,380424
Fluttering Light: 380426,Ánh Sáng Nhẹ Nhàng: 380426,380426
Light of Slumber: 380427,Ánh Sáng Nghỉ Ngơi: 380427,380427
Efflorescent Illumination: 380504,Ánh Sáng Trăm Hoa: 380504,380504
Northern Birch Folding Counter: 381101,Quầy Hàng Chữ L Gỗ Hoa Cực Bắc: 381101,381101
Open-Top Fir Shelf: 381102,Kệ Hàng Gỗ Sam Đơn Giản: 381102,381102
Fir Case Shelf Combination: 381103,Tủ Gỗ Sam Dạng Kết Hợp: 381103,381103
Classic Fir Cabinet: 381104,Tủ Gỗ Sam Cổ Điển: 381104,381104
Large Birch Wardrobe: 381105,Tủ Áo Gỗ Hoa To: 381105,381105
Gold-Lined Sandbearer Wardrobe: 381106,Tủ Áo Vân Vàng Gỗ Khước Sa: 381106,381106
Plain Brightwood Shelf: 381107,Kệ Gỗ Sáng: 381107,381107
Desert Desk: 381108,Bàn Tủ Sa Mạc - Hoan Nghênh: 381108,381108
"Adhigama Wood ""Versatile"" Shelves: 381109","Kệ Đồ ""Hỗn Loạn"" Gỗ Adhigama: 381109",381109
"Brightwood ""Invigorating"" Nightstand: 381110","Tủ Đầu Giường ""Chữa Trị"" Gỗ Sáng: 381110",381110
Athel Triple Drawer Cabinet: 381111,Tủ Gỗ Sanh Ba Lớp: 381111,381111
Athel Pottery Shelf: 381112,Tủ Trưng Đồ Gốm Gỗ Sanh: 381112,381112
Two-Tier Library Bookshelf: 381201,Kệ Sách Hai Tầng Thư Viện: 381201,381201
Exquisite Cuihua Bookshelf: 381202,Kệ Sách Gỗ Tụy Hoa Tinh Xảo: 381202,381202
Economy Cuihua Bookshelf: 381203,Kệ Sách Gỗ Tụy Hoa Kinh Tế: 381203,381203
"""Lost Between the Pages of a Book"": 381204",Đắm Chìm Giữa Trang Sách: 381204,381204
"""Archivist's Treasure Trove"": 381205",Kho Báu Của Thủ Thư: 381205,381205
Red Cedar Scroll Shelf: 381206,Kệ Sách Cuộn Gỗ Thùy Hương Đỏ: 381206,381206
Red Cedar Curio Stand: 381207,Bách Bảo Các Thùy Hương Đỏ: 381207,381207
Shopkeeper's Cedar Shelf: 381208,Tủ Đứng Gỗ Thùy Hương: 381208,381208
Maple Wood Bookcase: 381209,Tủ Sách Gỗ Phong - Tim Mực: 381209,381209
Maple Wood Bookcase: 381210,Tủ Sách Gỗ Phong - Kho Tàng Tri Thức: 381210,381210
Desert Cabinet: 381212,Tủ Đứng Sa Mạc - Đồ Linh Tinh: 381212,381212
Treasure from the Land of Wisdom: 381213,Báu Vật Ở Vùng Đất Trí Tuệ: 381213,381213
Scrolls from the Land of Wisdom: 381214,Kho Tàng Ở Vùng Đất Trí Tuệ: 381214,381214
Sturdy Library Table: 381301,Bàn Thư Viện Dài: 381301,381301
Favonius Office Table: 381302,Bàn Làm Việc Đội Kỵ Sĩ: 381302,381302
Favonius Conference Table: 381303,Bàn Họp Đội Kỵ Sĩ: 381303,381303
Wide Stone Stove: 381304,Bếp Lò Đá: 381304,381304
Portable Stove: 381305,Bếp Tiện Lợi: 381305,381305
Long Table With Tablecloth: 381306,Bàn Dài Với Khăn Hình Thoi: 381306,381306
Multi-Seat Round Pine Table: 381307,Bàn Ăn Gỗ Thông Tròn Nhiều Ghế: 381307,381307
Intricately Carved Calligraphy Table: 381308,Bàn Thư Pháp Tinh Tế: 381308,381308
Square Pine Tea Table: 381309,Bàn Trà Gỗ Vuông: 381309,381309
Red Cedar Round Table: 381310,Bàn Tròn Gỗ Thùy Hương Đỏ: 381310,381310
Sturdy Birch Vanity: 381311,Tủ Trang Điểm Gỗ Hoa Chắc Chắn: 381311,381311
Common Cast Iron Stove: 381313,Bếp Gang Đa Năng: 381313,381313
"Yumemiru ""Cold and Warmth"" Kotatsu: 381314","Kotatsu ""Lạnh Lẽo Và Ấm Áp"" Gỗ Mơ Mộng: 381314",381314
"""Sekijou"" Aralia Tea Table: 381315","Bàn Trà ""Sekijou"" Gỗ Khổng Tước: 381315",381315
Teahouse Long Table: 381316,Bàn Dài Phòng Trà - Không Khoảng Cách: 381316,381316
Brightwood Pottery Worktable: 381317,Bàn Xoay Làm Gốm: 381317,381317
Long Athelwood Table: 381318,Bàn Dài Gỗ Sanh: 381318,381318
A Choice of Delicacies: 381319,Lựa Chọn Đủ Loại Món Ngon: 381319,381319
Spirit of the Banquet: 381320,Bữa Tiệc Hào Sảng: 381320,381320
A Table for Two: 381321,Nhâm Nhi Vài Chén: 381321,381321
Long Adhigama Chamfer Table: 381322,Bàn Gỗ Adhigama Dài: 381322,381322
Breeze-Blessed Bed: 381401,Giường Bảo Vệ Êm Ái: 381401,381401
Cloudy Haze Bed: 381402,Giường Giấc Mơ Bềnh Bồng: 381402,381402
"Yumemiru ""Sakura's Rest"" Bed: 381403","Giường ""Giấc Ngủ Anh Đào"" Gỗ Mơ Mộng: 381403",381403
"Brightwood ""Concord"" Bed: 381404","Giường ""Định Thần"" Gỗ Sáng: 381404",381404
"Adhigama Wood ""Comfort"" Bed: 381405","Giường ""Thoải Mái"" Gỗ Adhigama: 381405",381405
Pine Reception Counter: 381501,Quầy Lễ Tân Phòng Trọ Gỗ Thông: 381501,381501
Teahouse Counter: 381502,"Quầy Phòng Trà - ""Toshimaru"": 381502",381502
Desert Stone Platform: 381503,Bệ Đá Sa Mạc - Kiên Cố: 381503,381503
Desert Fireplace: 381504,Bếp Đá Sa Mạc - Ấm Áp: 381504,381504
Desert Study: 381505,Bàn Sa Mạc - Tận Tâm: 381505,381505
Witness of Tavern Affairs: 381506,Chứng Nhân Của Mọi Chuyện Tại Quán Rượu: 381506,381506
Sofa Êm Ái: 382101,Sofa Êm Ái: 382101,382101
"""Clear Blue Afternoon"": 382102",Chiều Tà Xanh Biếc: 382102,382102
"""Unwavering Determination"": 382103","""Ý Chí Kiên Định"": 382103",382103
Pine Dining Chair: 382104,Ghế Ăn Gỗ Thông: 382104,382104
Pine-Backed Tea Chair: 382105,Ghế Uống Trà Gỗ Thông: 382105,382105
Red Pine Wood Round Stool: 382106,Ghế Tròn Gỗ Thông Đỏ: 382106,382106
Teahouse Round Stool: 382108,Ghế Tròn Phòng Trà - Vỗ Về Niềm Đau: 382108,382108
"Karmaphala Wood ""Subdued Speech"" Bench: 382109","Ghế Dài ""Tịnh Ngữ"" Gỗ Karmaphala: 382109",382109
"Karmaphala Wood ""Counter-Assault"" Dining Chair: 382110","Ghế ""Phản Truy Bắt"" Gỗ Karmaphala: 382110",382110
Satisfaction of Sated Thirst: 382111,Niềm Vui Lúc Nhàn Rỗi: 382111,382111
Adhigama Vine-Backed Chair: 382112,Ghế Tựa Lưng Dây Leo Adhigama: 382112,382112
Northern Stone Hearth: 382201,Lò Sưởi Bằng Đá Bắc Địa: 382201,382201
Pine Folding Screen: 382202,Bình Phong Gỗ Thông - Cánh Buồm Mây Nước: 382202,382202
Hardwood Screen: 382203,Bình Phong Gỗ Cứng - Sương Phủ Mây Mờ: 382203,382203
Birch Double Drawer Nightstand: 382204,Tủ Đầu Giường 2 Ngăn Gỗ Hoa: 382204,382204
Gold-Lined Sandbearer Nightstand: 382205,Tủ Đầu Giường Vân Vàng Gỗ Khước Sa: 382205,382205
Silk Curtains: 382206,Rèm Tranh Nghê Thường - Ráng Đỏ: 382206,382206
Floral Screen: 382207,Bình Phong - Ngọc Trâm Kim Bích: 382207,382207
Thundering Heavens Drum: 382208,Chấn Hiểu Vân Thiên Cổ: 382208,382208
Lantern-Lit Stage: 382209,Sân Khấu Hoa Đăng - Tiếng Ca Nhộn Nhịp: 382209,382209
Teahouse Cushion: 382210,Vật Dụng Phòng Trà - Đệm Rơm: 382210,382210
Maple Wood Ritual Drum: 382211,Trống Nghi Lễ Gỗ Phong - Tiệc Âm Nhạc: 382211,382211
Maple Wood Ritual Drum: 382212,Trống Nghi Lễ Gỗ Phong - Sôi Sục: 382212,382212
Teahouse Folding Screen: 382213,Bình Phong Phòng Trà - Con Tim Thanh Khiết: 382213,382213
Ancestral Sword Rack: 382214,"Giá Để Đao - ""Tứ Thường Pháp"": 382214",382214
Hatamoto Armor: 382215,Giáp Hatamoto - Eijin Genkou: 382215,382215
"Yumemiru ""Jukaku"" Folding Screen: 382216","Bình Phong ""Jukaku"" Gỗ Mơ Mộng: 382216",382216
Festive Fragrance: 382218,"Hương Thơm Lễ Hội - ""Đoàn Thuyền Ra Khơi"": 382218",382218
Festive Fragrance: 382219,"Hương Thơm Lễ Hội - ""Kim Tương Ngọc Chất"": 382219",382219
Hued Vase: 382221,Bình Sắc Màu - Tùng Lam: 382221,382221
Hued Vase: 382222,Bình Sắc Màu - Xanh Lục: 382222,382222
Hued Vase: 382223,Bình Sắc Màu - Lúa Chín: 382223,382223
Plain Vase: 382224,Bình Thuần Khiết - Đồng: 382224,382224
Plain Vase: 382225,Bình Thuần Khiết - Yên Hạt: 382225,382225
Plain Vase: 382226,Bình Thuần Khiết - Giả Hoàng: 382226,382226
Plain Vase: 382227,Bình Thuần Khiết - Đào Tông: 382227,382227
Hued Vase: 382228,Bình Sắc Màu - Vỏ Sò: 382228,382228
Hued Vase: 382229,Bình Sắc Màu - Đá Đen: 382229,382229
Amidst the Fleeing Smoke: 382231,"""Trong Làn Khói Mờ Ảo"": 382231",382231
Forest Watcher's Fastidiousness: 382233,Đội Trưởng Kiểm Lâm Cẩn Trọng: 382233,382233
Forest Ranger's Provisions: 382234,Kiểm Lâm Tác Chiến: 382234,382234
Deepwood Dweller's Delicacies: 382235,Bữa Ăn Của Cư Dân Rừng Sâu: 382235,382235
Aroma of High-Heat Barbecue: 382236,Thơm Nồng Món Nướng: 382236,382236
Fragrance of Low-Heat Roast: 382237,Hương Thơm Tươi Mới: 382237,382237
Deepwood Dweller's Aggregation: 382238,Tiết Kiệm Của Cư Dân Rừng Sâu: 382238,382238
Hued Vase: 382239,Bình Sắc Màu - Cát Nóng: 382239,382239
Mondstadt Rug: 382301,Thảm Mondstadt - Ngọn Lửa Nhiệt Tình: 382301,382301
Mondstadt Rug: 382302,Thảm Mondstadt - Tìm Tòi Không Mệt Mỏi: 382302,382302
Tavern Rug: 382303,Thảm Nhà Trọ - Tiếp Đón Chu Đáo: 382303,382303
Entrance Rug: 382304,Thảm Đón Khách - Chăm Sóc Hài Lòng: 382304,382304
Glorious Emerald Tapestry: 382305,Hoa Văn Huy Hoàng: 382305,382305
Dazzling Golden Tapestry: 382306,Hoa Văn Bắt Mắt: 382306,382306
Musing Tawny Tapestry: 382307,Hoa Văn Trầm Ấm: 382307,382307
Sun-Scorched Solemnity: 382308,"""Hoa Văn Trang Trọng"": 382308",382308
The Olive Grove: 382309,"""Hoa Văn Ô Liu"": 382309",382309
Pure Like Wheat Sprouts: 382310,Hoa Văn Thuần Khiết Như Mầm Lúa Mì: 382310,382310
Trusty Portable Lamp: 383101,Đèn Treo Ánh Sáng Bất Tận: 383101,383101
Liuli Pavilion Sandbearer Floor Lamp: 383102,Đèn Cao Gỗ Khước Sa Lưu Ly Đình: 383102,383102
Tianyuan Lantern: 383103,Đèn Lồng Thiên Viên - Tỏa Sáng Rực Rỡ: 383103,383103
Seashell Table Lamp: 383104,Đèn Bàn Với Chụp Đèn Vỏ Sò: 383104,383104
Tranquil Starlight: 383106,Ánh Sao Trong Vắt: 383106,383106
Desert Lamp: 383107,Đèn Sa Mạc - Ánh Sáng: 383107,383107
Joyful Illumination: 383108,Ánh Sáng Hoan Ca: 383108,383108
Light of the Land of Wisdom: 383109,Ánh Sáng Ở Vùng Đất Trí Tuệ: 383109,383109
Nightwatcher's Candlelight: 383110,Ánh Nến Bất Tận: 383110,383110
Listening Candelight: 383111,Ánh Nến Lắng Nghe: 383111,383111
Two-way Iron Lamp: 383112,Đèn Sắt Đa Dụng: 383112,383112
Flower Arrangement: 383201,Bình Hoa - Ung Dung Nhạt Nhòa: 383201,383201
Potted Plant: 383202,Chậu Cây Xanh - Gió Lộng: 383202,383202
Flower Arrangement: 383203,Bình Hoa - Nở Rộ Đỏ Rực: 383203,383203
Potted Flower: 383204,Chậu Hoa - Ngụy Trang Ngọt Ngào: 383204,383204
Potted Plant: 383205,Chậu Cây Xanh - Thông Xanh: 383205,383205
Cast in Clay: 383206,Bình Men Truyền Thống: 383206,383206
The Essential Vase: 383207,Bình Tối Giản: 383207,383207
A Favor Returned: 383208,Bình Trả Ơn: 383208,383208
Classical Lyre: 383301,Đàn Cổ Điển - Lắng Nghe Lời Gió: 383301,383301
Neat Stack of Books: 383302,Chồng Sách Ngay Ngắn: 383302,383302
"""Scholar's Weariness"": 383303",Sự Uể Oải Của Học Giả: 383303,383303
"""Etiquette of Correspondence"": 383304",Lễ Tiết Thư Từ: 383304,383304
Exquisite Hourglass Ornament: 383305,Đồng Hồ Cát Tinh Xảo: 383305,383305
Alchemic Device: 383306,Thiết Bị Giả Kim - Giữa Nước Và Lửa: 383306,383306
Alchemic Component: 383307,Linh Kiện Giả Kim - Trọng Lượng Mạt Bụi: 383307,383307
Calligraphy Set: 383308,Mực Tàu Giấy Đỏ - Luyện Tập Thư Pháp: 383308,383308
Golden Triple-Arm Candelabrum: 383309,Đế Cắm Nến Vàng Ba Tầng: 383309,383309
Glazed Porcelain Tea Set: 383310,Bộ Ấm Trà Sứ Trắng – Tâm Hồn Cao Thượng: 383310,383310
"""Tea Wisp-Clouded White Couch"": 383312",Bàn Trà Trắng: 383312,383312
Teahouse Vessel: 383313,Vật Dụng Phòng Trà - Tỏa Hương Hạp: 383313,383313
Calligraphy Set: 383314,Bút Nghiên Giấy Mực - Bút Lông Tuyệt Mỹ: 383314,383314
Evil-Slaying Bows: 383315,Cung Trừ Tà: 383315,383315
Spiritchaser Screen: 383316,Vợt Đuổi Quỷ: 383316,383316
"""Divine Nose: 383317","Kitsu-Kitsu Daruma ""Khứu Giác Của Thần"": 383317",383317
"""True Cookery"": 383318","Nuki-Nuki Daruma ""Vua Đầu Bếp"": 383318",383318
Cosmos Within: 383322,Thiên Tượng Hồi Chuyển: 383322,383322
A Lush Glimpse: 383325,Cảnh Sắc Um Tùm: 383325,383325
Jubilant Posture: 383326,Hình Thái Vui Vẻ: 383326,383326
The Mellow Pot: 383330,"""Trong Chiếc Ấm Êm Dịu"": 383330",383330
The Crisp Sweetness: 383331,"""Trong Vị Ngọt Giòn Tan"": 383331",383331
The Twisting Mist: 383332,"""Trong Sương Mù Quanh Quẩn"": 383332",383332
Appraiser's Treasure: 383335,Báu Vật Của Tiệm: 383335,383335
Ceramic Centerpiece: 383336,Đường Vân Của Tiệm: 383336,383336
Ephemeral Spirit: 383337,Rượu Mạnh Không Thể Để Lâu: 383337,383337
Amidst Bitter Aromas: 383338,"""Trong Vị Đắng Thơm Ngát"": 383338",383338
Deepwood Dweller's Ingenuity: 383339,Công Thức Của Cư Dân Rừng Sâu: 383339,383339
Deepwood Dweller's Brilliance: 383340,Vinh Quang Của Cư Dân Rừng Sâu: 383340,383340
Hued Vase: 383341,Bình Sắc Màu - Mầm Xanh: 383341,383341
Star-Shaped Multipurpose Bottle: 383342,Bình Đa Dụng Hình Sao Góc Cạnh: 383342,383342
"""Realizations from the Land of Wisdom"": 383501",Thức Tỉnh Ở Vùng Đất Trí Tuệ: 383501,383501
Restorative Fragrance: 383502,Hương Thơm Giải Khát: 383502,383502
The Art of Retaining Water: 383504,Nghệ Thuật Tiết Kiệm Nước Sạch: 383504,383504
Landscape Painting: 384101,Tranh Phong Cảnh - Quê Hương: 384101,384101
Landscape Painting: 384102,Tranh Phong Cảnh - Mây Trời: 384102,384102
Landscape Painting: 384103,Tranh Phong Cảnh - Vách Núi: 384103,384103
Fine Brushwork: 384104,Tranh Sơn Thủy - Núi Non Trùng Điệp: 384104,384104
Fine Brushwork: 384105,Tranh Sơn Thủy - Sắc Xuân Đậm Đà: 384105,384105
Fine Brushwork: 384106,Tranh Sơn Thủy - Sương Vây Đỉnh Núi: 384106,384106
Painted Vision: 384107,"Tranh Treo Tường - ""Khoảng Không"": 384107",384107
Painted Vision: 384108,"Tranh Treo Tường - ""Ánh Nước"": 384108",384108
Replica Mural: 384109,Tranh Treo Tường - Núi Giữa Biển Sương: 384109,384109
Replica Mural: 384110,Tranh Treo Tường - Nghi Lễ Biển Sương: 384110,384110
Wooden Restaurant Signboard: 384201,Bảng Hiệu Nhà Hàng Bằng Gỗ: 384201,384201
Bright Vase-Shaped Sconce: 384202,Đèn Áp Tường Kiểu Lọ Hoa: 384202,384202
Well-Worn Buckler: 384203,Khiên Tròn Cũ Kỹ: 384203,384203
Well-Worn Shield: 384204,Tấm Khiên Cũ Kỹ: 384204,384204
Well-Worn Sword: 384205,Kiếm Đơn Cũ Kỹ: 384205,384205
Rally Banner: 384206,Cờ Ý Chí Chiến Đấu: 384206,384206
Pure Spirit Banner: 384207,Cờ Linh Hồn Thuần Khiết: 384207,384207
Favonius Coat of Arms: 384208,Huy Hiệu Đội Kỵ Sĩ: 384208,384208
Mounted Record Board: 384209,Bảng Ghi Chép Treo Tường: 384209,384209
Mounted Noticeboard: 384210,Biển Quảng Cáo Treo Tường: 384210,384210
Embroidered Curtains: 384211,Rèm Gấm: 384211,384211
Athelwood Metal Buckler: 384213,Khiên Gỗ Sanh Tròn: 384213,384213
Desert Wall-Drapes: 384214,Trang Trí Tường Sa Mạc - Hoàng Hôn: 384214,384214
Desert Wall-Drapes: 384215,Trang Trí Tường Sa Mạc - Hỏa Vũ: 384215,384215
Forest Watcher's Considerations: 384216,Ghi Nhớ Của Đội Trưởng Kiểm Lâm: 384216,384216
Athelwood Metal Combat Shield: 384217,Khiên Tấn Công Bằng Sắt Cứng Gỗ Sanh: 384217,384217
Lingering Moment: 384501,Thời Khắc Nhớ Nhung: 384501,384501
Straw Hut: 390101,Nhà Tranh: 390101,390101
Straw Depot: 390102,Kho Rơm: 390102,390102
Liyue House: 390103,Nhà Liyue - Sống Ẩn Dật: 390103,390103
Liyue House: 390104,Nhà Liyue - Xà Treo Bằng Đá: 390104,390104
Liyue Pitstop: 390105,Trạm Dịch Liyue - Trà Đạo: 390105,390105
Liyue House: 390106,Nhà Liyue - Trăng Nằm Trên Mái: 390106,390106
Liyue House: 390107,Nhà Liyue - Hòa Thuận Đầm Ấm: 390107,390107
Liyue Shop: 390108,Cửa Hàng Liyue - Khách Đông Nườm Nượp: 390108,390108
Wing House: 390109,Hiên Nhà Cổ - Sớm Tối Có Nhau: 390109,390109
Pavilion: 390110,Đình Nghỉ Ngơi - Ngắm Nhìn Trời Đêm: 390110,390110
"""Hyoutei"" Stacked Aralia Wood Boxes: 390111","Hộp Gỗ Khổng Tước Xếp Chồng ""Hyoutei"": 390111",390111
"Aralia ""Bangaku"" Shelf: 390112","Tủ Khổng Tước ""Bangaku"": 390112",390112
"Aralia ""Fusen"" Cupboard: 390113","Tủ Bếp Khổng Tước ""Fusen"": 390113",390113
"Yumemiru ""Dewcover"" Wardrobe: 390114","Tủ Áo ""Ẩn Hiện"" Gỗ Mơ Mộng: 390114",390114
"Yumemiru ""Decorum"" Kimono Rack: 390115","Giá Treo Kimono ""Nghi Lễ"" Gỗ Mơ Mộng: 390115",390115
Pear Orchard Stage: 390116,Sân Khấu Kịch - Kiểu Vân Hàn: 390116,390116
Multi-Arched Mondstadt Building: 390201,Kiến Trúc Mondstadt Nhiều Mái Vòm: 390201,390201
Mondstadt House With Overhanging Attic: 390202,Nhà Mondstadt Có Gác Xép: 390202,390202
Warm and Dry Mondstadt Apartment: 390203,Nhà Trọ Mondstadt Không Sợ Ẩm Ướt: 390203,390203
Old Wind-Resistant Mondstadt House: 390204,Nhà Cũ Mondstadt Chống Bão: 390204,390204
Country Home With Tall Attic: 390205,Nhà Gác Cao Nông Thôn: 390205,390205
Classic Country Home: 390206,Gian Nhà Cổ Điển: 390206,390206
Pocket-Sized Pine Cabin: 390207,Nhà Nhỏ Gỗ Thông Bỏ Túi: 390207,390207
Liyue House: 390208,Nhà Liyue - Thời Gian Thoi Đưa: 390208,390208
Bustling Sundry Stand: 390301,Sạp Tạp Hóa Lửa Đỏ Náo Nhiệt: 390301,390301
Profitable Fruit Stand: 390302,Sạp Trái Cây Kinh Doanh Ổn Định: 390302,390302
Real Deal Fruit Stand: 390303,Sạp Trái Cây Hàng Ngon Giá Tốt: 390303,390303
Open-Air Workshop: 390304,Xưởng Bếp Lò Ngoài Trời: 390304,390304
Bountiful Harvest Fruit Cart: 390305,Xe Trái Cây Đầy Ắp: 390305,390305
"""Traveling Merchant North of the Stone Gate"": 390306",Gian Hàng Phía Bắc Cổng Đá: 390306,390306
Roll-Roofed Fruit and Vegetable Cart: 390307,Xe Bán Rau Quả Hình Vòm: 390307,390307
"""Four-Quadrant Cooking Cauldron"": 390308",Nồi Bách Vị: 390308,390308
Fruit and Veggie Stall: 390309,Sạp Rau Quả - Cánh Đồng Thu Nhỏ: 390309,390309
Otogi Wood Ramen Stand: 390310,Quầy Hàng Ramen Gỗ Otogi: 390310,390310
Woven Depth: 390311,Chiều Sâu Đan Dệt: 390311,390311
Woven Length: 390312,Kích Thước Đan Dệt: 390312,390312
Woven Fruition: 390313,Bảo Ngọc Đan Dệt: 390313,390313
Sweetness in Exchange: 390314,Ngọt Ngào Giữa Dòng Chảy: 390314,390314
Sweetness in the Shade: 390315,Ngọt Ngào Dưới Bóng Râm: 390315,390315
Sweetness in Storage: 390316,Lọ Gốm Ngọt Ngào: 390316,390316
Fisherman's Dealings: 390317,Phố Chợ Đánh Bắt: 390317,390317
Fisherman's Preservation Trick: 390318,Quy Định Đánh Bắt: 390318,390318
Fisherman's Maintenance: 390319,Tận Dụng Đánh Bắt: 390319,390319
Brightwood Grocery Stall: 390320,Quầy Hàng Mái Vải: 390320,390320
Brightwood Kebab Cart: 390321,Quầy Đồ Nướng Di Động: 390321,390321
Abundance of Crisp Air: 390322,Giữ Hàng Khô Ráo: 390322,390322
Deliberation of Choice: 390323,Sau Tuyển Chọn Đa Dạng: 390323,390323
Hilichurl Outpost Hut: 390401,Trạm Gác Hilichurl: 390401,390401
Hilichurl Chieftain Hall: 390402,Doanh Trại Thủ Lĩnh Hilichurl: 390402,390402
"""Clouds East of Bishui"": 390501",Vân Du Bích Thủy Đông: 390501,390501
Straw Shed: 390502,Lều Tranh: 390502,390502
Lightning Protective Tent: 390503,Lều Tránh Sét: 390503,390503
Simple Single-Person Tent: 390504,Túp Lều Giản Dị: 390504,390504
Otogi Wood Rice Cake Soup Stand: 390505,Quầy Zoni Đường Phố Otogi: 390505,390505
Otogi Wood Granary Cart: 390507,Xe Đẩy Lương Thực Otogi: 390507,390507
Umbrella Shop: 390508,Sạp Dù - Ảo Mộng: 390508,390508
Fruit and Veggie Stall: 390509,Sạp Rau Quả - Đặc Sản Địa Phương: 390509,390509
"Festival ""Teiban"" Store: 390510","Quầy Bách Hóa ""Teiban"" Lễ Hội: 390510",390510
"Festival ""Kiban"" Store: 390511","Quầy Bách Hóa ""Kiban"" Lễ Hội: 390511",390511
"""Kouki"" Aralia Mask Rack: 390512","Giá Mặt Nạ Gỗ Khổng Tước ""Kouki"": 390512",390512
Fine Stall: 390513,Sạp Quà Tặng - Sắc Màu: 390513,390513
Rainbow Stall: 390514,Sạp Cầu Vồng - Xanh Thẫm: 390514,390514
Rainbow Stall: 390515,Sạp Cầu Vồng - Đỏ Ngọc: 390515,390515
"Festival Booth - ""Strange Wonders"": 390516",Gian Hàng Lễ Hội - Kỳ Quan Kỳ Lạ: 390516,390516
"Festival Booth - ""Literary Talent"": 390517",Gian Hàng Lễ Hội - Tài Năng Văn Học: 390517,390517
Dodoco's Summertime: 390518,Mùa Hè Của Dodoco: 390518,390518
Ritual Shrine: 390601,Đền Vĩnh Hằng: 390601,390601
Cleansing Shrine: 390602,Đền Tịnh Tâm: 390602,390602
Inazuman Mansion: 390603,Dinh Thự Inazuma - Nhất Trí Một Lòng: 390603,390603
Inazuman Store: 390604,Cửa Tiệm Inazuma - Trăm Ngọc Nghìn Ngà: 390604,390604
Inazuman Home: 390605,Nhà Dân Inazuma - Tam Đại Đồng Đường: 390605,390605
Inazuman Home: 390606,Nhà Dân Inazuma - Biến Tấu Dễ Dàng: 390606,390606
Inazuman Workshop: 390607,Công Xưởng Inazuma - Tận Tụy Chuyên Tâm: 390607,390607
Inazuman Home: 390608,Nhà Dân Inazuma - Thân Tâm An Lạc: 390608,390608
Inazuman Bamboo-Roofed Home: 390609,Nhà Tre Inazuma - Tịnh Độ An Yên: 390609,390609
Inazuman Bamboo-Roofed Home: 390610,Nhà Tre Inazuma - Con Tim Nhàn Hạ: 390610,390610
Inazuman Workshop: 390611,Công Xưởng Inazuma - Công Năng Đa Dạng: 390611,390611
Inazuman Home: 390612,Nhà Dân Inazuma - Có Công Mài Sắt: 390612,390612
Inazuman Workshop: 390613,Công Xưởng Inazuma - Bữa Ăn Ấm Lòng: 390613,390613
Inazuman Home: 390614,Nhà Dân Inazuma - Không Ngừng Quan Sát: 390614,390614
Inazuman Official Residence: 390615,Dinh Phủ Inazuma - Uy Nghi Lẫm Liệt: 390615,390615
Inazuman Official Residence: 390616,Dinh Phủ Inazuma - Nghiêm Túc Chấp Hành: 390616,390616
Official Residence Corridor: 390617,Hành Lang Dinh Phủ - Cung Đường Quyền Thế: 390617,390617
Camp Watchtower: 390618,Tháp Canh - Giám Sát: 390618,390618
Camp Tent: 390619,Lều Trại - Chiến Lược: 390619,390619
Camp Dwelling: 390620,Lều Trại - Kiên Cố: 390620,390620
Camp Gate: 390621,Cổng Doanh Trại - Trung Kiên: 390621,390621
Fortune Slip Stand: 390623,Quầy Thẻ Ngự Thần - Giải Quẻ: 390623,390623
Shrine Hall: 390624,Chính Điện Đền Thần - Tâm Nguyện: 390624,390624
Shrine Annex: 390625,Gian Bên Đền Thần - Hân Hạnh Phục Vụ: 390625,390625
Estate Reception: 390626,Phòng Khách - Lễ Độ: 390626,390626
Estate Storehouse: 390627,Nhà Kho - Mọi Thứ Đủ Đầy: 390627,390627
Inazuman Home: 390628,Nhà Dân Inazuma - Ký Ức Watatsumi: 390628,390628
Inazuman Home: 390629,Nhà Dân Inazuma - Ngôi Nhà San Hô: 390629,390629
Inazuman Home: 390630,Nhà Dân Inazuma - Ngôi Nhà Sóng Gió: 390630,390630
Deepwood Dweller's Deliberation: 390701,Châm Chước Của Cư Dân Rừng Sâu: 390701,390701
Deepwood Dweller's Estimation: 390702,Ước Tính Của Cư Dân Rừng Sâu: 390702,390702
Deepwood Dweller's Lonesome: 390703,Hoài Bão Của Cư Dân Rừng Sâu: 390703,390703
Deepwood Dweller's Perseverance: 390704,Kiên Trì Của Cư Dân Rừng Sâu: 390704,390704
Desert House: 390705,Ngôi Nhà Sa Mạc - Bình Dị: 390705,390705
Desert House: 390706,Ngôi Nhà Sa Mạc - Hương Thơm: 390706,390706
Desert House: 390707,Ngôi Nhà Sa Mạc - Hiệu Lệnh: 390707,390707
Desert House: 390708,Ngôi Nhà Sa Mạc - Giấc Ngủ Ngắn: 390708,390708
Desert House: 390709,Ngôi Nhà Sa Mạc - Ánh Sáng Tiềm Ẩn: 390709,390709
Desert House: 390710,Ngôi Nhà Sa Mạc - Lưu Trữ: 390710,390710
Mansion Pagoda — Flower of Revelation: 390711,"Tháp ""Hoa Giác Ngộ"": 390711",390711
Mansion Pagoda — Tree of Pondering: 390712,"Tháp ""Cây Suy Ngẫm"": 390712",390712
Mansion Courtyard — Warbling Pavilion: 390713,"Mái Đình ""Tiếng Chim Ngân"": 390713",390713
Mansion Courtyard — Watchtower of Foresight: 390714,"Mái Đình ""Lầu Vọng Cảnh"": 390714",390714
Mansion Courtyard — Place of Repose: 390715,"Mái Đình ""Nơi Thưởng Trà"": 390715",390715
Mansion Courtyard — Cuisinier's Abode: 390716,"Mái Đình ""Nơi Khói Tỏa"": 390716",390716
Treasures of the City of Wisdom: 390718,Tài Sản Của Thành Phố Trí Tuệ: 390718,390718
Delicacies of the City of Wisdom: 390719,Mỹ Thực Của Thành Phố Trí Tuệ: 390719,390719
Aromas of the City of Wisdom: 390720,Làn Gió Thơm Của Thành Phố Trí Tuệ: 390720,390720
Tenacity of the City of Wisdom: 390721,Sự Kiên Cường Của Thành Phố Trí Tuệ: 390721,390721
Commerce of the City of Wisdom: 390722,Giao Dịch Của Thành Phố Trí Tuệ: 390722,390722
Shade in the Tranquil Court: 390723,Bóng Râm Trong Khu Vườn Tĩnh Mịch: 390723,390723
Light in the Tranquil Court: 390724,Sắc Thủy Tinh Trong Khu Vườn Tĩnh Mịch: 390724,390724
Fabric of the City of Wisdom: 390726,Sợi Tơ Của Thành Phố Trí Tuệ: 390726,390726
Pottery of the City of Wisdom: 390727,Nung Đốt Của Thành Phố Trí Tuệ: 390727,390727
Diligence of the City of Wisdom: 390728,Sự Cần Mẫn Của Thành Phố Trí Tuệ: 390728,390728
Building Block of the City of Wisdom: 390729,Sự Bình Dị Của Thành Phố Trí Tuệ: 390729,390729
Contrasts of the City of Wisdom: 390730,Sự Tương Phản Của Thành Phố Trí Tuệ: 390730,390730
Peace in the City of Wisdom: 390731,Hòa Bình Của Thành Phố Trí Tuệ: 390731,390731
Errands in the City of Wisdom: 390732,Việc Vặt Của Thành Phố Trí Tuệ: 390732,390732
Silky Queller of Sea Monsters: 390733,Lụa Đuổi Hải Thú: 390733,390733
Night of Serenity in the Sandy Breeze: 390734,Gió Cát Giữa Đêm Lặng: 390734,390734
Bird and Blossom Design Fountain: 391101,Đài Phun Nước Hoa Và Chim: 391101,391101
Hilichurl Spiral Watchtower: 391102,Tháp Canh Hilichurl: 391102,391102
Hilichurl Straw Hut: 391103,Lều Cỏ Hilichurl: 391103,391103
"""Ballad-Spinning Windwheel"": 391104",Mục Ca Và Cối Xay Gió: 391104,391104
Temporary Work Quarters: 391107,Điểm Tạm Trú Công Trình: 391107,391107
"""Pure Gorgeous Summer"": 391109",Mùa Hè Rực Rỡ Và Tươi Mát: 391109,391109
Scarlet Torii Gate: 391110,Cổng Torii - Cánh Cổng Chân Tịnh: 391110,391110
Scarlet Torii Gate: 391112,Cổng Torii - Tâm An Vạn Sự An: 391112,391112
Estate Gate: 391113,Cổng Nhà - Cánh Cổng Gió Thoảng: 391113,391113
Estate Corridor: 391114,Hành Lang - Bước Đi Thư Giãn: 391114,391114
Estate Courtyard Corner: 391115,Hành Lang - Khiêm Nhường: 391115,391115
Whitestone Hot Spring: 391116,Suối Nước Nóng Đá Trắng - Dòng Chảy Ấm Áp: 391116,391116
Of Fields Green: 391117,Khu Vườn Xanh Ngát - Thác Băng Thanh: 391117,391117
Sub-Space Cabochon: 391118,Kỳ Thạch - Phi Thăng Đằng Thực: 391118,391118
Stoneworks Crane: 391119,Cần Trục Nham Xưởng - Dời Núi: 391119,391119
Stoneworks Crane: 391120,Cần Trục Nham Xưởng - San Bằng: 391120,391120
Desert Hut: 391122,Túp Lều Sa Mạc - Vụn Vặt: 391122,391122
Desert Hut: 391123,Túp Lều Sa Mạc - Hỏi Chuyện: 391123,391123
Desert Hut: 391124,Túp Lều Sa Mạc - Khô Héo: 391124,391124
Desert Hut: 391125,Túp Lều Sa Mạc - Nghỉ Ngơi: 391125,391125
Theater's Cool Mist: 391126,Hơi Nước Tươi Mát Của Nhà Hát: 391126,391126
Clarity from the Land of Wisdom: 391127,Sự Trong Sáng Ở Vùng Đất Trí Tuệ: 391127,391127
Port Ormos GP Crane III: 391129,Cần Cẩu Đa Năng Loại 3 Cảng Ormos: 391129,391129
Composite Timber Long-Distance Hand Cart: 391130,Xe Hàng Đường Dài Gỗ Hỗn Hợp: 391130,391130
Composite Timber In-Port Transfer Cart: 391131,Xe Hàng Trong Cảng Gỗ Hỗn Hợp: 391131,391131
Three-Wheeled Mountain Hand Cart: 391132,Xe Hàng Đường Núi Hai Loại Bánh: 391132,391132
Adeptus Gate: 391201,Tam Nhãn Thủ Tiên Bài: 391201,391201
Birch Main Courtyard Gate: 391202,Cổng Chính Trang Viên: 391202,391202
Carved Courtyard Fence Ending: 391203,Chân Tường Đình Viện Khắc Hoa: 391203,391203
Carved Courtyard Fence: 391204,Tường Đình Viện Khắc Hoa: 391204,391204
Scenic Corridor: 391205,Hành Lang Cổ - Dạo Chơi Trong Rừng: 391205,391205
Courtyard Wall: 391206,Tường Viện Cổ - Bốn Mùa Dưới Hiên Nhà: 391206,391206
Wall Corner: 391207,Góc Tường Cổ - Một Góc U Buồn: 391207,391207
Courtyard Wall: 391208,Tường Viện Cổ - Dát Châu Ngọc: 391208,391208
Courtyard Wall: 391209,Tường Viện Cổ - Bình Yên Ngang Qua: 391209,391209
Main Entrance: 391210,Cổng Lầu Cổ - Vân Môn: 391210,391210
Perimeter Wall: 391211,Tường Cảnh Cổ - Vòm Liễu: 391211,391211
Veranda Corner: 391212,Góc Hành Lang - Từng Bước Nên Thơ: 391212,391212
Key Gateway: 391213,Cổng Trọng Địa - Dưới Bóng Mây: 391213,391213
Key Fence: 391214,Hàng Rào Trọng Địa - Bức Tường Giao Ước: 391214,391214
Fence Corner: 391215,Góc Hàng Rào - Giám Sát Chặt Chẽ: 391215,391215
"Otogi ""Kintake"" Courtyard Gate: 391216","Cổng Sân ""Kintake"" Gỗ Otogi: 391216",391216
"Otogi ""Kintake"" Fence: 391217","Hàng Rào ""Kintake"" Gỗ Otogi: 391217",391217
Encampment Fence: 391218,Hàng Rào Doanh Trại - Lộn Xộn: 391218,391218
Encampment Fence: 391219,Hàng Rào Doanh Trại - Chặn Đứng: 391219,391219
Encampment Fence: 391220,Cột Gỗ Doanh Trại - Mũi Nhọn: 391220,391220
Shrine Corridor: 391221,Hành Lang Đền Thần - Đường Rợp Cánh Hoa: 391221,391221
Shrine Corridor: 391222,Hành Lang Đền Thần - Nhìn Về Xa Xăm: 391222,391222
Estate Courtyard Wall: 391223,Bờ Tường - Đề Phòng Đá Lăn: 391223,391223
Estate Courtyard Wall: 391224,Bờ Tường - Chung Sống Hòa Thuận: 391224,391224
Estate Courtyard Wall: 391225,Bờ Tường - Ranh Giới Tiềm Ẩn: 391225,391225
Estate Wall Corner: 391226,Góc Tường - Thành Cũ Tường Xưa: 391226,391226
Hot Spring Folding Screen: 391227,Bình Phong Suối Nước Nóng - Phân Cách: 391227,391227
Hot Spring Outer Wall: 391228,Tường Rào Suối Nước Nóng - Khó Vượt: 391228,391228
Hot Spring Wall: 391229,Vách Tường Suối Nước Nóng - Vững Chắc: 391229,391229
Hot Spring Foyer: 391230,Cổng Suối Nước Nóng - Trốn Lạnh: 391230,391230
Fisherman's Fence: 391235,Đường Ranh Đánh Bắt: 391235,391235
"""No Fishing Ahead"": 391236",Giới Hạn Đánh Bắt: 391236,391236
Desert Stone Steps: 391237,Bậc Đá Sa Mạc - Leo Núi: 391237,391237
Desert Wall: 391238,Bức Tường Sa Mạc - Tấn Công Bất Ngờ: 391238,391238
Desert Wall: 391239,Bức Tường Sa Mạc - Phòng Thủ Nghiêm Ngặt: 391239,391239
Desert Gate: 391240,Cổng Sa Mạc - Tránh Gió: 391240,391240
Domed Gate: 391241,Cửa Dinh Thự - Hát Ca Giữa Rừng: 391241,391241
Domed Wall: 391242,Tường Dinh Thự - Đàn Chim Hót: 391242,391242
Foundations of Stone: 392107,"Nền Đá - ""Thời Đại May Mắn"": 392107",392107
Sub-space Structure: 392606,Kiệt Tác Ngoại Cảnh - Đường Mòn Sương Khói: 392606,392606
Sub-Space Structure: 392607,Kiệt Tác Ngoại Cảnh - Bước Đi Trên Cành: 392607,392607
Messy Pile of Fir Crates: 393101,Rương Hàng Gỗ Sam Chất Chồng: 393101,393101
Neat Stack of Fir Kegs: 393102,Thùng Rượu Gỗ Sam Xếp Ngay Ngắn: 393102,393102
Heavy Hay Bale: 393103,Đống Cỏ Khô Nặng Trĩu: 393103,393103
Wine Jar With Bamboo Casing: 393104,Vò Rượu Khung Tre - Mỹ Tửu Chờ Trăng: 393104,393104
Toy Stand: 393105,Sạp Đồ Chơi - Niềm Vui Lấp Lánh: 393105,393105
Umbrella Shop: 393106,Sạp Dù - Sắc Màu: 393106,393106
Storage Sack: 393107,Túi Đựng Đồ - Rút Lui Như Chớp: 393107,393107
Fruit Seller's Caution: 393108,Sự Cẩn Thận Của Người Bán Rau Quả: 393108,393108
Fruit Seller's Toil: 393109,Sự Mệt Nhọc Của Người Bán Rau Quả: 393109,393109
Hardened Glazed Vase: 393110,Lọ Gốm Sặc Sỡ: 393110,393110
Hilichurl Archery Target: 393111,Bia Bắn Tên Hilichurl: 393111,393111
Hilichurl Horned Pot: 393112,Nồi Lớn Hilichurl: 393112,393112
Deadwood Road Sign: 393113,Biển Chỉ Đường Bằng Gỗ: 393113,393113
"""The Adventurer's Burdens"": 393114",Tai Họa Khó Tránh Của Nhà Mạo Hiểm: 393114,393114
Sturdy Wooden Barrel: 393115,Thùng Gỗ Chắc Chắn: 393115,393115
Tall Wooden Pole: 393116,Trụ Gỗ Cao: 393116,393116
Wood Bundle: 393117,Bó Gỗ: 393117,393117
Rainproof Fir Cargo Container: 393118,Rương Gỗ Sam Chống Mưa: 393118,393118
Stone Cup-Shaped Pool: 393119,Hồ Đá Hình Tròn: 393119,393119
"""Feather-Light Praise"": 393120",Lời Ca Tụng Bay Bổng: 393120,393120
"""A Bloatty Floatty's Dream of the Sky"": 393121",Ước Mơ Bầu Trời Của Quả Bồng Bồng: 393121,393121
"""A Guide in the Summer Woods"": 393122",Chỉ Dẫn Khu Rừng Mùa Hè: 393122,393122
Training Ground Support Stakes: 393123,Cột Gỗ Khu Luyện Binh: 393123,393123
"""A Messenger in the Summer Woods"": 393124",Tín Sứ Rừng Hè: 393124,393124
"""Courtyard Cleansing Pool"": 393125",Hồ Tịnh Niệm: 393125,393125
Headquarters Alarm: 393126,Hồi Chuông Cảnh Tỉnh - Tiếng Sét Vang Trời: 393126,393126
War Drum: 393127,Trống Trận Liên Hồi - Dư Âm Phá Trận: 393127,393127
Simple Otogi Workshop: 393128,Lều Gỗ Otogi Giản Dị: 393128,393128
"Otogi ""Rikuyou"" Wooden Barrel: 393129","Thùng Otogi ""Rikuyou"": 393129",393129
"Otogi ""Tanin"" Wood Barrel: 393130","Thùng Otogi ""Tanin"": 393130",393130
"""Kokutan"" Thick-Walled Clay Water Tank: 393131","Lu Nước Đất Sét ""Kokutan"": 393131",393131
Replica Ancient Otogi Keg: 393132,Bản Sao Thùng Rượu Otogi Cổ: 393132,393132
Replica Ancient Otogi Crate: 393133,Bản Sao Thùng Hàng Otogi Cổ: 393133,393133
Mountain of Festive Gifts: 393134,Núi Quà Mừng Lễ: 393134,393134
Heavy-Duty Restaurant Stove: 393137,Bếp Nhà Hàng Hạng Nặng: 393137,393137
Serene Flames: 393138,Ngọn Lửa Yên Bình: 393138,393138
Allegro Bloom: 393141,Hoa Tốc Âm - Giai Điệu Đặc Biệt: 393141,393141
Fisherman's Catch: 393142,Reo Hò Bội Thu: 393142,393142
Fisherman's Delicacy: 393143,Bữa Cơm Thường Ngày Của Ngư Dân: 393143,393143
Fisherman's Storage Solution: 393144,Kế Hoạch Buôn Bán Của Cư Dân: 393144,393144
Fisherman's Efforts: 393145,Nỗ Lực Của Ngư Dân: 393145,393145
Fisherman's Clemency: 393146,Sự Nhạy Bén Của Ngư Dân: 393146,393146
Heavy Brightwood Pottery Wheel: 393148,Kệ Làm Gốm Nặng Gỗ Sáng: 393148,393148
"""Iron, Sand, Treasure"": 393149","Sắt, Cát Và Tiền Bạc: 393149",393149
"""Iron, Blood, Broken Armor"": 393150","Sắt, Máu Và Phá Giáp: 393150",393150
"""Iron, Water, Steam"": 393151","Sắt, Nước Và Hơi Nước: 393151",393151
Karmaphala Wood Liquid Cargo Rack: 393152,Kệ Hàng Chất Lỏng Hàng Hải Gỗ Karmaphala: 393152,393152
"""String, Feather, Trajectory"": 393153","Dây, Lông Vũ Và Đường Tên: 393153",393153
Ingenuity of the Forest Forager: 393154,Bí Quyết Kiếm Ăn Trong Rừng: 393154,393154
"""It just might work!"": 393155",Không Chừng Thành Công Thì Sao!: 393155,393155
Coloration and Precipitation: 393156,Nhuốm Màu Và Đóng Cặn: 393156,393156
Potted Plant: 393201,Chậu Cây Xanh - Xanh Ngắt Mát Mẻ: 393201,393201
Water-Retaining Flower Beds: 393202,Bồn Hoa Giữ Nước: 393202,393202
Soil-Carrying Wooden Barrel: 393203,Thùng Gỗ Chuyển Bùn Đất: 393203,393203
"""Pines Awaiting the Twilight"": 393204",Tùng Xanh Đợi Sớm Hôm: 393204,393204
Fir Shelves: 393301,Kệ Đồ Gỗ Sam: 393301,393301
Fir Weapon Rack: 393302,Kệ Vũ Khí Gỗ Sam: 393302,393302
Hardwood Weapon Rack: 393303,Kệ Vũ Khí Gỗ Cứng: 393303,393303
Simple Cargo Cart: 393304,Xe Kéo Hàng Thô Sơ: 393304,393304
Sturdy Stone Well: 393305,Giếng Đá Chắc Chắn: 393305,393305
Farmer's Scarecrow: 393306,Người Rơm Áo Đỏ: 393306,393306
Old Well: 393307,Giếng Nước Kiểu Cũ: 393307,393307
Roofed Well: 393308,Giếng Mái Che - Trong Veo: 393308,393308
Stone Lion Statue: 393309,Tượng Sư Tử - Thiên Lộc: 393309,393309
Stone Lion Statue: 393310,Tượng Sư Tử - Bách Giải: 393310,393310
Countryside Tea Stand: 393311,Quán Trà Dân Gian: 393311,393311
"""The Adventurer's Treasures"": 393312",Bảo Vật Tùy Thân Của Nhà Mạo Hiểm: 393312,393312
"""Witch's Chorus"": 393313",Tiếng Hát Ma Nữ: 393313,393313
"Yumemiru ""Saikyo"" Fortune Slip Hanger: 393315","Bảng Ngự Thần ""Giải Hạn"" Gỗ Mơ Mộng: 393315",393315
Narukami's Banner: 393316,Cờ Tôn Chủ Narukami Ogosho: 393316,393316
Camp Bow-Rack: 393317,"Giá Treo Cung - ""Hưởng Vũ"": 393317",393317
Camp Spear-Rack: 393318,"Giá Đựng Thương - ""Mũi Nhọn"": 393318",393318
Camp Bonfire: 393319,"Lửa Trại - ""Huy Hoàng"": 393319",393319
Camp Barricade: 393320,"Rào Chắn - ""Ngăn Cách"": 393320",393320
Sky Kitsune Statue: 393321,"Tượng Thiên Hồ - ""Trấn Vật Seirai"": 393321",393321
High-Flying Fish Flag: 393322,Cờ Cá Sắc Màu: 393322,393322
Maple Wood Tanuki: 393323,Búp Bê Tanuki: 393323,393323
Maple Wood White Kitsune: 393324,Búp Bê Kitsune: 393324,393324
Red-Iron Coral: 393325,"""San Hô Sắt Đỏ"": 393325",393325
Glowstone Parasol: 393326,"""Dù Đá"": 393326",393326
Shrine Statue: 393327,"Tượng Đền Thần - ""Trấn Vật Seirai"": 393327",393327
Village Well: 393328,"Giếng Nước Thôn Quê - ""Nước Ngầm"": 393328",393328
"Yumemiru ""Seiken"" Offering Box: 393329","Hòm Công Đức ""Seiken"" Gỗ Mơ Mộng: 393329",393329
Ancestral Sword Rack: 393330,"Giá Để Đao -""Mài Sắt"": 393330",393330
The Bamboo's Call: 393331,"""Tiếng Vọng Của Tre Nước"": 393331",393331
"""Henji"" Aralia Noticeboard: 393332","Bảng Thông Báo Khổng Tước ""Henji"": 393332",393332
Village Well: 393333,Giếng Nước Thôn Quê - Kho Báu Chôn Giấu: 393333,393333
Rainbow Lights: 393337,Đèn Cầu Vồng - Cảnh Đêm Yên Bình: 393337,393337
Rainbow Cloud Flying Satin Pole: 393338,Tường Vân Uyển Hồng Phi Đoạn Trụ Y: 393338,393338
Gold-Inscribed Evil-Cleansing Banner: 393339,Kim Văn Vũ Tiết Trừ Túy Đan Kỳ: 393339,393339
Tanuki Hugs Photo Board: 393343,Bảng Chụp Ảnh Tanuki Ôm Ấp: 393343,393343
"""Kitsune Guuji"" Exclusive Painted Flag Banner: 393344","Cờ Tranh ""Guuji Hồ Ly"" Giới Hạn: 393344",393344
Pear Orchard Screen: 393346,Bình Phong Đoàn Kịch - Lên Đài: 393346,393346
Pear Orchard Screen: 393347,Bình Phong Đoàn Kịch - Xuống Đài: 393347,393347
Dodoco's Travel Bag: 393350,Hành Trang Lên Đường Của Dodoco: 393350,393350
Dodoco's Dodo Stove: 393351,Lò Dodo Của Dodoco: 393351,393351
Dodoco's Beach Nap: 393352,Giấc Ngủ Trên Bãi Biển Của Dodoco: 393352,393352
Dodoco's Collection Cupboard: 393353,Tủ Sưu Tầm Của Dodoco: 393353,393353
Dodoco's Sunshade Umbrella: 393354,Chiếc Ô Mát Mẻ Của Dodoco: 393354,393354
Fisherman's Craftsmanship: 393355,Tay Nghề Khéo Léo Của Ngư Dân: 393355,393355
The Essentials: 393356,Vật Không Thể Thiếu: 393356,393356
The Eremites' Flame of Vigor: 393357,Ngọn Lửa Uy Nghi Của Lữ Đoàn: 393357,393357
Embodiment of Warfare: 393358,Hiện Thân Của Công Kích: 393358,393358
Steel Stopper: 393359,Trụ Sắt Chặn Đường: 393359,393359
The Eremites' Odyssey: 393360,Cuộc Chinh Phục Của Lữ Đoàn: 393360,393360
The Eremites' Fame: 393361,Thanh Danh Lữ Đoàn: 393361,393361
An Elegant Voice: 393362,Chất Giọng Tao Nhã: 393362,393362
A Mellow Voice: 393363,Âm Thanh Êm Dịu: 393363,393363
Karmaphala Three-Ply Noticeboard: 393364,Bảng Quảng Cáo Karmaphala Ba Mặt: 393364,393364
Tea-Break Shade: 393365,Bóng Râm Thưởng Trà: 393365,393365
Propitious Screen: 393366,Bình Phong Cát Tường - Núi Mù Sương: 393366,393366
Propitious Screen: 393367,Bình Phong Cát Tường - Tung Cánh Sóng Xanh: 393367,393367
Propitious Screen: 393368,Bình Phong Cát Tường - Nhạc Đưa Lá Trúc: 393368,393368
Propitious Screen: 393369,Bình Phong Cát Tường - Khúc Xưa Vang Vọng: 393369,393369
Propitious Screen: 393370,Bình Phong Cát Tường - Mây Mù Bủa Vây: 393370,393370
Propitious Screen: 393371,Bình Phong Cát Tường - Giai Điệu Ngân Xa: 393371,393371
"""Trumpet and Firewood"": 393372",Tù Và Với Củi Đốt: 393372,393372
Wrought Iron Carved Street Light: 393401,Đèn Đường Khắc Hoa: 393401,393401
Pine Street Light: 393402,Đèn Đường Ngoại Ô: 393402,393402
Evil-Repelling Lantern: 393403,Đèn Đuổi Tà - Soi Sáng Xung Quanh: 393403,393403
Four Corners Lantern: 393404,Đèn Bốn Mặt - Tình Bạn Phương Xa: 393404,393404
Shadow Lamp: 393405,Đèn Sáng Rực - Mặc Ảnh: 393405,393405
Stone Lantern: 393406,Đèn Lồng Đá - Ánh Sáng Bất Động: 393406,393406
"""Three Reaches Bright"": 393407",Chiếu Sáng Ba Thước: 393407,393407
"Whitestone ""Meichuu"" Standing Lamp: 393408",Trụ Đèn Đá Trắng: 393408,393408
"Otogi ""Meichuu"" Standing Lamp: 393409",Trụ Đèn Gỗ Otogi: 393409,393409
Five-Lantern Festival Gate: 393410,Cổng Tế Lễ Ngũ Trùng Đăng: 393410,393410
"Yumemiru ""Kuukai"" Street Lamp: 393411","Đèn Đường ""Kuukai"" Gỗ Mơ Mộng: 393411",393411
"Yumemiru ""Juunen"" Street Lamp: 393412","Đèn Đường ""Juunen"" Gỗ Mơ Mộng: 393412",393412
White Fish Tallow Candle: 393413,"Nến Dầu Cá - ""Ánh Sáng"": 393413",393413
Otogi Countryside Street Lamp: 393414,Đèn Đường Otogi - Ngoại Thành: 393414,393414
Simple Otogi Street Lamp: 393415,Đèn Đường Otogi - Đơn Giản: 393415,393415
"Aralia ""Renzou"" Street Lamp: 393416","Đèn Đường ""Renzou"" Gỗ Khổng Tước: 393416",393416
Pool of Sapphire Grace: 393601,Hồ Linh Vân: 393601,393601
Shaded Clarity: 393602,"""Sóng Nước Du Ảnh"": 393602",393602
Weathered Bamboo Fence: 394101,Hàng Rào Trúc Sờn Cũ: 394101,394101
Sturdy Pine Fence: 394102,Hàng Rào Gỗ Thông: 394102,394102
Wooden Hilichurl Fence: 394103,Hàng Rào Gỗ Hilichurl: 394103,394103
Hilichurl Totem Fence: 394104,Hàng Rào Vật Tổ Hilichurl: 394104,394104
Lush Grapevine: 394105,Dây Nho Xanh Ngát: 394105,394105
Newly Grown Grapevines: 394106,Dây Nho Non: 394106,394106
Simple Wooden Fence: 394107,Hàng Rào Gỗ Giản Dị: 394107,394107
Half-Constructed Fence: 394108,Hàng Rào Gần Xong: 394108,394108
The Fruit Farmer's Thrift: 394109,"""Nông Dân Cần Kiệm"": 394109",394109
"""Kyuukou"" Otogi Flower Terrace: 394110","Bồn Hoa Otogi ""Kyuukou"": 394110",394110
"""Sanzai"" Otogi Flower Terrace: 394111","Bồn Hoa Otogi ""Sanzai"": 394111",394111
Smooth Wooden Bench: 394201,Ghế Gỗ Dài: 394201,394201
Smooth Stone Bench: 394202,Ghế Đá Dài: 394202,394202
Googol Chair: 394203,Ghế Googol: 394203,394203
Square Yumemiru Stool: 394204,Ghế Gỗ Mơ Mộng: 394204,394204
"Otogi ""Rakushi"" Square Stool: 394205","Ghế Gỗ Otogi ""Rakushi"": 394205",394205
Pear Orchard Seat: 394207,Ghế Đoàn Kịch - Tập Hợp Niềm Vui: 394207,394207
Two-Story Hilichurl Sentry Tower: 394301,Tháp Canh Hilichurl Hai Tầng: 394301,394301
Doorless Pine Cupboard: 394302,Tủ Bếp Gỗ Thông: 394302,394302
Heavy Fir Forging Table: 394303,Bệ Đúc Hạng Nặng: 394303,394303
Long Pine Table: 394304,Bàn Dài Rộng Rãi: 394304,394304
Large Stone Mill: 394305,Cối Xay Lớn: 394305,394305
Alchemist's Crafting Bench: 394306,Đài Giả Kim: 394306,394306
Two-Tier Vendor's Booth: 394307,Gian Hàng Đôi - Cao Vời Vợi: 394307,394307
Bamboo Outdoor Tea Table: 394308,Bàn Trà Trúc Lộ Thiên: 394308,394308
Wooden Outdoor Tea Table: 394309,Bàn Trà Gỗ Lộ Thiên: 394309,394309
"""Summer Forest Banquet"": 394310",Tiệc Rừng Mùa Hạ: 394310,394310
Googol Table: 394311,Bàn Googol: 394311,394311
Long Yumemiru Table: 394312,Bàn Dài Mơ Mộng: 394312,394312
"Otogi ""Rakushi"" Square Table: 394313","Bàn Gỗ Otogi ""Rakushi"": 394313",394313
Pear Orchard Seat: 394315,Ghế Đoàn Kịch - Hương Trà Trong Nhạc: 394315,394315
Pear Orchard Accessory: 394316,Phụ Kiện Đoàn Kịch - Tạm Nghe Phân Giải: 394316,394316
Karmaphala Display Table: 394317,Bàn Trưng Bày Bằng Gỗ Karmaphala: 394317,394317
Wine Shop Display Counter: 394401,Tủ Rượu - Uống Cạn Trăm Ly: 394401,394401
Crude Double-Decker Pallet: 394402,Ván 2 Tầng Tránh Sóng: 394402,394402
"""Cradle of Flowers"": 394403",Cội Nguồn Biển Hoa: 394403,394403
"""The Blue Ocean's Treasure"": 394404",Kho Báu Biển Xanh: 394404,394404
Foundations of Stone: 394501,"Nền Đá - ""Tu Tâm Dưỡng Tính"": 394501",394501
Foundations of Stone: 394502,"Nền Đá - ""Mưa Rào Giải Hạn"": 394502",394502
Foundations of Stone: 394503,"Nền Đá - ""Thần Tốc"": 394503",394503
Of Fields Green: 394504,Khu Vườn Xanh Ngát - Con Đường Bánh Quy: 394504,394504
Foundations of Stone: 394505,"Nền Đá - ""Rộng Lớn"": 394505",394505
Liyue Estate: 3750102,Nhà Cổ Liyue - Gác Họa Lầu Son: 3750102,3750102
